	CHEMBL101	CHEMBL1064	CHEMBL107	CHEMBL108	CHEMBL1089221	CHEMBL109	CHEMBL11	CHEMBL112	CHEMBL113	CHEMBL1177	CHEMBL12	CHEMBL1200688	CHEMBL1200714	CHEMBL1201082	CHEMBL1201088	CHEMBL1201089	CHEMBL1201093	CHEMBL1201097	CHEMBL1201288	CHEMBL123292	CHEMBL130	CHEMBL1314	CHEMBL1381098	CHEMBL139	CHEMBL1395	CHEMBL1411979	CHEMBL1430	CHEMBL1431	CHEMBL1440	CHEMBL1479	CHEMBL1503	CHEMBL154	CHEMBL1542	CHEMBL1560	CHEMBL1566	CHEMBL15770	CHEMBL159226	CHEMBL16	CHEMBL16068	CHEMBL16073	CHEMBL1609891	CHEMBL1628227	CHEMBL164290	CHEMBL165908	CHEMBL1697693	CHEMBL1697694	CHEMBL1697830	CHEMBL1697856	CHEMBL1790041	CHEMBL190	CHEMBL19224	CHEMBL193	CHEMBL20	CHEMBL203187	CHEMBL2037000	CHEMBL2105617	CHEMBL228514	CHEMBL23	CHEMBL232201	CHEMBL23832	CHEMBL25	CHEMBL26	CHEMBL267345	CHEMBL27	CHEMBL273386	CHEMBL2766015	CHEMBL288958	CHEMBL295416	CHEMBL295698	CHEMBL30	CHEMBL35	CHEMBL351487	CHEMBL374478	CHEMBL384467	CHEMBL388590	CHEMBL40	CHEMBL415	CHEMBL42	CHEMBL421	CHEMBL429	CHEMBL429023	CHEMBL44657	CHEMBL44814	CHEMBL44884	CHEMBL457	CHEMBL459	CHEMBL472	CHEMBL479	CHEMBL49	CHEMBL498	CHEMBL502074	CHEMBL502682	CHEMBL505	CHEMBL505513	CHEMBL514	CHEMBL517	CHEMBL521	CHEMBL521035	CHEMBL54	CHEMBL54349	CHEMBL562	CHEMBL56367	CHEMBL565	CHEMBL572	CHEMBL578	CHEMBL599	CHEMBL6	CHEMBL606759	CHEMBL623	CHEMBL629	CHEMBL633	CHEMBL637	CHEMBL64	CHEMBL643	CHEMBL646	CHEMBL6466	CHEMBL672	CHEMBL686	CHEMBL691	CHEMBL695	CHEMBL71	CHEMBL726	CHEMBL75880	CHEMBL782	CHEMBL8	CHEMBL806	CHEMBL822	CHEMBL83	CHEMBL833	CHEMBL843	CHEMBL85728	CHEMBL869	CHEMBL88	CHEMBL896	CHEMBL902	CHEMBL92401	CHEMBL95	CHEMBL964	CHEMBL986
CHEMBL101	0.0	0.7	0.63	0.31	0.51	0.78	0.33	0.4	0.73	0.53	0.39	0.78	0.49	0.6	0.35	0.58	0.81	0.73	0.56	0.71	0.52	0.81	0.45	0.42	0.69	0.58	0.82	0.92	0.58	0.59	0.63	0.62	0.81	0.72	0.75	0.56	0.63	0.37	0.63	0.43	0.83	0.6	0.85	0.84	0.94	0.65	0.7	0.44	0.61	0.74	0.58	0.45	0.83	0.84	0.82	0.5	0.73	0.48	0.63	0.39	0.64	0.55	0.71	0.63	0.55	0.77	0.88	0.53	0.59	0.81	0.59	0.45	0.62	0.72	0.66	0.41	0.39	0.48	0.59	0.54	0.66	0.68	1.0	0.82	0.63	0.59	0.58	0.45	0.63	0.59	0.65	0.55	0.49	0.68	0.76	0.4	0.53	0.68	0.56	0.5	0.69	0.57	0.66	0.6	0.48	0.62	0.54	0.86	0.49	0.51	0.61	0.57	0.48	0.42	0.52	0.64	0.64	0.41	0.64	0.78	0.45	0.46	0.76	0.54	0.48	0.34	0.48	0.61	0.56	0.57	0.39	0.59	0.86	0.51	0.79	0.46	0.47	0.87	0.71
CHEMBL1064	0.7	0.0	0.7	0.75	0.74	0.57	0.74	0.73	0.89	0.61	0.75	0.49	0.73	0.66	0.73	0.49	0.73	0.63	0.74	0.51	0.68	0.81	0.75	0.65	0.39	0.86	0.74	0.94	0.61	0.63	0.81	0.53	0.94	0.75	0.57	0.52	0.6	0.67	0.79	0.74	0.77	0.63	0.91	0.83	0.95	0.56	0.41	0.68	0.78	0.9	0.73	0.6	0.9	0.77	0.67	0.64	0.86	0.67	0.59	0.65	0.55	0.7	0.36	0.63	0.77	0.68	0.92	0.76	0.75	0.92	0.73	0.74	0.67	0.36	0.62	0.61	0.76	0.79	0.72	0.6	0.57	0.56	1.0	0.79	0.52	0.58	0.69	0.8	0.76	0.79	0.58	0.72	0.77	0.6	0.86	0.7	0.44	0.49	0.6	0.78	0.63	0.78	0.67	0.81	0.55	0.75	0.7	0.72	0.77	0.67	0.61	0.6	0.8	0.79	0.81	0.62	0.57	0.64	0.59	0.81	0.81	0.73	0.74	0.73	0.65	0.74	0.69	0.63	0.79	0.71	0.73	0.8	0.86	0.66	0.91	0.79	0.77	0.9	0.45
CHEMBL107	0.63	0.7	0.0	0.62	0.56	0.84	0.61	0.52	0.85	0.5	0.61	0.72	0.61	0.39	0.63	0.5	0.8	0.66	0.5	0.7	0.5	0.81	0.66	0.62	0.71	0.76	0.83	0.92	0.37	0.62	0.61	0.46	0.89	0.78	0.62	0.63	0.4	0.59	0.74	0.46	0.84	0.37	0.9	0.87	0.91	0.43	0.7	0.49	0.53	0.84	0.43	0.51	0.88	0.85	0.81	0.58	0.8	0.46	0.5	0.57	0.47	0.4	0.62	0.35	0.63	0.8	0.9	0.68	0.57	0.87	0.55	0.65	0.48	0.68	0.53	0.58	0.64	0.66	0.61	0.4	0.39	0.44	1.0	0.8	0.45	0.42	0.43	0.7	0.78	0.64	0.43	0.64	0.67	0.6	0.78	0.62	0.6	0.62	0.53	0.7	0.43	0.56	0.52	0.58	0.48	0.63	0.53	0.76	0.57	0.56	0.45	0.38	0.67	0.69	0.72	0.46	0.46	0.55	0.53	0.81	0.72	0.68	0.74	0.57	0.58	0.61	0.58	0.43	0.68	0.53	0.63	0.6	0.85	0.59	0.88	0.63	0.69	0.89	0.74
CHEMBL108	0.31	0.75	0.62	0.0	0.53	0.84	0.21	0.4	0.76	0.52	0.32	0.83	0.48	0.56	0.29	0.6	0.85	0.8	0.58	0.76	0.48	0.84	0.33	0.36	0.76	0.54	0.85	0.88	0.62	0.66	0.6	0.64	0.8	0.81	0.74	0.61	0.63	0.36	0.6	0.44	0.86	0.56	0.87	0.87	0.91	0.7	0.77	0.48	0.63	0.76	0.57	0.45	0.85	0.87	0.85	0.48	0.71	0.5	0.68	0.35	0.66	0.59	0.75	0.6	0.55	0.78	0.87	0.44	0.58	0.79	0.58	0.39	0.65	0.78	0.7	0.42	0.29	0.36	0.56	0.56	0.71	0.72	1.0	0.83	0.65	0.59	0.58	0.43	0.65	0.54	0.64	0.57	0.45	0.7	0.74	0.42	0.57	0.75	0.58	0.52	0.73	0.55	0.68	0.64	0.53	0.59	0.57	0.85	0.52	0.44	0.66	0.56	0.47	0.4	0.45	0.61	0.67	0.38	0.65	0.84	0.45	0.41	0.74	0.44	0.48	0.29	0.43	0.58	0.51	0.57	0.26	0.64	0.85	0.47	0.77	0.47	0.35	0.87	0.71
CHEMBL1089221	0.51	0.74	0.56	0.53	0.0	0.84	0.52	0.52	0.75	0.54	0.5	0.77	0.65	0.5	0.51	0.53	0.85	0.77	0.48	0.81	0.55	0.86	0.57	0.51	0.78	0.61	0.86	0.93	0.6	0.57	0.44	0.55	0.75	0.81	0.7	0.65	0.52	0.61	0.77	0.45	0.86	0.5	0.9	0.86	0.95	0.57	0.77	0.46	0.59	0.76	0.38	0.54	0.88	0.87	0.83	0.52	0.83	0.44	0.54	0.47	0.56	0.54	0.69	0.47	0.58	0.86	0.93	0.52	0.46	0.79	0.48	0.6	0.48	0.77	0.57	0.66	0.55	0.55	0.48	0.56	0.59	0.59	1.0	0.85	0.54	0.58	0.57	0.62	0.66	0.73	0.58	0.5	0.52	0.7	0.85	0.5	0.64	0.64	0.6	0.53	0.6	0.53	0.55	0.54	0.58	0.58	0.37	0.82	0.44	0.66	0.51	0.49	0.55	0.61	0.52	0.53	0.54	0.49	0.64	0.83	0.63	0.56	0.83	0.68	0.55	0.57	0.62	0.5	0.63	0.43	0.59	0.54	0.88	0.57	0.8	0.55	0.44	0.91	0.77
CHEMBL109	0.78	0.57	0.84	0.84	0.84	0.0	0.85	0.82	0.88	0.77	0.85	0.63	0.81	0.83	0.85	0.72	0.58	0.7	0.86	0.59	0.82	0.68	0.87	0.76	0.6	0.93	0.5	0.89	0.8	0.79	0.9	0.72	0.94	0.58	0.78	0.68	0.77	0.79	0.89	0.86	0.59	0.82	0.82	0.82	0.9	0.78	0.63	0.82	0.85	0.89	0.88	0.76	0.85	0.59	0.65	0.83	0.93	0.82	0.79	0.75	0.71	0.83	0.67	0.82	0.87	0.69	0.86	0.84	0.88	0.91	0.84	0.85	0.85	0.67	0.81	0.76	0.87	0.88	0.84	0.79	0.82	0.78	1.0	0.69	0.7	0.72	0.84	0.9	0.82	0.86	0.76	0.85	0.88	0.78	0.79	0.83	0.58	0.66	0.77	0.87	0.82	0.89	0.79	0.89	0.72	0.85	0.83	0.75	0.89	0.81	0.82	0.77	0.88	0.9	0.91	0.76	0.77	0.75	0.78	0.7	0.91	0.86	0.73	0.8	0.79	0.8	0.84	0.82	0.88	0.84	0.85	0.88	0.83	0.82	0.9	0.86	0.89	0.81	0.64
CHEMBL11	0.33	0.74	0.61	0.21	0.52	0.85	0.0	0.48	0.8	0.58	0.29	0.79	0.49	0.53	0.17	0.55	0.87	0.8	0.61	0.79	0.5	0.87	0.32	0.41	0.74	0.53	0.87	0.89	0.61	0.63	0.61	0.64	0.82	0.82	0.73	0.6	0.59	0.46	0.6	0.5	0.87	0.49	0.84	0.86	0.91	0.69	0.75	0.53	0.65	0.81	0.52	0.45	0.92	0.89	0.87	0.43	0.71	0.47	0.67	0.4	0.67	0.6	0.74	0.58	0.56	0.8	0.92	0.5	0.59	0.8	0.6	0.38	0.64	0.76	0.69	0.49	0.12	0.31	0.6	0.54	0.69	0.71	1.0	0.82	0.66	0.6	0.6	0.35	0.68	0.6	0.62	0.56	0.36	0.71	0.8	0.39	0.56	0.72	0.54	0.53	0.72	0.58	0.7	0.69	0.53	0.63	0.57	0.87	0.53	0.32	0.62	0.49	0.5	0.32	0.43	0.64	0.66	0.41	0.62	0.86	0.36	0.37	0.68	0.5	0.47	0.37	0.31	0.52	0.48	0.6	0.26	0.68	0.86	0.41	0.82	0.49	0.33	0.81	0.67
CHEMBL112	0.4	0.73	0.52	0.4	0.52	0.82	0.48	0.0	0.78	0.51	0.49	0.82	0.56	0.49	0.49	0.58	0.8	0.76	0.53	0.71	0.4	0.77	0.54	0.4	0.75	0.63	0.81	0.92	0.52	0.62	0.55	0.55	0.83	0.76	0.66	0.63	0.55	0.52	0.64	0.15	0.81	0.53	0.89	0.87	0.91	0.63	0.75	0.18	0.53	0.78	0.52	0.49	0.84	0.8	0.81	0.52	0.74	0.46	0.58	0.34	0.52	0.49	0.7	0.51	0.3	0.78	0.89	0.55	0.55	0.82	0.51	0.54	0.59	0.77	0.61	0.54	0.52	0.55	0.5	0.43	0.65	0.64	1.0	0.77	0.52	0.43	0.53	0.54	0.73	0.58	0.49	0.59	0.59	0.68	0.78	0.53	0.56	0.7	0.55	0.63	0.67	0.43	0.53	0.53	0.53	0.57	0.5	0.77	0.46	0.62	0.6	0.46	0.55	0.5	0.63	0.53	0.61	0.36	0.54	0.82	0.54	0.55	0.81	0.57	0.5	0.39	0.59	0.54	0.64	0.52	0.47	0.52	0.85	0.59	0.81	0.53	0.54	0.89	0.72
CHEMBL113	0.73	0.89	0.85	0.76	0.75	0.88	0.8	0.78	0.0	0.82	0.72	0.85	0.79	0.88	0.78	0.86	0.85	0.78	0.75	0.82	0.82	0.78	0.86	0.82	0.87	0.61	0.84	0.81	0.84	0.78	0.65	0.9	0.45	0.75	0.86	0.88	0.87	0.72	0.93	0.79	0.84	0.87	0.87	0.84	0.94	0.89	0.87	0.8	0.78	0.09	0.75	0.83	0.75	0.84	0.86	0.78	0.94	0.8	0.88	0.79	0.89	0.8	0.87	0.88	0.86	0.86	0.85	0.65	0.64	0.46	0.81	0.85	0.8	0.88	0.88	0.76	0.81	0.73	0.71	0.84	0.88	0.9	1.0	0.81	0.9	0.87	0.83	0.8	0.48	0.81	0.91	0.7	0.7	0.75	0.79	0.65	0.88	0.83	0.84	0.51	0.89	0.87	0.89	0.74	0.78	0.63	0.73	0.88	0.72	0.87	0.85	0.87	0.68	0.79	0.66	0.9	0.9	0.79	0.91	0.75	0.81	0.8	0.86	0.81	0.77	0.77	0.86	0.88	0.83	0.66	0.86	0.81	0.84	0.82	0.64	0.66	0.74	0.87	0.9
CHEMBL1177	0.53	0.61	0.5	0.52	0.54	0.77	0.58	0.51	0.82	0.0	0.58	0.72	0.55	0.43	0.56	0.38	0.76	0.68	0.52	0.65	0.47	0.82	0.56	0.5	0.66	0.7	0.8	0.87	0.51	0.61	0.64	0.45	0.88	0.78	0.67	0.52	0.45	0.41	0.64	0.48	0.82	0.46	0.89	0.82	0.92	0.51	0.65	0.49	0.55	0.82	0.6	0.47	0.82	0.83	0.77	0.59	0.74	0.46	0.52	0.46	0.46	0.46	0.59	0.49	0.58	0.76	0.88	0.62	0.58	0.85	0.56	0.58	0.6	0.65	0.55	0.39	0.62	0.62	0.6	0.44	0.54	0.57	1.0	0.82	0.46	0.42	0.5	0.69	0.71	0.6	0.48	0.62	0.65	0.66	0.8	0.55	0.42	0.6	0.46	0.62	0.54	0.56	0.49	0.58	0.41	0.58	0.57	0.77	0.57	0.55	0.48	0.43	0.59	0.68	0.66	0.46	0.46	0.47	0.56	0.75	0.7	0.63	0.8	0.52	0.57	0.53	0.57	0.44	0.62	0.52	0.52	0.55	0.84	0.54	0.81	0.59	0.61	0.9	0.67
CHEMBL12	0.39	0.75	0.61	0.32	0.5	0.85	0.29	0.49	0.72	0.58	0.0	0.8	0.4	0.58	0.29	0.59	0.84	0.75	0.55	0.77	0.48	0.81	0.43	0.38	0.75	0.55	0.85	0.89	0.61	0.62	0.6	0.66	0.8	0.78	0.75	0.63	0.62	0.45	0.68	0.51	0.86	0.57	0.87	0.86	0.93	0.7	0.72	0.55	0.66	0.74	0.53	0.5	0.88	0.86	0.86	0.48	0.69	0.48	0.68	0.47	0.69	0.59	0.75	0.62	0.62	0.8	0.89	0.45	0.5	0.79	0.55	0.48	0.61	0.77	0.7	0.52	0.24	0.26	0.59	0.56	0.71	0.72	0.99	0.82	0.68	0.62	0.52	0.49	0.61	0.54	0.66	0.51	0.32	0.71	0.77	0.38	0.6	0.74	0.5	0.41	0.67	0.62	0.64	0.62	0.51	0.59	0.48	0.87	0.45	0.47	0.64	0.56	0.49	0.44	0.31	0.66	0.61	0.47	0.67	0.82	0.41	0.45	0.75	0.54	0.5	0.4	0.46	0.58	0.48	0.57	0.41	0.64	0.84	0.38	0.81	0.47	0.4	0.86	0.72
CHEMBL1200688	0.78	0.49	0.72	0.83	0.77	0.63	0.79	0.82	0.85	0.72	0.8	0.0	0.79	0.74	0.8	0.51	0.66	0.44	0.79	0.49	0.73	0.74	0.86	0.74	0.65	0.89	0.68	0.89	0.62	0.73	0.85	0.73	0.91	0.63	0.44	0.73	0.67	0.77	0.93	0.82	0.71	0.73	0.85	0.75	0.91	0.66	0.67	0.76	0.8	0.86	0.79	0.7	0.88	0.72	0.79	0.7	0.96	0.71	0.73	0.74	0.73	0.74	0.29	0.68	0.85	0.84	0.89	0.83	0.76	0.89	0.75	0.85	0.66	0.61	0.75	0.75	0.81	0.84	0.78	0.63	0.68	0.62	1.0	0.68	0.71	0.69	0.75	0.83	0.77	0.85	0.78	0.71	0.82	0.48	0.78	0.76	0.69	0.43	0.68	0.82	0.7	0.84	0.79	0.86	0.6	0.81	0.77	0.5	0.79	0.77	0.67	0.68	0.85	0.84	0.86	0.8	0.7	0.73	0.79	0.7	0.85	0.78	0.67	0.8	0.7	0.82	0.79	0.72	0.84	0.74	0.84	0.86	0.8	0.67	0.91	0.83	0.86	0.83	0.75
CHEMBL1200714	0.49	0.73	0.61	0.48	0.65	0.81	0.49	0.56	0.79	0.55	0.4	0.79	0.0	0.58	0.51	0.58	0.81	0.7	0.65	0.73	0.53	0.74	0.54	0.49	0.75	0.59	0.8	0.91	0.62	0.68	0.63	0.65	0.83	0.71	0.73	0.52	0.6	0.47	0.65	0.58	0.74	0.58	0.86	0.83	0.92	0.69	0.71	0.6	0.59	0.81	0.64	0.58	0.8	0.77	0.83	0.59	0.66	0.52	0.68	0.56	0.64	0.5	0.73	0.62	0.67	0.77	0.88	0.51	0.59	0.82	0.56	0.57	0.7	0.77	0.7	0.45	0.42	0.5	0.63	0.57	0.7	0.72	0.99	0.83	0.64	0.6	0.47	0.51	0.69	0.39	0.64	0.6	0.47	0.71	0.76	0.53	0.56	0.71	0.44	0.53	0.67	0.63	0.59	0.69	0.51	0.6	0.6	0.85	0.57	0.49	0.64	0.55	0.56	0.5	0.58	0.62	0.59	0.57	0.66	0.78	0.44	0.5	0.75	0.4	0.59	0.49	0.46	0.59	0.3	0.59	0.53	0.7	0.8	0.37	0.8	0.56	0.59	0.83	0.72
CHEMBL1201082	0.6	0.66	0.39	0.56	0.5	0.83	0.53	0.49	0.88	0.43	0.58	0.74	0.58	0.0	0.54	0.42	0.79	0.71	0.52	0.71	0.5	0.83	0.59	0.55	0.72	0.72	0.84	0.9	0.49	0.62	0.57	0.4	0.89	0.83	0.6	0.56	0.32	0.55	0.66	0.38	0.84	0.21	0.87	0.83	0.89	0.45	0.72	0.4	0.49	0.87	0.48	0.53	0.88	0.85	0.79	0.58	0.74	0.43	0.44	0.51	0.43	0.43	0.6	0.24	0.58	0.79	0.9	0.66	0.53	0.85	0.51	0.6	0.57	0.69	0.48	0.54	0.56	0.59	0.61	0.38	0.46	0.5	1.0	0.77	0.38	0.44	0.42	0.64	0.79	0.59	0.38	0.66	0.62	0.67	0.78	0.61	0.54	0.64	0.45	0.69	0.5	0.46	0.43	0.58	0.48	0.62	0.56	0.76	0.49	0.46	0.38	0.22	0.67	0.63	0.67	0.36	0.38	0.52	0.47	0.85	0.64	0.57	0.71	0.51	0.58	0.56	0.5	0.19	0.6	0.5	0.53	0.57	0.8	0.51	0.87	0.64	0.63	0.87	0.66
CHEMBL1201088	0.35	0.73	0.63	0.29	0.51	0.85	0.17	0.49	0.78	0.56	0.29	0.8	0.51	0.54	0.0	0.56	0.88	0.81	0.58	0.8	0.5	0.88	0.32	0.45	0.73	0.51	0.88	0.86	0.61	0.61	0.59	0.64	0.79	0.84	0.73	0.6	0.6	0.46	0.6	0.52	0.88	0.52	0.86	0.88	0.92	0.69	0.74	0.54	0.66	0.79	0.49	0.48	0.91	0.9	0.87	0.47	0.71	0.51	0.67	0.45	0.67	0.62	0.74	0.59	0.57	0.8	0.92	0.5	0.57	0.77	0.62	0.35	0.63	0.75	0.69	0.5	0.26	0.34	0.58	0.56	0.69	0.7	1.0	0.84	0.66	0.6	0.61	0.38	0.65	0.61	0.62	0.56	0.32	0.73	0.81	0.36	0.56	0.74	0.55	0.51	0.72	0.58	0.7	0.68	0.55	0.62	0.56	0.88	0.52	0.35	0.63	0.5	0.48	0.35	0.42	0.64	0.66	0.45	0.62	0.86	0.4	0.4	0.69	0.52	0.48	0.41	0.34	0.52	0.5	0.59	0.22	0.67	0.88	0.43	0.78	0.47	0.31	0.84	0.67
CHEMBL1201089	0.58	0.49	0.5	0.6	0.53	0.72	0.55	0.58	0.86	0.38	0.59	0.51	0.58	0.42	0.56	0.0	0.75	0.65	0.6	0.65	0.5	0.79	0.62	0.53	0.63	0.74	0.76	0.91	0.4	0.6	0.68	0.42	0.9	0.74	0.56	0.47	0.35	0.55	0.67	0.57	0.78	0.38	0.88	0.8	0.93	0.45	0.62	0.52	0.59	0.87	0.58	0.47	0.89	0.79	0.73	0.56	0.76	0.44	0.46	0.49	0.41	0.52	0.44	0.4	0.62	0.78	0.91	0.67	0.58	0.89	0.56	0.61	0.54	0.58	0.49	0.54	0.59	0.65	0.6	0.42	0.46	0.45	1.0	0.78	0.39	0.43	0.53	0.67	0.76	0.64	0.45	0.59	0.64	0.6	0.84	0.6	0.4	0.4	0.42	0.68	0.48	0.6	0.47	0.66	0.4	0.61	0.57	0.71	0.58	0.47	0.39	0.36	0.68	0.65	0.69	0.46	0.39	0.49	0.51	0.75	0.68	0.59	0.78	0.57	0.56	0.63	0.53	0.34	0.63	0.55	0.59	0.65	0.85	0.46	0.89	0.67	0.67	0.87	0.64
CHEMBL1201093	0.81	0.73	0.8	0.85	0.85	0.58	0.87	0.8	0.85	0.76	0.84	0.66	0.81	0.79	0.88	0.75	0.0	0.67	0.82	0.63	0.8	0.57	0.9	0.79	0.77	0.9	0.47	0.81	0.8	0.82	0.88	0.81	0.91	0.55	0.74	0.81	0.79	0.79	0.91	0.8	0.56	0.83	0.74	0.7	0.74	0.83	0.78	0.8	0.76	0.83	0.86	0.76	0.8	0.5	0.68	0.85	0.94	0.81	0.84	0.79	0.81	0.8	0.7	0.82	0.86	0.73	0.78	0.85	0.87	0.87	0.8	0.88	0.84	0.8	0.85	0.78	0.87	0.88	0.85	0.79	0.85	0.85	0.98	0.65	0.8	0.74	0.81	0.89	0.83	0.8	0.86	0.83	0.89	0.76	0.69	0.83	0.77	0.69	0.79	0.87	0.85	0.83	0.79	0.82	0.69	0.86	0.84	0.6	0.85	0.86	0.81	0.8	0.84	0.88	0.9	0.83	0.81	0.79	0.89	0.64	0.88	0.88	0.74	0.8	0.77	0.82	0.86	0.83	0.88	0.83	0.86	0.8	0.68	0.83	0.87	0.82	0.9	0.78	0.83
CHEMBL1201097	0.73	0.63	0.66	0.8	0.77	0.7	0.8	0.76	0.78	0.68	0.75	0.44	0.7	0.71	0.81	0.65	0.67	0.0	0.71	0.46	0.64	0.6	0.85	0.73	0.71	0.81	0.66	0.87	0.62	0.75	0.75	0.78	0.82	0.46	0.51	0.72	0.73	0.68	0.94	0.76	0.61	0.76	0.84	0.74	0.88	0.76	0.71	0.71	0.67	0.77	0.78	0.69	0.78	0.62	0.83	0.66	0.95	0.63	0.79	0.74	0.78	0.63	0.51	0.67	0.84	0.86	0.85	0.77	0.72	0.76	0.68	0.85	0.68	0.69	0.8	0.72	0.81	0.79	0.76	0.61	0.75	0.72	1.0	0.6	0.77	0.69	0.68	0.79	0.72	0.77	0.8	0.58	0.81	0.43	0.69	0.74	0.75	0.52	0.7	0.76	0.76	0.79	0.83	0.77	0.45	0.73	0.73	0.5	0.75	0.8	0.73	0.72	0.82	0.78	0.83	0.84	0.77	0.73	0.82	0.68	0.81	0.73	0.64	0.72	0.66	0.76	0.8	0.75	0.77	0.66	0.83	0.82	0.75	0.66	0.81	0.78	0.85	0.8	0.78
CHEMBL1201288	0.56	0.74	0.5	0.58	0.48	0.86	0.61	0.53	0.75	0.52	0.55	0.79	0.65	0.52	0.58	0.6	0.82	0.71	0.0	0.74	0.45	0.84	0.63	0.56	0.75	0.66	0.86	0.92	0.55	0.52	0.53	0.56	0.77	0.79	0.76	0.67	0.55	0.48	0.78	0.47	0.86	0.53	0.9	0.87	0.94	0.55	0.75	0.48	0.4	0.74	0.51	0.43	0.82	0.87	0.84	0.59	0.83	0.47	0.51	0.5	0.51	0.43	0.71	0.54	0.55	0.84	0.87	0.63	0.49	0.81	0.44	0.56	0.46	0.75	0.54	0.56	0.64	0.6	0.51	0.49	0.55	0.61	1.0	0.86	0.56	0.53	0.47	0.69	0.67	0.68	0.59	0.54	0.63	0.66	0.77	0.55	0.63	0.72	0.57	0.58	0.58	0.46	0.62	0.18	0.51	0.55	0.46	0.84	0.45	0.69	0.49	0.53	0.56	0.67	0.59	0.54	0.53	0.5	0.66	0.84	0.7	0.65	0.83	0.63	0.51	0.53	0.67	0.54	0.69	0.43	0.57	0.3	0.89	0.64	0.81	0.55	0.62	0.92	0.8
CHEMBL123292	0.71	0.51	0.7	0.76	0.81	0.59	0.79	0.71	0.82	0.65	0.77	0.49	0.73	0.71	0.8	0.65	0.63	0.46	0.74	0.0	0.67	0.68	0.83	0.68	0.6	0.88	0.69	0.88	0.64	0.72	0.82	0.72	0.9	0.59	0.64	0.72	0.75	0.66	0.91	0.74	0.71	0.75	0.84	0.77	0.87	0.74	0.62	0.67	0.78	0.82	0.78	0.64	0.8	0.72	0.8	0.71	0.94	0.73	0.73	0.68	0.73	0.69	0.54	0.71	0.83	0.8	0.85	0.78	0.79	0.87	0.75	0.81	0.71	0.58	0.75	0.61	0.81	0.8	0.76	0.58	0.72	0.74	1.0	0.64	0.73	0.66	0.7	0.84	0.71	0.8	0.76	0.7	0.81	0.6	0.7	0.73	0.66	0.61	0.66	0.79	0.74	0.82	0.82	0.82	0.56	0.78	0.74	0.63	0.81	0.78	0.71	0.7	0.81	0.84	0.85	0.8	0.73	0.68	0.77	0.72	0.85	0.78	0.58	0.74	0.65	0.72	0.77	0.76	0.82	0.73	0.78	0.84	0.74	0.73	0.88	0.79	0.8	0.83	0.71
CHEMBL130	0.52	0.68	0.5	0.48	0.55	0.82	0.5	0.4	0.82	0.47	0.48	0.73	0.53	0.5	0.5	0.5	0.8	0.64	0.45	0.67	0.0	0.77	0.55	0.42	0.74	0.69	0.8	0.92	0.53	0.59	0.62	0.6	0.82	0.74	0.6	0.63	0.56	0.53	0.71	0.45	0.8	0.56	0.87	0.82	0.91	0.65	0.72	0.44	0.55	0.81	0.56	0.39	0.87	0.81	0.83	0.48	0.76	0.48	0.64	0.42	0.59	0.51	0.63	0.49	0.43	0.82	0.87	0.57	0.54	0.84	0.5	0.46	0.57	0.72	0.66	0.55	0.52	0.55	0.57	0.41	0.66	0.65	0.98	0.73	0.59	0.49	0.51	0.6	0.73	0.58	0.57	0.54	0.58	0.58	0.7	0.54	0.57	0.64	0.5	0.6	0.67	0.48	0.62	0.55	0.43	0.57	0.55	0.72	0.53	0.6	0.61	0.51	0.58	0.59	0.62	0.6	0.61	0.43	0.61	0.82	0.6	0.53	0.76	0.54	0.46	0.39	0.58	0.55	0.61	0.54	0.46	0.56	0.77	0.49	0.84	0.55	0.58	0.89	0.7
CHEMBL1314	0.81	0.81	0.81	0.84	0.86	0.68	0.87	0.77	0.78	0.82	0.81	0.74	0.74	0.83	0.88	0.79	0.57	0.6	0.84	0.68	0.77	0.0	0.9	0.8	0.84	0.86	0.38	0.79	0.82	0.88	0.87	0.86	0.86	0.37	0.73	0.81	0.81	0.78	0.93	0.8	0.44	0.86	0.69	0.67	0.74	0.89	0.85	0.79	0.76	0.76	0.9	0.82	0.71	0.37	0.74	0.87	0.96	0.79	0.9	0.8	0.86	0.78	0.76	0.8	0.89	0.79	0.71	0.8	0.87	0.77	0.8	0.91	0.85	0.86	0.91	0.78	0.88	0.87	0.84	0.78	0.92	0.89	1.0	0.5	0.85	0.8	0.8	0.85	0.82	0.72	0.9	0.79	0.89	0.72	0.64	0.83	0.82	0.73	0.83	0.87	0.92	0.86	0.86	0.83	0.66	0.82	0.87	0.71	0.85	0.84	0.85	0.84	0.83	0.85	0.91	0.88	0.89	0.8	0.9	0.51	0.86	0.83	0.71	0.72	0.8	0.79	0.86	0.85	0.84	0.79	0.89	0.87	0.66	0.82	0.81	0.8	0.9	0.69	0.84
CHEMBL1381098	0.45	0.75	0.66	0.33	0.57	0.87	0.32	0.54	0.86	0.56	0.43	0.86	0.54	0.59	0.32	0.62	0.9	0.85	0.63	0.83	0.55	0.9	0.0	0.47	0.74	0.6	0.88	0.92	0.64	0.63	0.66	0.59	0.85	0.87	0.79	0.57	0.64	0.48	0.57	0.56	0.9	0.56	0.91	0.91	0.93	0.69	0.76	0.59	0.7	0.87	0.56	0.49	0.89	0.9	0.88	0.54	0.69	0.58	0.67	0.47	0.68	0.66	0.78	0.58	0.56	0.81	0.95	0.49	0.66	0.84	0.64	0.29	0.67	0.76	0.69	0.52	0.39	0.47	0.62	0.62	0.7	0.7	1.0	0.9	0.67	0.61	0.65	0.48	0.76	0.63	0.63	0.62	0.48	0.79	0.86	0.51	0.57	0.78	0.6	0.62	0.74	0.57	0.7	0.7	0.62	0.65	0.61	0.89	0.64	0.4	0.66	0.57	0.57	0.45	0.51	0.61	0.68	0.43	0.61	0.91	0.5	0.46	0.75	0.55	0.57	0.42	0.34	0.58	0.5	0.66	0.26	0.68	0.91	0.52	0.8	0.57	0.37	0.87	0.71
CHEMBL139	0.42	0.65	0.62	0.36	0.51	0.76	0.41	0.4	0.82	0.5	0.38	0.74	0.49	0.55	0.45	0.53	0.79	0.73	0.56	0.68	0.42	0.8	0.47	0.0	0.68	0.66	0.79	0.94	0.56	0.61	0.62	0.53	0.85	0.77	0.69	0.51	0.61	0.44	0.7	0.46	0.8	0.6	0.91	0.89	0.92	0.63	0.65	0.45	0.63	0.82	0.57	0.4	0.88	0.8	0.84	0.49	0.68	0.48	0.6	0.23	0.56	0.56	0.65	0.57	0.55	0.81	0.92	0.43	0.54	0.85	0.44	0.5	0.59	0.71	0.63	0.49	0.37	0.42	0.5	0.49	0.65	0.64	0.98	0.81	0.57	0.48	0.5	0.56	0.71	0.58	0.61	0.54	0.48	0.7	0.79	0.46	0.44	0.68	0.41	0.5	0.63	0.58	0.58	0.64	0.47	0.61	0.43	0.8	0.54	0.58	0.61	0.55	0.54	0.54	0.51	0.59	0.52	0.25	0.62	0.85	0.49	0.51	0.77	0.59	0.41	0.41	0.55	0.6	0.53	0.54	0.42	0.63	0.83	0.46	0.83	0.52	0.47	0.91	0.74
CHEMBL1395	0.69	0.39	0.71	0.76	0.78	0.6	0.74	0.75	0.87	0.66	0.75	0.65	0.75	0.72	0.73	0.63	0.77	0.71	0.75	0.6	0.74	0.84	0.74	0.68	0.0	0.87	0.77	0.94	0.6	0.48	0.83	0.55	0.93	0.76	0.69	0.54	0.67	0.66	0.8	0.79	0.79	0.67	0.91	0.89	0.95	0.62	0.14	0.76	0.79	0.88	0.75	0.65	0.89	0.8	0.76	0.66	0.87	0.74	0.61	0.67	0.64	0.73	0.6	0.68	0.79	0.61	0.92	0.79	0.8	0.91	0.77	0.68	0.72	0.19	0.64	0.63	0.76	0.8	0.76	0.65	0.63	0.62	1.0	0.82	0.62	0.64	0.72	0.81	0.76	0.8	0.63	0.76	0.78	0.68	0.85	0.72	0.5	0.62	0.58	0.78	0.66	0.81	0.74	0.82	0.63	0.76	0.72	0.82	0.8	0.66	0.65	0.62	0.81	0.8	0.81	0.67	0.64	0.65	0.46	0.81	0.82	0.77	0.73	0.74	0.68	0.75	0.66	0.68	0.79	0.76	0.74	0.81	0.89	0.71	0.9	0.8	0.79	0.9	0.54
CHEMBL1411979	0.58	0.86	0.76	0.54	0.61	0.93	0.53	0.63	0.61	0.7	0.55	0.89	0.59	0.72	0.51	0.74	0.9	0.81	0.66	0.88	0.69	0.86	0.6	0.66	0.87	0.0	0.9	0.86	0.76	0.68	0.45	0.79	0.57	0.83	0.82	0.69	0.75	0.63	0.73	0.65	0.85	0.72	0.88	0.88	0.94	0.81	0.87	0.66	0.61	0.63	0.53	0.69	0.84	0.86	0.9	0.63	0.8	0.59	0.79	0.65	0.79	0.67	0.84	0.75	0.7	0.87	0.92	0.43	0.54	0.54	0.69	0.65	0.72	0.88	0.8	0.67	0.57	0.49	0.5	0.72	0.8	0.81	1.0	0.86	0.78	0.76	0.7	0.46	0.51	0.64	0.77	0.53	0.4	0.77	0.84	0.43	0.75	0.81	0.71	0.4	0.82	0.69	0.78	0.65	0.69	0.46	0.63	0.9	0.56	0.65	0.74	0.71	0.44	0.41	0.47	0.79	0.8	0.66	0.78	0.89	0.47	0.51	0.85	0.62	0.65	0.63	0.62	0.72	0.49	0.43	0.62	0.67	0.88	0.63	0.6	0.43	0.48	0.84	0.84
CHEMBL1430	0.82	0.74	0.83	0.85	0.86	0.5	0.87	0.81	0.84	0.8	0.85	0.68	0.8	0.84	0.88	0.76	0.47	0.66	0.86	0.69	0.8	0.38	0.88	0.79	0.77	0.9	0.0	0.8	0.81	0.84	0.89	0.81	0.88	0.45	0.73	0.76	0.8	0.8	0.92	0.85	0.31	0.85	0.72	0.72	0.73	0.86	0.78	0.82	0.8	0.82	0.89	0.8	0.76	0.21	0.71	0.85	0.96	0.82	0.86	0.78	0.81	0.8	0.68	0.8	0.85	0.75	0.77	0.82	0.89	0.82	0.81	0.88	0.86	0.81	0.87	0.8	0.88	0.88	0.83	0.78	0.89	0.86	1.0	0.51	0.8	0.74	0.82	0.87	0.85	0.79	0.85	0.82	0.9	0.76	0.72	0.83	0.74	0.69	0.81	0.88	0.89	0.85	0.84	0.87	0.7	0.82	0.86	0.63	0.88	0.84	0.85	0.82	0.84	0.86	0.91	0.85	0.86	0.78	0.87	0.62	0.88	0.84	0.72	0.77	0.79	0.82	0.87	0.84	0.87	0.83	0.86	0.86	0.71	0.82	0.83	0.81	0.9	0.72	0.79
CHEMBL1431	0.92	0.94	0.92	0.88	0.93	0.89	0.89	0.92	0.81	0.87	0.89	0.89	0.91	0.9	0.86	0.91	0.81	0.87	0.92	0.88	0.92	0.79	0.92	0.94	0.94	0.86	0.8	0.0	0.92	0.94	0.9	0.96	0.84	0.85	0.89	0.96	0.91	0.89	0.95	0.92	0.82	0.91	0.65	0.77	0.77	0.97	0.95	0.93	0.88	0.79	0.94	0.92	0.75	0.82	0.9	0.93	0.98	0.93	0.97	0.93	0.96	0.91	0.91	0.91	0.95	0.88	0.62	0.89	0.91	0.77	0.94	0.94	0.94	0.95	0.97	0.87	0.9	0.84	0.91	0.92	0.97	0.97	1.0	0.74	0.96	0.93	0.92	0.9	0.85	0.85	0.96	0.92	0.9	0.87	0.77	0.89	0.95	0.9	0.93	0.9	0.97	0.93	0.96	0.91	0.89	0.88	0.95	0.87	0.89	0.87	0.93	0.91	0.9	0.89	0.88	0.97	0.97	0.93	0.96	0.79	0.9	0.92	0.8	0.85	0.92	0.91	0.89	0.91	0.91	0.9	0.9	0.92	0.77	0.91	0.81	0.89	0.91	0.65	0.92
CHEMBL1440	0.58	0.61	0.37	0.62	0.6	0.8	0.61	0.52	0.84	0.51	0.61	0.62	0.62	0.49	0.61	0.4	0.8	0.62	0.55	0.64	0.53	0.82	0.64	0.56	0.6	0.76	0.81	0.92	0.0	0.52	0.65	0.44	0.9	0.74	0.61	0.56	0.47	0.53	0.75	0.57	0.81	0.46	0.9	0.89	0.93	0.46	0.6	0.53	0.58	0.84	0.52	0.51	0.89	0.83	0.84	0.53	0.81	0.52	0.46	0.51	0.47	0.47	0.56	0.43	0.59	0.81	0.9	0.68	0.62	0.88	0.56	0.65	0.44	0.56	0.49	0.53	0.63	0.66	0.53	0.32	0.43	0.44	1.0	0.82	0.49	0.38	0.47	0.67	0.75	0.68	0.48	0.57	0.66	0.59	0.82	0.57	0.52	0.56	0.43	0.67	0.46	0.61	0.6	0.62	0.46	0.59	0.53	0.75	0.62	0.56	0.45	0.41	0.66	0.66	0.7	0.54	0.5	0.49	0.44	0.82	0.69	0.64	0.76	0.61	0.5	0.62	0.56	0.5	0.68	0.57	0.63	0.62	0.87	0.57	0.89	0.64	0.67	0.89	0.73
CHEMBL1479	0.59	0.63	0.62	0.66	0.57	0.79	0.63	0.62	0.78	0.61	0.62	0.73	0.68	0.62	0.61	0.6	0.82	0.75	0.52	0.72	0.59	0.88	0.63	0.61	0.48	0.68	0.84	0.94	0.52	0.0	0.63	0.55	0.81	0.8	0.73	0.59	0.6	0.6	0.78	0.65	0.85	0.6	0.9	0.89	0.94	0.59	0.51	0.63	0.62	0.79	0.54	0.52	0.89	0.85	0.84	0.55	0.83	0.61	0.56	0.52	0.6	0.6	0.67	0.6	0.61	0.8	0.93	0.65	0.62	0.83	0.61	0.54	0.57	0.53	0.59	0.61	0.65	0.67	0.56	0.53	0.59	0.59	1.0	0.86	0.6	0.58	0.61	0.7	0.66	0.75	0.6	0.61	0.59	0.7	0.85	0.52	0.57	0.66	0.52	0.6	0.62	0.63	0.7	0.59	0.59	0.6	0.54	0.84	0.66	0.64	0.56	0.54	0.59	0.69	0.67	0.63	0.6	0.51	0.44	0.85	0.71	0.67	0.8	0.69	0.55	0.62	0.58	0.61	0.7	0.55	0.63	0.57	0.9	0.65	0.85	0.59	0.63	0.91	0.72
CHEMBL1503	0.63	0.81	0.61	0.6	0.44	0.9	0.61	0.55	0.65	0.64	0.6	0.85	0.63	0.57	0.59	0.68	0.88	0.75	0.53	0.82	0.62	0.87	0.66	0.62	0.83	0.45	0.89	0.9	0.65	0.63	0.0	0.66	0.57	0.83	0.75	0.69	0.63	0.65	0.81	0.51	0.84	0.6	0.92	0.89	0.94	0.67	0.83	0.52	0.55	0.62	0.37	0.62	0.83	0.87	0.89	0.57	0.86	0.51	0.65	0.59	0.67	0.54	0.77	0.58	0.63	0.88	0.93	0.45	0.38	0.58	0.55	0.68	0.56	0.83	0.66	0.68	0.63	0.54	0.42	0.61	0.67	0.69	1.0	0.85	0.66	0.66	0.56	0.63	0.59	0.7	0.65	0.45	0.5	0.73	0.84	0.49	0.74	0.76	0.68	0.42	0.69	0.53	0.68	0.58	0.65	0.45	0.44	0.85	0.49	0.72	0.61	0.58	0.55	0.6	0.53	0.65	0.67	0.6	0.69	0.89	0.63	0.6	0.83	0.66	0.61	0.64	0.68	0.6	0.64	0.33	0.65	0.61	0.88	0.66	0.7	0.54	0.53	0.91	0.82
CHEMBL154	0.62	0.53	0.46	0.64	0.55	0.72	0.64	0.55	0.9	0.45	0.66	0.73	0.65	0.4	0.64	0.42	0.81	0.78	0.56	0.72	0.6	0.86	0.59	0.53	0.55	0.79	0.81	0.96	0.44	0.55	0.66	0.0	0.93	0.81	0.74	0.42	0.33	0.55	0.67	0.52	0.84	0.34	0.94	0.9	0.97	0.33	0.58	0.5	0.6	0.91	0.49	0.52	0.92	0.84	0.76	0.63	0.76	0.47	0.32	0.5	0.3	0.5	0.61	0.35	0.6	0.78	0.95	0.67	0.62	0.93	0.56	0.61	0.52	0.57	0.37	0.54	0.67	0.72	0.61	0.44	0.37	0.33	1.0	0.87	0.25	0.35	0.51	0.73	0.81	0.7	0.29	0.69	0.7	0.76	0.9	0.64	0.32	0.67	0.48	0.71	0.45	0.56	0.42	0.65	0.52	0.65	0.49	0.84	0.61	0.55	0.38	0.3	0.72	0.72	0.72	0.32	0.34	0.47	0.33	0.86	0.74	0.68	0.84	0.64	0.61	0.65	0.54	0.35	0.69	0.55	0.61	0.62	0.91	0.62	0.91	0.71	0.67	0.94	0.67
CHEMBL1542	0.81	0.94	0.89	0.8	0.75	0.94	0.82	0.83	0.45	0.88	0.8	0.91	0.83	0.89	0.79	0.9	0.91	0.82	0.77	0.9	0.82	0.86	0.85	0.85	0.93	0.57	0.88	0.84	0.9	0.81	0.57	0.93	0.0	0.86	0.88	0.87	0.91	0.82	0.94	0.84	0.85	0.9	0.89	0.88	0.93	0.92	0.93	0.85	0.77	0.42	0.76	0.83	0.8	0.85	0.93	0.81	0.95	0.8	0.9	0.85	0.94	0.83	0.91	0.88	0.83	0.93	0.88	0.62	0.7	0.42	0.84	0.82	0.83	0.94	0.91	0.85	0.83	0.73	0.72	0.88	0.92	0.92	1.0	0.84	0.94	0.91	0.85	0.75	0.61	0.82	0.93	0.64	0.73	0.83	0.83	0.72	0.93	0.88	0.89	0.6	0.93	0.83	0.93	0.77	0.85	0.64	0.77	0.9	0.77	0.88	0.88	0.9	0.75	0.74	0.68	0.94	0.94	0.85	0.93	0.88	0.76	0.77	0.87	0.82	0.82	0.78	0.87	0.9	0.79	0.69	0.86	0.82	0.87	0.85	0.58	0.73	0.71	0.89	0.94
CHEMBL1560	0.72	0.75	0.78	0.81	0.81	0.58	0.82	0.76	0.75	0.78	0.78	0.63	0.71	0.83	0.84	0.74	0.55	0.46	0.79	0.59	0.74	0.37	0.87	0.77	0.76	0.83	0.45	0.85	0.74	0.8	0.83	0.81	0.86	0.0	0.71	0.75	0.78	0.73	0.93	0.8	0.5	0.83	0.76	0.73	0.87	0.84	0.77	0.78	0.71	0.77	0.85	0.77	0.76	0.48	0.77	0.77	0.96	0.73	0.84	0.76	0.81	0.73	0.71	0.8	0.85	0.8	0.8	0.81	0.82	0.8	0.75	0.87	0.8	0.79	0.86	0.77	0.84	0.86	0.81	0.74	0.87	0.84	1.0	0.6	0.81	0.74	0.78	0.81	0.76	0.78	0.86	0.72	0.85	0.65	0.69	0.79	0.75	0.58	0.76	0.81	0.87	0.84	0.84	0.8	0.56	0.79	0.78	0.69	0.81	0.83	0.8	0.77	0.82	0.81	0.86	0.85	0.85	0.77	0.86	0.51	0.83	0.8	0.72	0.76	0.74	0.78	0.82	0.82	0.79	0.76	0.87	0.83	0.78	0.77	0.81	0.79	0.88	0.72	0.83
CHEMBL1566	0.75	0.57	0.62	0.74	0.7	0.78	0.73	0.66	0.86	0.67	0.75	0.44	0.73	0.6	0.73	0.56	0.74	0.51	0.76	0.64	0.6	0.73	0.79	0.69	0.69	0.82	0.73	0.89	0.61	0.73	0.75	0.74	0.88	0.71	0.0	0.74	0.65	0.74	0.84	0.67	0.74	0.67	0.84	0.74	0.87	0.69	0.71	0.64	0.71	0.85	0.71	0.66	0.87	0.74	0.76	0.62	0.89	0.68	0.76	0.66	0.72	0.68	0.33	0.55	0.72	0.75	0.88	0.77	0.69	0.84	0.69	0.78	0.66	0.66	0.77	0.72	0.75	0.74	0.73	0.57	0.7	0.62	1.0	0.61	0.69	0.65	0.68	0.73	0.78	0.74	0.7	0.7	0.77	0.32	0.73	0.74	0.72	0.43	0.65	0.8	0.75	0.72	0.74	0.77	0.56	0.73	0.75	0.42	0.7	0.72	0.71	0.63	0.79	0.74	0.81	0.74	0.73	0.66	0.73	0.77	0.76	0.69	0.66	0.7	0.66	0.74	0.72	0.64	0.76	0.7	0.75	0.78	0.75	0.59	0.86	0.75	0.78	0.84	0.64
CHEMBL15770	0.56	0.52	0.63	0.61	0.65	0.68	0.6	0.63	0.88	0.52	0.63	0.73	0.52	0.56	0.6	0.47	0.81	0.72	0.67	0.72	0.63	0.81	0.57	0.51	0.54	0.69	0.76	0.96	0.56	0.59	0.69	0.42	0.87	0.75	0.74	0.0	0.55	0.52	0.63	0.67	0.71	0.52	0.93	0.91	0.96	0.53	0.56	0.65	0.66	0.89	0.66	0.54	0.87	0.75	0.79	0.61	0.73	0.52	0.51	0.51	0.49	0.57	0.64	0.55	0.67	0.76	0.94	0.6	0.71	0.87	0.61	0.56	0.68	0.57	0.54	0.51	0.63	0.68	0.61	0.56	0.57	0.53	1.0	0.86	0.48	0.48	0.55	0.61	0.78	0.59	0.51	0.62	0.67	0.75	0.88	0.62	0.31	0.68	0.46	0.68	0.6	0.66	0.6	0.75	0.47	0.59	0.62	0.85	0.71	0.48	0.56	0.51	0.71	0.6	0.71	0.52	0.53	0.48	0.48	0.85	0.63	0.54	0.82	0.48	0.57	0.61	0.54	0.56	0.55	0.61	0.58	0.74	0.91	0.59	0.83	0.7	0.68	0.9	0.65
CHEMBL159226	0.63	0.6	0.4	0.63	0.52	0.77	0.59	0.55	0.87	0.45	0.62	0.67	0.6	0.32	0.6	0.35	0.79	0.73	0.55	0.75	0.56	0.81	0.64	0.61	0.67	0.75	0.8	0.91	0.47	0.6	0.63	0.33	0.91	0.78	0.65	0.55	0.0	0.6	0.68	0.45	0.82	0.21	0.88	0.8	0.93	0.36	0.67	0.48	0.52	0.88	0.51	0.53	0.89	0.83	0.75	0.59	0.76	0.44	0.44	0.57	0.35	0.47	0.6	0.29	0.6	0.78	0.91	0.69	0.55	0.89	0.54	0.64	0.53	0.67	0.47	0.58	0.62	0.68	0.63	0.47	0.41	0.44	1.0	0.81	0.25	0.42	0.5	0.69	0.8	0.65	0.26	0.69	0.65	0.69	0.84	0.64	0.44	0.58	0.51	0.71	0.46	0.53	0.39	0.61	0.47	0.65	0.54	0.79	0.51	0.5	0.33	0.27	0.7	0.68	0.71	0.28	0.4	0.57	0.45	0.78	0.7	0.64	0.78	0.58	0.62	0.63	0.56	0.22	0.65	0.52	0.62	0.6	0.85	0.54	0.88	0.69	0.7	0.86	0.67
CHEMBL16	0.37	0.67	0.59	0.36	0.61	0.79	0.46	0.52	0.72	0.41	0.45	0.77	0.47	0.55	0.46	0.55	0.79	0.68	0.48	0.66	0.53	0.78	0.48	0.44	0.66	0.63	0.8	0.89	0.53	0.6	0.65	0.55	0.82	0.73	0.74	0.52	0.6	0.0	0.62	0.54	0.82	0.56	0.89	0.86	0.92	0.61	0.67	0.56	0.56	0.72	0.64	0.47	0.78	0.82	0.83	0.56	0.73	0.54	0.58	0.44	0.59	0.48	0.68	0.58	0.64	0.77	0.86	0.55	0.62	0.81	0.6	0.47	0.64	0.69	0.61	0.21	0.51	0.54	0.62	0.47	0.62	0.65	1.0	0.8	0.61	0.49	0.51	0.6	0.64	0.54	0.61	0.56	0.57	0.66	0.72	0.46	0.45	0.69	0.5	0.53	0.65	0.63	0.66	0.56	0.38	0.56	0.59	0.84	0.6	0.46	0.58	0.54	0.55	0.57	0.56	0.6	0.6	0.45	0.61	0.77	0.62	0.55	0.72	0.45	0.53	0.43	0.44	0.58	0.53	0.57	0.4	0.63	0.85	0.45	0.8	0.55	0.52	0.89	0.69
CHEMBL16068	0.63	0.79	0.74	0.6	0.77	0.89	0.6	0.64	0.93	0.64	0.68	0.93	0.65	0.66	0.6	0.67	0.91	0.94	0.78	0.91	0.71	0.93	0.57	0.7	0.8	0.73	0.92	0.95	0.75	0.78	0.81	0.67	0.94	0.93	0.84	0.63	0.68	0.62	0.0	0.67	0.93	0.65	0.92	0.92	0.88	0.72	0.8	0.69	0.75	0.93	0.77	0.7	0.94	0.93	0.83	0.74	0.52	0.76	0.71	0.69	0.66	0.74	0.83	0.7	0.65	0.75	0.96	0.75	0.81	0.92	0.8	0.61	0.84	0.82	0.66	0.6	0.65	0.7	0.8	0.73	0.74	0.76	1.0	0.93	0.65	0.67	0.77	0.66	0.87	0.59	0.62	0.8	0.7	0.86	0.89	0.72	0.54	0.85	0.68	0.78	0.76	0.7	0.62	0.78	0.67	0.77	0.8	0.91	0.75	0.49	0.73	0.65	0.7	0.63	0.74	0.6	0.71	0.7	0.66	0.93	0.66	0.7	0.88	0.59	0.75	0.65	0.57	0.64	0.63	0.8	0.53	0.75	0.92	0.65	0.89	0.72	0.67	0.92	0.7
CHEMBL16073	0.43	0.74	0.46	0.44	0.45	0.86	0.5	0.15	0.79	0.48	0.51	0.82	0.58	0.38	0.52	0.57	0.8	0.76	0.47	0.74	0.45	0.8	0.56	0.46	0.79	0.65	0.85	0.92	0.57	0.65	0.51	0.52	0.84	0.8	0.67	0.67	0.45	0.54	0.67	0.0	0.84	0.43	0.89	0.84	0.92	0.54	0.79	0.09	0.45	0.79	0.47	0.48	0.85	0.84	0.76	0.55	0.75	0.39	0.55	0.42	0.48	0.44	0.69	0.43	0.4	0.79	0.9	0.59	0.47	0.83	0.47	0.57	0.56	0.79	0.58	0.56	0.55	0.57	0.55	0.49	0.58	0.61	1.0	0.79	0.45	0.5	0.48	0.56	0.74	0.6	0.48	0.61	0.61	0.68	0.79	0.56	0.61	0.69	0.61	0.65	0.6	0.35	0.42	0.46	0.54	0.61	0.47	0.78	0.36	0.64	0.52	0.43	0.57	0.53	0.64	0.44	0.53	0.44	0.6	0.82	0.56	0.57	0.82	0.59	0.56	0.42	0.61	0.43	0.66	0.47	0.5	0.45	0.84	0.59	0.82	0.55	0.57	0.9	0.75
CHEMBL1609891	0.83	0.77	0.84	0.86	0.86	0.59	0.87	0.81	0.84	0.82	0.86	0.71	0.74	0.84	0.88	0.78	0.56	0.61	0.86	0.71	0.8	0.44	0.9	0.8	0.79	0.85	0.31	0.82	0.81	0.85	0.84	0.84	0.85	0.5	0.74	0.71	0.82	0.82	0.93	0.84	0.0	0.87	0.75	0.74	0.76	0.88	0.8	0.81	0.74	0.83	0.9	0.8	0.71	0.14	0.74	0.85	0.97	0.78	0.88	0.8	0.83	0.78	0.7	0.81	0.86	0.79	0.79	0.8	0.89	0.74	0.79	0.9	0.86	0.82	0.88	0.81	0.88	0.88	0.81	0.78	0.9	0.87	1.0	0.5	0.82	0.76	0.79	0.81	0.85	0.74	0.87	0.79	0.9	0.76	0.69	0.84	0.77	0.72	0.83	0.89	0.9	0.81	0.85	0.86	0.7	0.8	0.87	0.66	0.87	0.86	0.86	0.83	0.86	0.81	0.92	0.87	0.87	0.8	0.88	0.7	0.83	0.81	0.74	0.73	0.79	0.83	0.88	0.86	0.84	0.8	0.86	0.86	0.72	0.83	0.74	0.82	0.9	0.71	0.82
CHEMBL1628227	0.6	0.63	0.37	0.56	0.5	0.82	0.49	0.53	0.87	0.46	0.57	0.73	0.58	0.21	0.52	0.38	0.83	0.76	0.53	0.75	0.56	0.86	0.56	0.6	0.67	0.72	0.85	0.91	0.46	0.6	0.6	0.34	0.9	0.83	0.67	0.52	0.21	0.56	0.65	0.43	0.87	0.0	0.87	0.83	0.92	0.4	0.68	0.46	0.53	0.88	0.45	0.55	0.91	0.88	0.78	0.55	0.74	0.43	0.39	0.56	0.38	0.45	0.64	0.22	0.58	0.78	0.92	0.68	0.54	0.87	0.56	0.57	0.57	0.67	0.44	0.55	0.53	0.62	0.62	0.44	0.42	0.46	1.0	0.81	0.32	0.47	0.46	0.64	0.79	0.63	0.28	0.69	0.61	0.71	0.84	0.6	0.49	0.65	0.46	0.69	0.47	0.49	0.41	0.61	0.5	0.62	0.54	0.82	0.49	0.35	0.32	0.19	0.68	0.62	0.66	0.3	0.39	0.54	0.42	0.83	0.65	0.59	0.74	0.55	0.63	0.63	0.45	0.15	0.6	0.53	0.55	0.59	0.85	0.5	0.88	0.68	0.64	0.85	0.63
CHEMBL164290	0.85	0.91	0.9	0.87	0.9	0.82	0.84	0.89	0.87	0.89	0.87	0.85	0.86	0.87	0.86	0.88	0.74	0.84	0.9	0.84	0.87	0.69	0.91	0.91	0.91	0.88	0.72	0.65	0.9	0.9	0.92	0.94	0.89	0.76	0.84	0.93	0.88	0.89	0.92	0.89	0.75	0.87	0.0	0.4	0.67	0.95	0.91	0.9	0.87	0.88	0.91	0.88	0.8	0.75	0.82	0.89	0.96	0.9	0.95	0.91	0.93	0.89	0.89	0.88	0.9	0.8	0.59	0.92	0.92	0.85	0.92	0.88	0.92	0.92	0.95	0.87	0.86	0.88	0.92	0.88	0.95	0.95	1.0	0.62	0.93	0.91	0.9	0.86	0.88	0.83	0.93	0.92	0.88	0.86	0.66	0.88	0.91	0.84	0.88	0.91	0.95	0.9	0.93	0.89	0.86	0.91	0.94	0.82	0.88	0.82	0.89	0.87	0.86	0.85	0.89	0.94	0.94	0.91	0.94	0.72	0.87	0.88	0.73	0.83	0.9	0.86	0.84	0.87	0.87	0.92	0.89	0.89	0.66	0.86	0.87	0.85	0.9	0.46	0.86
CHEMBL165908	0.84	0.83	0.87	0.87	0.86	0.82	0.86	0.87	0.84	0.82	0.86	0.75	0.83	0.83	0.88	0.8	0.7	0.74	0.87	0.77	0.82	0.67	0.91	0.89	0.89	0.88	0.72	0.77	0.89	0.89	0.89	0.9	0.88	0.73	0.74	0.91	0.8	0.86	0.92	0.84	0.74	0.83	0.4	0.0	0.77	0.9	0.89	0.86	0.83	0.85	0.88	0.85	0.8	0.74	0.74	0.85	0.96	0.84	0.92	0.89	0.9	0.87	0.81	0.82	0.86	0.82	0.67	0.89	0.87	0.87	0.87	0.88	0.88	0.89	0.92	0.84	0.87	0.88	0.89	0.84	0.91	0.91	1.0	0.55	0.88	0.89	0.88	0.86	0.84	0.83	0.89	0.89	0.87	0.78	0.66	0.86	0.89	0.77	0.84	0.89	0.92	0.85	0.87	0.86	0.78	0.9	0.92	0.67	0.81	0.84	0.83	0.84	0.83	0.85	0.9	0.89	0.9	0.89	0.92	0.64	0.86	0.82	0.72	0.83	0.86	0.85	0.86	0.79	0.86	0.86	0.89	0.87	0.54	0.75	0.87	0.83	0.89	0.64	0.82
CHEMBL1697693	0.94	0.95	0.91	0.91	0.95	0.9	0.91	0.91	0.94	0.92	0.93	0.91	0.92	0.89	0.92	0.93	0.74	0.88	0.94	0.87	0.91	0.74	0.93	0.92	0.95	0.94	0.73	0.77	0.93	0.94	0.94	0.97	0.93	0.87	0.87	0.96	0.93	0.92	0.88	0.92	0.76	0.92	0.67	0.77	0.0	0.97	0.95	0.92	0.91	0.91	0.95	0.93	0.84	0.72	0.9	0.94	0.98	0.95	0.97	0.92	0.97	0.92	0.88	0.9	0.94	0.89	0.78	0.94	0.96	0.86	0.93	0.93	0.96	0.96	0.96	0.91	0.92	0.91	0.94	0.91	0.98	0.98	1.0	0.71	0.96	0.92	0.92	0.92	0.93	0.86	0.96	0.94	0.93	0.9	0.77	0.92	0.95	0.91	0.93	0.95	0.98	0.93	0.96	0.92	0.89	0.94	0.97	0.79	0.95	0.88	0.94	0.92	0.91	0.92	0.94	0.96	0.97	0.93	0.97	0.84	0.92	0.93	0.74	0.86	0.92	0.91	0.9	0.92	0.92	0.94	0.88	0.92	0.72	0.92	0.89	0.9	0.93	0.71	0.93
CHEMBL1697694	0.65	0.56	0.43	0.7	0.57	0.78	0.69	0.63	0.89	0.51	0.7	0.66	0.69	0.45	0.69	0.45	0.83	0.76	0.55	0.74	0.65	0.89	0.69	0.63	0.62	0.81	0.86	0.97	0.46	0.59	0.67	0.33	0.92	0.84	0.69	0.53	0.36	0.61	0.72	0.54	0.88	0.4	0.95	0.9	0.97	0.0	0.63	0.54	0.59	0.9	0.58	0.53	0.92	0.88	0.75	0.62	0.79	0.51	0.33	0.58	0.3	0.5	0.55	0.46	0.66	0.79	0.95	0.73	0.6	0.93	0.57	0.67	0.47	0.6	0.37	0.6	0.71	0.75	0.62	0.47	0.24	0.28	1.0	0.9	0.34	0.47	0.53	0.76	0.82	0.73	0.41	0.7	0.73	0.69	0.91	0.69	0.48	0.62	0.56	0.73	0.3	0.59	0.45	0.63	0.55	0.67	0.55	0.81	0.62	0.64	0.35	0.42	0.74	0.76	0.75	0.33	0.36	0.58	0.48	0.86	0.77	0.72	0.86	0.68	0.63	0.69	0.65	0.42	0.71	0.55	0.68	0.6	0.92	0.67	0.91	0.73	0.73	0.95	0.71
CHEMBL1697830	0.7	0.41	0.7	0.77	0.77	0.63	0.75	0.75	0.87	0.65	0.72	0.67	0.71	0.72	0.74	0.62	0.78	0.71	0.75	0.62	0.72	0.85	0.76	0.65	0.14	0.87	0.78	0.95	0.6	0.51	0.83	0.58	0.93	0.77	0.71	0.56	0.67	0.67	0.8	0.79	0.8	0.68	0.91	0.89	0.95	0.63	0.0	0.76	0.79	0.89	0.76	0.66	0.9	0.81	0.77	0.66	0.8	0.73	0.62	0.68	0.64	0.73	0.61	0.7	0.8	0.66	0.93	0.76	0.78	0.91	0.74	0.69	0.72	0.25	0.65	0.64	0.73	0.77	0.77	0.66	0.64	0.64	0.98	0.83	0.63	0.64	0.7	0.82	0.77	0.76	0.63	0.76	0.75	0.7	0.83	0.72	0.51	0.63	0.55	0.76	0.6	0.81	0.68	0.82	0.64	0.76	0.7	0.83	0.78	0.68	0.66	0.64	0.81	0.81	0.79	0.68	0.59	0.66	0.49	0.8	0.79	0.77	0.76	0.74	0.68	0.75	0.69	0.7	0.75	0.76	0.75	0.81	0.86	0.68	0.91	0.8	0.79	0.91	0.55
CHEMBL1697856	0.44	0.68	0.49	0.48	0.46	0.82	0.53	0.18	0.8	0.49	0.55	0.76	0.6	0.4	0.54	0.52	0.8	0.71	0.48	0.67	0.44	0.79	0.59	0.45	0.76	0.66	0.82	0.93	0.53	0.63	0.52	0.5	0.85	0.78	0.64	0.65	0.48	0.56	0.69	0.09	0.81	0.46	0.9	0.86	0.92	0.54	0.76	0.0	0.46	0.79	0.49	0.49	0.86	0.81	0.78	0.52	0.77	0.39	0.52	0.4	0.45	0.42	0.63	0.41	0.42	0.81	0.91	0.6	0.49	0.83	0.45	0.6	0.51	0.75	0.55	0.57	0.57	0.59	0.53	0.42	0.56	0.58	1.0	0.77	0.43	0.49	0.47	0.58	0.74	0.63	0.48	0.56	0.62	0.65	0.8	0.56	0.58	0.64	0.58	0.65	0.58	0.38	0.45	0.48	0.52	0.61	0.46	0.75	0.39	0.66	0.51	0.42	0.58	0.55	0.66	0.48	0.52	0.42	0.6	0.83	0.58	0.57	0.82	0.61	0.52	0.45	0.63	0.46	0.68	0.46	0.54	0.46	0.84	0.59	0.83	0.56	0.59	0.9	0.74
CHEMBL1790041	0.61	0.78	0.53	0.63	0.59	0.85	0.65	0.53	0.78	0.55	0.66	0.8	0.59	0.49	0.66	0.59	0.76	0.67	0.4	0.78	0.55	0.76	0.7	0.63	0.79	0.61	0.8	0.88	0.58	0.62	0.55	0.6	0.77	0.71	0.71	0.66	0.52	0.56	0.75	0.45	0.74	0.53	0.87	0.83	0.91	0.59	0.79	0.46	0.0	0.77	0.6	0.54	0.81	0.75	0.8	0.66	0.82	0.47	0.54	0.56	0.52	0.43	0.71	0.53	0.56	0.8	0.87	0.65	0.57	0.75	0.44	0.66	0.59	0.79	0.57	0.6	0.68	0.67	0.59	0.5	0.59	0.66	1.0	0.8	0.56	0.57	0.47	0.63	0.73	0.61	0.6	0.59	0.69	0.64	0.77	0.64	0.66	0.68	0.59	0.68	0.61	0.44	0.56	0.35	0.54	0.6	0.57	0.81	0.49	0.68	0.48	0.52	0.62	0.61	0.71	0.54	0.56	0.57	0.68	0.81	0.64	0.64	0.84	0.59	0.58	0.59	0.66	0.51	0.62	0.45	0.67	0.37	0.86	0.63	0.77	0.6	0.71	0.86	0.81
CHEMBL190	0.74	0.9	0.84	0.76	0.76	0.89	0.81	0.78	0.09	0.82	0.74	0.86	0.81	0.87	0.79	0.87	0.83	0.77	0.74	0.82	0.81	0.76	0.87	0.82	0.88	0.63	0.82	0.79	0.84	0.79	0.62	0.91	0.42	0.77	0.85	0.89	0.88	0.72	0.93	0.79	0.83	0.88	0.88	0.85	0.91	0.9	0.89	0.79	0.77	0.0	0.76	0.83	0.73	0.83	0.88	0.79	0.95	0.81	0.88	0.78	0.9	0.79	0.87	0.87	0.87	0.88	0.84	0.65	0.66	0.4	0.8	0.86	0.79	0.89	0.89	0.75	0.83	0.73	0.71	0.83	0.89	0.9	1.0	0.79	0.91	0.87	0.82	0.82	0.5	0.8	0.92	0.68	0.72	0.74	0.77	0.65	0.89	0.84	0.85	0.54	0.9	0.87	0.9	0.74	0.76	0.63	0.75	0.87	0.73	0.88	0.86	0.88	0.67	0.8	0.69	0.91	0.91	0.79	0.91	0.76	0.82	0.81	0.85	0.8	0.75	0.77	0.87	0.89	0.84	0.66	0.86	0.8	0.82	0.83	0.65	0.65	0.74	0.88	0.91
CHEMBL19224	0.58	0.73	0.43	0.57	0.38	0.88	0.52	0.52	0.75	0.6	0.53	0.79	0.64	0.48	0.49	0.58	0.86	0.78	0.51	0.78	0.56	0.9	0.56	0.57	0.75	0.53	0.89	0.94	0.52	0.54	0.37	0.49	0.76	0.85	0.71	0.66	0.51	0.64	0.77	0.47	0.9	0.45	0.91	0.88	0.95	0.58	0.76	0.49	0.6	0.76	0.0	0.55	0.92	0.91	0.86	0.5	0.83	0.46	0.55	0.54	0.6	0.55	0.71	0.44	0.59	0.86	0.94	0.54	0.4	0.77	0.56	0.59	0.5	0.75	0.58	0.65	0.55	0.55	0.44	0.54	0.52	0.53	1.0	0.86	0.56	0.52	0.55	0.58	0.62	0.74	0.52	0.52	0.39	0.71	0.87	0.39	0.66	0.72	0.58	0.5	0.61	0.53	0.61	0.59	0.62	0.54	0.34	0.82	0.48	0.61	0.5	0.43	0.49	0.56	0.55	0.57	0.56	0.52	0.55	0.89	0.59	0.55	0.79	0.68	0.57	0.61	0.56	0.46	0.66	0.38	0.59	0.58	0.88	0.57	0.8	0.48	0.4	0.91	0.77
CHEMBL193	0.45	0.6	0.51	0.45	0.54	0.76	0.45	0.49	0.83	0.47	0.5	0.7	0.58	0.53	0.48	0.47	0.76	0.69	0.43	0.64	0.39	0.82	0.49	0.4	0.65	0.69	0.8	0.92	0.51	0.52	0.62	0.52	0.83	0.77	0.66	0.54	0.53	0.47	0.7	0.48	0.8	0.55	0.88	0.85	0.93	0.53	0.66	0.49	0.54	0.83	0.55	0.0	0.87	0.82	0.75	0.5	0.78	0.47	0.58	0.34	0.53	0.51	0.56	0.55	0.5	0.79	0.89	0.54	0.61	0.85	0.5	0.42	0.55	0.66	0.6	0.48	0.5	0.54	0.57	0.46	0.57	0.59	1.0	0.81	0.53	0.47	0.53	0.6	0.71	0.65	0.57	0.55	0.56	0.63	0.8	0.49	0.46	0.6	0.52	0.61	0.58	0.47	0.62	0.56	0.43	0.63	0.49	0.79	0.6	0.56	0.55	0.51	0.58	0.58	0.61	0.55	0.53	0.34	0.61	0.85	0.61	0.56	0.75	0.57	0.39	0.35	0.54	0.56	0.64	0.54	0.43	0.55	0.86	0.55	0.83	0.56	0.53	0.89	0.7
CHEMBL20	0.83	0.9	0.88	0.85	0.88	0.85	0.92	0.84	0.75	0.82	0.88	0.88	0.8	0.88	0.91	0.89	0.8	0.78	0.82	0.8	0.87	0.71	0.89	0.88	0.89	0.84	0.76	0.75	0.89	0.89	0.83	0.92	0.8	0.76	0.87	0.87	0.89	0.78	0.94	0.85	0.71	0.91	0.8	0.8	0.84	0.92	0.9	0.86	0.81	0.73	0.92	0.87	0.0	0.74	0.85	0.9	0.97	0.89	0.91	0.88	0.92	0.81	0.88	0.89	0.91	0.85	0.7	0.81	0.86	0.73	0.86	0.92	0.89	0.91	0.92	0.79	0.92	0.87	0.84	0.87	0.92	0.93	1.0	0.76	0.92	0.88	0.83	0.9	0.81	0.74	0.93	0.85	0.92	0.8	0.72	0.87	0.9	0.86	0.9	0.85	0.92	0.85	0.91	0.79	0.82	0.73	0.9	0.85	0.84	0.91	0.89	0.9	0.85	0.9	0.84	0.91	0.93	0.88	0.93	0.74	0.91	0.9	0.86	0.74	0.89	0.84	0.92	0.91	0.88	0.82	0.9	0.82	0.8	0.9	0.65	0.85	0.91	0.76	0.9
CHEMBL203187	0.84	0.77	0.85	0.87	0.87	0.59	0.89	0.8	0.84	0.83	0.86	0.72	0.77	0.85	0.9	0.79	0.5	0.62	0.87	0.72	0.81	0.37	0.9	0.8	0.8	0.86	0.21	0.82	0.83	0.85	0.87	0.84	0.85	0.48	0.74	0.75	0.83	0.82	0.93	0.84	0.14	0.88	0.75	0.74	0.72	0.88	0.81	0.81	0.75	0.83	0.91	0.82	0.74	0.0	0.73	0.87	0.96	0.8	0.88	0.79	0.83	0.82	0.7	0.82	0.86	0.78	0.78	0.81	0.9	0.76	0.82	0.9	0.87	0.83	0.89	0.82	0.9	0.89	0.84	0.8	0.91	0.87	1.0	0.52	0.83	0.75	0.83	0.83	0.87	0.79	0.88	0.8	0.91	0.77	0.71	0.85	0.78	0.73	0.83	0.9	0.91	0.84	0.85	0.86	0.72	0.83	0.88	0.63	0.89	0.87	0.86	0.84	0.86	0.83	0.92	0.87	0.87	0.8	0.89	0.67	0.85	0.83	0.75	0.79	0.8	0.84	0.89	0.87	0.84	0.81	0.87	0.86	0.7	0.84	0.76	0.82	0.91	0.74	0.83
CHEMBL2037000	0.82	0.67	0.81	0.85	0.83	0.65	0.87	0.81	0.86	0.77	0.86	0.79	0.83	0.79	0.87	0.73	0.68	0.83	0.84	0.8	0.83	0.74	0.88	0.84	0.76	0.9	0.71	0.9	0.84	0.84	0.89	0.76	0.93	0.77	0.76	0.79	0.75	0.83	0.83	0.76	0.74	0.78	0.82	0.74	0.9	0.75	0.77	0.78	0.8	0.88	0.86	0.75	0.85	0.73	0.0	0.87	0.92	0.81	0.79	0.79	0.71	0.81	0.7	0.81	0.85	0.53	0.86	0.86	0.86	0.9	0.82	0.86	0.85	0.74	0.81	0.81	0.88	0.9	0.86	0.82	0.79	0.81	1.0	0.75	0.72	0.79	0.82	0.89	0.87	0.82	0.78	0.89	0.9	0.77	0.84	0.87	0.74	0.69	0.81	0.9	0.81	0.82	0.7	0.82	0.77	0.86	0.83	0.78	0.83	0.84	0.79	0.79	0.85	0.88	0.91	0.69	0.73	0.79	0.84	0.72	0.89	0.87	0.89	0.82	0.84	0.83	0.86	0.78	0.89	0.82	0.86	0.81	0.8	0.82	0.88	0.84	0.9	0.84	0.65
CHEMBL2105617	0.5	0.64	0.58	0.48	0.52	0.83	0.43	0.52	0.78	0.59	0.48	0.7	0.59	0.58	0.47	0.56	0.85	0.66	0.59	0.71	0.48	0.87	0.54	0.49	0.66	0.63	0.85	0.93	0.53	0.55	0.57	0.63	0.81	0.77	0.62	0.61	0.59	0.56	0.74	0.55	0.85	0.55	0.89	0.85	0.94	0.62	0.66	0.52	0.66	0.79	0.5	0.5	0.9	0.87	0.87	0.0	0.81	0.52	0.65	0.49	0.67	0.58	0.65	0.55	0.59	0.84	0.93	0.58	0.56	0.82	0.57	0.53	0.53	0.65	0.67	0.58	0.47	0.5	0.6	0.52	0.61	0.59	1.0	0.78	0.62	0.6	0.62	0.49	0.66	0.7	0.59	0.5	0.53	0.61	0.84	0.51	0.58	0.64	0.54	0.58	0.67	0.62	0.71	0.67	0.5	0.61	0.53	0.76	0.55	0.56	0.61	0.5	0.61	0.48	0.55	0.66	0.67	0.48	0.55	0.85	0.54	0.42	0.75	0.63	0.45	0.52	0.53	0.58	0.58	0.59	0.54	0.69	0.85	0.48	0.84	0.59	0.52	0.88	0.7
CHEMBL228514	0.73	0.86	0.8	0.71	0.83	0.93	0.71	0.74	0.94	0.74	0.69	0.96	0.66	0.74	0.71	0.76	0.94	0.95	0.83	0.94	0.76	0.96	0.69	0.68	0.87	0.8	0.96	0.98	0.81	0.83	0.86	0.76	0.95	0.96	0.89	0.73	0.76	0.73	0.52	0.75	0.97	0.74	0.96	0.96	0.98	0.79	0.8	0.77	0.82	0.95	0.83	0.78	0.97	0.96	0.92	0.81	0.0	0.82	0.79	0.77	0.75	0.81	0.89	0.78	0.74	0.85	0.99	0.77	0.8	0.94	0.8	0.71	0.87	0.88	0.8	0.71	0.66	0.71	0.85	0.8	0.81	0.82	0.93	0.96	0.74	0.76	0.77	0.75	0.93	0.6	0.72	0.85	0.71	0.91	0.89	0.79	0.67	0.9	0.69	0.78	0.75	0.78	0.64	0.84	0.76	0.83	0.8	0.94	0.76	0.64	0.8	0.74	0.78	0.73	0.74	0.71	0.72	0.78	0.75	0.96	0.67	0.78	0.92	0.7	0.81	0.75	0.69	0.74	0.65	0.85	0.66	0.82	0.9	0.66	0.94	0.79	0.76	0.96	0.8
CHEMBL23	0.48	0.67	0.46	0.5	0.44	0.82	0.47	0.46	0.8	0.46	0.48	0.71	0.52	0.43	0.51	0.44	0.81	0.63	0.47	0.73	0.48	0.79	0.58	0.48	0.74	0.59	0.82	0.93	0.52	0.61	0.51	0.47	0.8	0.73	0.68	0.52	0.44	0.54	0.76	0.39	0.78	0.43	0.9	0.84	0.95	0.51	0.73	0.39	0.47	0.81	0.46	0.47	0.89	0.8	0.81	0.52	0.82	0.0	0.54	0.45	0.5	0.38	0.64	0.47	0.56	0.84	0.92	0.57	0.44	0.8	0.42	0.6	0.47	0.71	0.56	0.59	0.5	0.56	0.5	0.43	0.54	0.54	1.0	0.82	0.49	0.49	0.41	0.48	0.68	0.65	0.54	0.49	0.59	0.67	0.83	0.52	0.58	0.61	0.55	0.58	0.56	0.47	0.53	0.55	0.46	0.55	0.45	0.82	0.41	0.61	0.45	0.42	0.61	0.45	0.61	0.51	0.44	0.45	0.6	0.78	0.5	0.42	0.81	0.59	0.5	0.53	0.59	0.41	0.57	0.36	0.57	0.56	0.88	0.53	0.8	0.6	0.6	0.88	0.76
CHEMBL232201	0.63	0.59	0.5	0.68	0.54	0.79	0.67	0.58	0.88	0.52	0.68	0.73	0.68	0.44	0.67	0.46	0.84	0.79	0.51	0.73	0.64	0.9	0.67	0.6	0.61	0.79	0.86	0.97	0.46	0.56	0.65	0.32	0.9	0.84	0.76	0.51	0.44	0.58	0.71	0.55	0.88	0.39	0.95	0.92	0.97	0.33	0.62	0.52	0.54	0.88	0.55	0.58	0.91	0.88	0.79	0.65	0.79	0.54	0.0	0.52	0.27	0.47	0.64	0.43	0.62	0.78	0.95	0.72	0.62	0.92	0.54	0.65	0.5	0.6	0.13	0.58	0.7	0.74	0.57	0.39	0.3	0.42	1.0	0.9	0.36	0.45	0.49	0.75	0.81	0.73	0.37	0.66	0.72	0.76	0.91	0.66	0.48	0.68	0.47	0.7	0.34	0.58	0.5	0.6	0.57	0.65	0.48	0.87	0.62	0.61	0.13	0.4	0.71	0.75	0.73	0.37	0.33	0.52	0.45	0.88	0.76	0.72	0.86	0.68	0.6	0.69	0.63	0.4	0.69	0.54	0.66	0.56	0.93	0.65	0.9	0.7	0.7	0.95	0.7
CHEMBL23832	0.39	0.65	0.57	0.35	0.47	0.75	0.4	0.34	0.79	0.46	0.47	0.74	0.56	0.51	0.45	0.49	0.79	0.74	0.5	0.68	0.42	0.8	0.47	0.23	0.67	0.65	0.78	0.93	0.51	0.52	0.59	0.5	0.85	0.76	0.66	0.51	0.57	0.44	0.69	0.42	0.8	0.56	0.91	0.89	0.92	0.58	0.68	0.4	0.56	0.78	0.54	0.34	0.88	0.79	0.79	0.49	0.77	0.45	0.52	0.0	0.45	0.47	0.62	0.53	0.5	0.79	0.92	0.48	0.59	0.84	0.39	0.49	0.53	0.69	0.55	0.48	0.46	0.49	0.44	0.39	0.59	0.61	1.0	0.81	0.53	0.42	0.49	0.55	0.7	0.65	0.56	0.54	0.55	0.67	0.82	0.46	0.44	0.65	0.4	0.58	0.63	0.53	0.61	0.58	0.47	0.55	0.44	0.8	0.56	0.58	0.54	0.5	0.49	0.53	0.58	0.51	0.52	0.06	0.58	0.85	0.56	0.5	0.77	0.58	0.3	0.39	0.55	0.57	0.6	0.49	0.42	0.57	0.86	0.54	0.83	0.48	0.47	0.91	0.71
CHEMBL25	0.64	0.55	0.47	0.66	0.56	0.71	0.67	0.52	0.89	0.46	0.69	0.73	0.64	0.43	0.67	0.41	0.81	0.78	0.51	0.73	0.59	0.86	0.68	0.56	0.64	0.79	0.81	0.96	0.47	0.6	0.67	0.3	0.94	0.81	0.72	0.49	0.35	0.59	0.66	0.48	0.83	0.38	0.93	0.9	0.97	0.3	0.64	0.45	0.52	0.9	0.6	0.53	0.92	0.83	0.71	0.67	0.75	0.5	0.27	0.45	0.0	0.4	0.6	0.43	0.57	0.75	0.94	0.7	0.62	0.93	0.5	0.67	0.54	0.64	0.32	0.56	0.7	0.73	0.53	0.41	0.35	0.43	1.0	0.88	0.23	0.38	0.45	0.75	0.81	0.69	0.32	0.7	0.73	0.74	0.89	0.67	0.37	0.64	0.47	0.73	0.38	0.54	0.37	0.57	0.52	0.63	0.52	0.82	0.6	0.62	0.35	0.4	0.68	0.74	0.76	0.19	0.3	0.46	0.49	0.85	0.76	0.71	0.88	0.63	0.56	0.65	0.66	0.4	0.7	0.53	0.65	0.54	0.92	0.65	0.91	0.67	0.72	0.94	0.67
CHEMBL26	0.55	0.7	0.4	0.59	0.54	0.83	0.6	0.49	0.8	0.46	0.59	0.74	0.5	0.43	0.62	0.52	0.8	0.63	0.43	0.69	0.51	0.78	0.66	0.56	0.73	0.67	0.8	0.91	0.47	0.6	0.54	0.5	0.83	0.73	0.68	0.57	0.47	0.48	0.74	0.44	0.78	0.45	0.89	0.87	0.92	0.5	0.73	0.42	0.43	0.79	0.55	0.51	0.81	0.82	0.81	0.58	0.81	0.38	0.47	0.47	0.4	0.0	0.63	0.44	0.61	0.81	0.9	0.66	0.54	0.82	0.37	0.66	0.5	0.72	0.5	0.54	0.63	0.63	0.46	0.34	0.49	0.58	1.0	0.78	0.48	0.49	0.2	0.63	0.72	0.53	0.5	0.55	0.66	0.65	0.78	0.58	0.58	0.62	0.5	0.62	0.51	0.49	0.56	0.49	0.43	0.51	0.49	0.81	0.52	0.63	0.41	0.43	0.6	0.6	0.68	0.47	0.49	0.48	0.61	0.8	0.65	0.6	0.78	0.45	0.5	0.57	0.6	0.48	0.59	0.46	0.62	0.52	0.84	0.57	0.82	0.57	0.67	0.87	0.76
CHEMBL267345	0.71	0.36	0.62	0.75	0.69	0.67	0.74	0.7	0.87	0.59	0.75	0.29	0.73	0.6	0.74	0.44	0.7	0.51	0.71	0.54	0.63	0.76	0.78	0.65	0.6	0.84	0.68	0.91	0.56	0.67	0.77	0.61	0.91	0.71	0.33	0.64	0.6	0.68	0.83	0.69	0.7	0.64	0.89	0.81	0.88	0.55	0.61	0.63	0.71	0.87	0.71	0.56	0.88	0.7	0.7	0.65	0.89	0.64	0.64	0.62	0.6	0.63	0.0	0.56	0.75	0.77	0.9	0.75	0.7	0.87	0.67	0.76	0.6	0.55	0.66	0.66	0.75	0.77	0.7	0.52	0.59	0.52	1.0	0.72	0.59	0.55	0.64	0.78	0.77	0.76	0.65	0.66	0.77	0.42	0.79	0.7	0.58	0.39	0.61	0.78	0.63	0.72	0.67	0.76	0.53	0.74	0.7	0.51	0.73	0.71	0.62	0.6	0.79	0.78	0.81	0.67	0.59	0.62	0.7	0.8	0.8	0.73	0.7	0.7	0.63	0.73	0.73	0.63	0.78	0.67	0.72	0.75	0.8	0.63	0.88	0.75	0.78	0.88	0.6
CHEMBL27	0.63	0.63	0.35	0.6	0.47	0.82	0.58	0.51	0.88	0.49	0.62	0.68	0.62	0.24	0.59	0.4	0.82	0.67	0.54	0.71	0.49	0.8	0.58	0.57	0.68	0.75	0.8	0.91	0.43	0.6	0.58	0.35	0.88	0.8	0.55	0.55	0.29	0.58	0.7	0.43	0.81	0.22	0.88	0.82	0.9	0.46	0.7	0.41	0.53	0.87	0.44	0.55	0.89	0.82	0.81	0.55	0.78	0.47	0.43	0.53	0.43	0.44	0.56	0.0	0.59	0.82	0.91	0.65	0.53	0.85	0.52	0.61	0.5	0.66	0.47	0.58	0.61	0.63	0.6	0.37	0.44	0.43	1.0	0.72	0.36	0.44	0.44	0.66	0.8	0.63	0.34	0.61	0.65	0.62	0.8	0.62	0.55	0.59	0.5	0.71	0.51	0.49	0.46	0.62	0.46	0.61	0.54	0.72	0.51	0.49	0.36	0.29	0.7	0.64	0.69	0.38	0.43	0.51	0.44	0.84	0.67	0.59	0.72	0.56	0.59	0.62	0.49	0.26	0.65	0.52	0.59	0.62	0.82	0.47	0.87	0.66	0.64	0.88	0.67
CHEMBL273386	0.55	0.77	0.63	0.55	0.58	0.87	0.56	0.3	0.86	0.58	0.62	0.85	0.67	0.58	0.57	0.62	0.86	0.84	0.55	0.83	0.43	0.89	0.56	0.55	0.79	0.7	0.85	0.95	0.59	0.61	0.63	0.6	0.83	0.85	0.72	0.67	0.6	0.64	0.65	0.4	0.86	0.58	0.9	0.86	0.94	0.66	0.8	0.42	0.56	0.87	0.59	0.5	0.91	0.86	0.85	0.59	0.74	0.56	0.62	0.5	0.57	0.61	0.75	0.59	0.0	0.83	0.92	0.65	0.62	0.89	0.6	0.48	0.65	0.8	0.65	0.65	0.6	0.65	0.58	0.54	0.68	0.67	1.0	0.85	0.58	0.49	0.64	0.61	0.8	0.68	0.53	0.68	0.66	0.75	0.85	0.65	0.61	0.75	0.62	0.71	0.69	0.35	0.58	0.54	0.64	0.66	0.6	0.79	0.54	0.67	0.65	0.52	0.65	0.6	0.69	0.56	0.65	0.53	0.57	0.89	0.61	0.6	0.89	0.67	0.59	0.5	0.66	0.57	0.69	0.63	0.52	0.49	0.89	0.63	0.85	0.66	0.62	0.93	0.76
CHEMBL2766015	0.77	0.68	0.8	0.78	0.86	0.69	0.8	0.78	0.86	0.76	0.8	0.84	0.77	0.79	0.8	0.78	0.73	0.86	0.84	0.8	0.82	0.79	0.81	0.81	0.61	0.87	0.75	0.88	0.81	0.8	0.88	0.78	0.93	0.8	0.75	0.76	0.78	0.77	0.75	0.79	0.79	0.78	0.8	0.82	0.89	0.79	0.66	0.81	0.8	0.88	0.86	0.79	0.85	0.78	0.53	0.84	0.85	0.84	0.78	0.79	0.75	0.81	0.77	0.82	0.83	0.0	0.86	0.84	0.87	0.89	0.85	0.8	0.87	0.69	0.8	0.74	0.82	0.85	0.86	0.8	0.8	0.84	1.0	0.79	0.76	0.78	0.83	0.85	0.86	0.78	0.76	0.87	0.85	0.77	0.84	0.82	0.7	0.74	0.77	0.86	0.81	0.83	0.75	0.84	0.79	0.83	0.85	0.85	0.86	0.74	0.8	0.78	0.8	0.83	0.87	0.72	0.78	0.79	0.79	0.74	0.85	0.83	0.86	0.75	0.82	0.77	0.78	0.78	0.83	0.86	0.78	0.82	0.84	0.8	0.87	0.79	0.84	0.82	0.56
CHEMBL288958	0.88	0.92	0.9	0.87	0.93	0.86	0.92	0.89	0.85	0.88	0.89	0.89	0.88	0.9	0.92	0.91	0.78	0.85	0.87	0.85	0.87	0.71	0.95	0.92	0.92	0.92	0.77	0.62	0.9	0.93	0.93	0.95	0.88	0.8	0.88	0.94	0.91	0.86	0.96	0.9	0.79	0.92	0.59	0.67	0.78	0.95	0.93	0.91	0.87	0.84	0.94	0.89	0.7	0.78	0.86	0.93	0.99	0.92	0.95	0.92	0.94	0.9	0.9	0.91	0.92	0.86	0.0	0.91	0.92	0.87	0.93	0.93	0.93	0.94	0.96	0.84	0.93	0.92	0.92	0.9	0.96	0.96	1.0	0.73	0.94	0.91	0.89	0.93	0.88	0.8	0.95	0.92	0.94	0.85	0.57	0.9	0.93	0.89	0.92	0.92	0.96	0.91	0.94	0.85	0.86	0.9	0.95	0.86	0.88	0.91	0.92	0.91	0.88	0.92	0.93	0.94	0.95	0.92	0.95	0.74	0.93	0.93	0.85	0.8	0.91	0.87	0.92	0.92	0.94	0.91	0.92	0.86	0.76	0.91	0.87	0.88	0.94	0.77	0.92
CHEMBL295416	0.53	0.76	0.68	0.44	0.52	0.84	0.5	0.55	0.65	0.62	0.45	0.83	0.51	0.66	0.5	0.67	0.85	0.77	0.63	0.78	0.57	0.8	0.49	0.43	0.79	0.43	0.82	0.89	0.68	0.65	0.45	0.67	0.62	0.81	0.77	0.6	0.69	0.55	0.75	0.59	0.8	0.68	0.92	0.89	0.94	0.73	0.76	0.6	0.65	0.65	0.54	0.54	0.81	0.81	0.86	0.58	0.77	0.57	0.72	0.48	0.7	0.66	0.75	0.65	0.65	0.84	0.91	0.0	0.5	0.64	0.57	0.55	0.64	0.8	0.74	0.54	0.47	0.4	0.45	0.64	0.75	0.73	0.99	0.84	0.7	0.64	0.61	0.55	0.55	0.6	0.7	0.48	0.41	0.73	0.8	0.43	0.63	0.77	0.61	0.39	0.74	0.64	0.69	0.68	0.61	0.49	0.5	0.86	0.54	0.63	0.72	0.66	0.49	0.55	0.39	0.69	0.68	0.45	0.7	0.88	0.52	0.51	0.8	0.59	0.54	0.48	0.6	0.7	0.55	0.41	0.53	0.7	0.85	0.55	0.64	0.47	0.38	0.9	0.78
CHEMBL295698	0.59	0.75	0.57	0.58	0.46	0.88	0.59	0.55	0.64	0.58	0.5	0.76	0.59	0.53	0.57	0.58	0.87	0.72	0.49	0.79	0.54	0.87	0.66	0.54	0.8	0.54	0.89	0.91	0.62	0.62	0.38	0.62	0.7	0.82	0.69	0.71	0.55	0.62	0.81	0.47	0.89	0.54	0.92	0.87	0.96	0.6	0.78	0.49	0.57	0.66	0.4	0.61	0.86	0.9	0.86	0.56	0.8	0.44	0.62	0.59	0.62	0.54	0.7	0.53	0.62	0.87	0.92	0.5	0.0	0.7	0.49	0.67	0.51	0.79	0.64	0.66	0.55	0.51	0.45	0.58	0.6	0.6	0.99	0.86	0.61	0.64	0.5	0.65	0.56	0.68	0.63	0.55	0.46	0.63	0.83	0.51	0.71	0.68	0.58	0.36	0.6	0.57	0.57	0.54	0.58	0.5	0.4	0.82	0.34	0.69	0.55	0.55	0.57	0.63	0.44	0.6	0.53	0.6	0.67	0.84	0.6	0.6	0.83	0.68	0.6	0.63	0.66	0.51	0.63	0.34	0.65	0.59	0.87	0.52	0.78	0.56	0.58	0.91	0.81
CHEMBL30	0.81	0.92	0.87	0.79	0.79	0.91	0.8	0.82	0.46	0.85	0.79	0.89	0.82	0.85	0.77	0.89	0.87	0.76	0.81	0.87	0.84	0.77	0.84	0.85	0.91	0.54	0.82	0.77	0.88	0.83	0.58	0.93	0.42	0.8	0.84	0.87	0.89	0.81	0.92	0.83	0.74	0.87	0.85	0.87	0.86	0.93	0.91	0.83	0.75	0.4	0.77	0.85	0.73	0.76	0.9	0.82	0.94	0.8	0.92	0.84	0.93	0.82	0.87	0.85	0.89	0.89	0.87	0.64	0.7	0.0	0.84	0.87	0.85	0.92	0.93	0.83	0.81	0.72	0.73	0.86	0.93	0.93	1.0	0.75	0.92	0.89	0.84	0.76	0.59	0.78	0.92	0.69	0.7	0.8	0.77	0.7	0.91	0.85	0.89	0.63	0.93	0.85	0.92	0.8	0.8	0.63	0.81	0.87	0.77	0.84	0.89	0.87	0.73	0.74	0.67	0.93	0.93	0.84	0.92	0.85	0.77	0.79	0.8	0.77	0.82	0.82	0.86	0.88	0.8	0.67	0.83	0.85	0.84	0.85	0.48	0.7	0.73	0.81	0.9
CHEMBL35	0.59	0.73	0.55	0.58	0.48	0.84	0.6	0.51	0.81	0.56	0.55	0.75	0.56	0.51	0.62	0.56	0.8	0.68	0.44	0.75	0.5	0.8	0.64	0.44	0.77	0.69	0.81	0.94	0.56	0.61	0.55	0.56	0.84	0.75	0.69	0.61	0.54	0.6	0.8	0.47	0.79	0.56	0.92	0.87	0.93	0.57	0.74	0.45	0.44	0.8	0.56	0.5	0.86	0.82	0.82	0.57	0.8	0.42	0.54	0.39	0.5	0.37	0.67	0.52	0.6	0.85	0.93	0.57	0.49	0.84	0.0	0.66	0.5	0.76	0.56	0.65	0.54	0.57	0.44	0.47	0.58	0.61	0.99	0.82	0.55	0.53	0.37	0.64	0.75	0.59	0.6	0.54	0.6	0.67	0.83	0.6	0.63	0.67	0.49	0.6	0.57	0.49	0.55	0.53	0.5	0.54	0.41	0.8	0.47	0.71	0.5	0.55	0.62	0.63	0.63	0.55	0.47	0.41	0.67	0.85	0.58	0.58	0.84	0.6	0.45	0.58	0.69	0.55	0.6	0.44	0.63	0.54	0.85	0.56	0.82	0.6	0.64	0.91	0.8
CHEMBL351487	0.45	0.74	0.65	0.39	0.6	0.85	0.38	0.54	0.85	0.58	0.48	0.85	0.57	0.6	0.35	0.61	0.88	0.85	0.56	0.81	0.46	0.91	0.29	0.5	0.68	0.65	0.88	0.94	0.65	0.54	0.68	0.61	0.82	0.87	0.78	0.56	0.64	0.47	0.61	0.57	0.9	0.57	0.88	0.88	0.93	0.67	0.69	0.6	0.66	0.86	0.59	0.42	0.92	0.9	0.86	0.53	0.71	0.6	0.65	0.49	0.67	0.66	0.76	0.61	0.48	0.8	0.93	0.55	0.67	0.87	0.66	0.0	0.68	0.71	0.68	0.52	0.44	0.53	0.66	0.61	0.68	0.69	1.0	0.89	0.66	0.6	0.67	0.54	0.76	0.66	0.61	0.65	0.52	0.78	0.83	0.54	0.55	0.77	0.6	0.63	0.71	0.51	0.7	0.65	0.61	0.68	0.63	0.87	0.64	0.43	0.65	0.56	0.61	0.52	0.57	0.62	0.67	0.46	0.55	0.89	0.56	0.51	0.76	0.58	0.58	0.36	0.43	0.59	0.54	0.68	0.25	0.62	0.9	0.52	0.83	0.6	0.48	0.91	0.7
CHEMBL374478	0.62	0.67	0.48	0.65	0.48	0.85	0.64	0.59	0.8	0.6	0.61	0.66	0.7	0.57	0.63	0.54	0.84	0.68	0.46	0.71	0.57	0.85	0.67	0.59	0.72	0.72	0.86	0.94	0.44	0.57	0.56	0.52	0.83	0.8	0.66	0.68	0.53	0.64	0.84	0.56	0.86	0.57	0.92	0.88	0.96	0.47	0.72	0.51	0.59	0.79	0.5	0.55	0.89	0.87	0.85	0.53	0.87	0.47	0.5	0.53	0.54	0.5	0.6	0.5	0.65	0.87	0.93	0.64	0.51	0.85	0.5	0.68	0.0	0.66	0.52	0.67	0.66	0.63	0.49	0.43	0.43	0.45	1.0	0.84	0.56	0.58	0.53	0.7	0.73	0.77	0.6	0.52	0.66	0.61	0.86	0.6	0.66	0.64	0.59	0.63	0.51	0.59	0.66	0.56	0.57	0.63	0.45	0.79	0.51	0.71	0.47	0.56	0.64	0.68	0.65	0.62	0.54	0.5	0.62	0.84	0.7	0.62	0.82	0.73	0.5	0.64	0.66	0.57	0.73	0.47	0.69	0.58	0.89	0.64	0.88	0.63	0.65	0.92	0.8
CHEMBL384467	0.72	0.36	0.68	0.78	0.77	0.67	0.76	0.77	0.88	0.65	0.77	0.61	0.77	0.69	0.75	0.58	0.8	0.69	0.75	0.58	0.72	0.86	0.76	0.71	0.19	0.88	0.81	0.95	0.56	0.53	0.83	0.57	0.94	0.79	0.66	0.57	0.67	0.69	0.82	0.79	0.82	0.67	0.92	0.89	0.96	0.6	0.25	0.75	0.79	0.89	0.75	0.66	0.91	0.83	0.74	0.65	0.88	0.71	0.6	0.69	0.64	0.72	0.55	0.66	0.8	0.69	0.94	0.8	0.79	0.92	0.76	0.71	0.66	0.0	0.63	0.67	0.78	0.81	0.75	0.61	0.56	0.58	1.0	0.82	0.61	0.65	0.72	0.82	0.78	0.82	0.63	0.74	0.8	0.64	0.87	0.74	0.56	0.58	0.59	0.8	0.62	0.81	0.73	0.82	0.64	0.77	0.71	0.78	0.8	0.7	0.62	0.64	0.82	0.82	0.82	0.69	0.59	0.67	0.49	0.82	0.83	0.75	0.78	0.76	0.69	0.75	0.7	0.69	0.8	0.74	0.76	0.81	0.89	0.71	0.91	0.8	0.8	0.92	0.56
CHEMBL388590	0.66	0.62	0.53	0.7	0.57	0.81	0.69	0.61	0.88	0.55	0.7	0.75	0.7	0.48	0.69	0.49	0.85	0.8	0.54	0.75	0.66	0.91	0.69	0.63	0.64	0.8	0.87	0.97	0.49	0.59	0.66	0.37	0.91	0.86	0.77	0.54	0.47	0.61	0.66	0.58	0.88	0.44	0.95	0.92	0.96	0.37	0.65	0.55	0.57	0.89	0.58	0.6	0.92	0.89	0.81	0.67	0.8	0.56	0.13	0.55	0.32	0.5	0.66	0.47	0.65	0.8	0.96	0.74	0.64	0.93	0.56	0.68	0.52	0.63	0.0	0.61	0.71	0.75	0.59	0.43	0.34	0.46	1.0	0.9	0.41	0.49	0.51	0.77	0.82	0.75	0.42	0.67	0.73	0.77	0.92	0.68	0.52	0.7	0.5	0.71	0.39	0.61	0.53	0.62	0.6	0.66	0.51	0.88	0.64	0.64	0.24	0.44	0.73	0.76	0.74	0.42	0.38	0.55	0.49	0.88	0.78	0.73	0.87	0.7	0.62	0.71	0.66	0.44	0.71	0.57	0.68	0.59	0.93	0.67	0.91	0.72	0.72	0.95	0.72
CHEMBL40	0.41	0.61	0.58	0.42	0.66	0.76	0.49	0.54	0.76	0.39	0.52	0.75	0.45	0.54	0.5	0.54	0.78	0.72	0.56	0.61	0.55	0.78	0.52	0.49	0.63	0.67	0.8	0.87	0.53	0.61	0.68	0.54	0.85	0.77	0.72	0.51	0.58	0.21	0.6	0.56	0.81	0.55	0.87	0.84	0.91	0.6	0.64	0.57	0.6	0.75	0.65	0.48	0.79	0.82	0.81	0.58	0.71	0.59	0.58	0.48	0.56	0.54	0.66	0.58	0.65	0.74	0.84	0.54	0.66	0.83	0.65	0.52	0.67	0.67	0.61	0.0	0.54	0.56	0.64	0.5	0.62	0.65	1.0	0.81	0.56	0.48	0.54	0.61	0.63	0.5	0.56	0.62	0.58	0.65	0.72	0.42	0.4	0.71	0.47	0.56	0.64	0.65	0.64	0.62	0.43	0.61	0.63	0.83	0.63	0.44	0.57	0.51	0.55	0.6	0.63	0.58	0.59	0.47	0.58	0.78	0.62	0.59	0.7	0.4	0.53	0.45	0.46	0.57	0.56	0.59	0.45	0.66	0.82	0.5	0.82	0.54	0.54	0.88	0.63
CHEMBL415	0.39	0.76	0.64	0.29	0.55	0.87	0.12	0.52	0.81	0.62	0.24	0.81	0.42	0.56	0.26	0.59	0.87	0.81	0.64	0.81	0.52	0.88	0.39	0.37	0.76	0.57	0.88	0.9	0.63	0.65	0.63	0.67	0.83	0.84	0.75	0.63	0.62	0.51	0.65	0.55	0.88	0.53	0.86	0.87	0.92	0.71	0.73	0.57	0.68	0.83	0.55	0.5	0.92	0.9	0.88	0.47	0.66	0.5	0.7	0.46	0.7	0.63	0.75	0.61	0.6	0.82	0.93	0.47	0.55	0.81	0.54	0.44	0.66	0.78	0.71	0.54	0.0	0.24	0.62	0.58	0.71	0.73	0.99	0.84	0.69	0.64	0.57	0.41	0.7	0.55	0.65	0.58	0.29	0.73	0.79	0.44	0.6	0.74	0.47	0.48	0.69	0.61	0.65	0.71	0.57	0.66	0.52	0.88	0.48	0.4	0.64	0.54	0.55	0.39	0.39	0.67	0.6	0.46	0.65	0.87	0.29	0.42	0.71	0.55	0.5	0.43	0.38	0.56	0.43	0.62	0.34	0.7	0.85	0.34	0.84	0.53	0.39	0.83	0.71
CHEMBL42	0.48	0.79	0.66	0.36	0.55	0.88	0.31	0.55	0.73	0.62	0.26	0.84	0.5	0.59	0.34	0.65	0.88	0.79	0.6	0.8	0.55	0.87	0.47	0.42	0.8	0.49	0.88	0.84	0.66	0.67	0.54	0.72	0.73	0.86	0.74	0.68	0.68	0.54	0.7	0.57	0.88	0.62	0.88	0.88	0.91	0.75	0.77	0.59	0.67	0.73	0.55	0.54	0.87	0.89	0.9	0.5	0.71	0.56	0.74	0.49	0.73	0.63	0.77	0.63	0.65	0.85	0.92	0.4	0.51	0.72	0.57	0.53	0.63	0.81	0.75	0.56	0.24	0.0	0.55	0.61	0.74	0.75	0.99	0.81	0.72	0.67	0.58	0.45	0.61	0.57	0.71	0.55	0.34	0.72	0.78	0.43	0.67	0.77	0.54	0.42	0.73	0.63	0.69	0.66	0.58	0.6	0.55	0.87	0.42	0.51	0.69	0.61	0.53	0.42	0.32	0.71	0.67	0.5	0.7	0.89	0.36	0.45	0.71	0.57	0.5	0.46	0.49	0.62	0.48	0.55	0.43	0.68	0.83	0.42	0.78	0.5	0.38	0.86	0.77
CHEMBL421	0.59	0.72	0.61	0.56	0.48	0.84	0.6	0.5	0.71	0.6	0.59	0.78	0.63	0.61	0.58	0.6	0.85	0.76	0.51	0.76	0.57	0.84	0.62	0.5	0.76	0.5	0.83	0.91	0.53	0.56	0.42	0.61	0.72	0.81	0.73	0.61	0.63	0.62	0.8	0.55	0.81	0.62	0.92	0.89	0.94	0.62	0.77	0.53	0.59	0.71	0.44	0.57	0.84	0.84	0.86	0.6	0.85	0.5	0.57	0.44	0.53	0.46	0.7	0.6	0.58	0.86	0.92	0.45	0.45	0.73	0.44	0.66	0.49	0.75	0.59	0.64	0.62	0.55	0.0	0.47	0.61	0.64	1.0	0.86	0.62	0.55	0.44	0.61	0.57	0.65	0.64	0.51	0.51	0.7	0.84	0.43	0.64	0.72	0.55	0.47	0.65	0.58	0.69	0.56	0.61	0.41	0.43	0.84	0.54	0.7	0.57	0.6	0.46	0.6	0.55	0.62	0.61	0.44	0.65	0.89	0.62	0.56	0.82	0.6	0.49	0.6	0.67	0.63	0.66	0.33	0.63	0.57	0.88	0.65	0.72	0.44	0.52	0.91	0.81
CHEMBL429	0.54	0.6	0.4	0.56	0.56	0.79	0.54	0.43	0.84	0.44	0.56	0.63	0.57	0.38	0.56	0.42	0.79	0.61	0.49	0.58	0.41	0.78	0.62	0.49	0.65	0.72	0.78	0.92	0.32	0.53	0.61	0.44	0.88	0.74	0.57	0.56	0.47	0.47	0.73	0.49	0.78	0.44	0.88	0.84	0.91	0.47	0.66	0.42	0.5	0.83	0.54	0.46	0.87	0.8	0.82	0.52	0.8	0.43	0.39	0.39	0.41	0.34	0.52	0.37	0.54	0.8	0.9	0.64	0.58	0.86	0.47	0.61	0.43	0.61	0.43	0.5	0.58	0.61	0.47	0.0	0.42	0.5	1.0	0.73	0.47	0.37	0.35	0.64	0.74	0.63	0.48	0.53	0.63	0.58	0.78	0.53	0.5	0.59	0.39	0.64	0.49	0.55	0.59	0.58	0.4	0.58	0.5	0.74	0.56	0.56	0.36	0.38	0.59	0.63	0.67	0.5	0.44	0.39	0.49	0.83	0.66	0.57	0.73	0.56	0.45	0.56	0.52	0.42	0.63	0.47	0.55	0.58	0.83	0.49	0.87	0.55	0.63	0.88	0.68
CHEMBL429023	0.66	0.57	0.39	0.71	0.59	0.82	0.69	0.65	0.88	0.54	0.71	0.68	0.7	0.46	0.69	0.46	0.85	0.75	0.55	0.72	0.66	0.92	0.7	0.65	0.63	0.8	0.89	0.97	0.43	0.59	0.67	0.37	0.92	0.87	0.7	0.57	0.41	0.62	0.74	0.58	0.9	0.42	0.95	0.91	0.98	0.24	0.64	0.56	0.59	0.89	0.52	0.57	0.92	0.91	0.79	0.61	0.81	0.54	0.3	0.59	0.35	0.49	0.59	0.44	0.68	0.8	0.96	0.75	0.6	0.93	0.58	0.68	0.43	0.56	0.34	0.62	0.71	0.74	0.61	0.42	0.0	0.25	1.0	0.9	0.39	0.48	0.5	0.73	0.81	0.75	0.41	0.68	0.73	0.7	0.91	0.68	0.54	0.64	0.52	0.72	0.26	0.61	0.51	0.63	0.6	0.69	0.54	0.83	0.61	0.64	0.31	0.45	0.73	0.74	0.75	0.42	0.33	0.59	0.48	0.89	0.75	0.7	0.84	0.7	0.64	0.71	0.65	0.43	0.71	0.57	0.69	0.6	0.92	0.64	0.91	0.72	0.72	0.95	0.73
CHEMBL44657	0.68	0.56	0.44	0.72	0.59	0.78	0.71	0.64	0.9	0.57	0.72	0.62	0.72	0.5	0.7	0.45	0.85	0.72	0.61	0.74	0.65	0.89	0.7	0.64	0.62	0.81	0.86	0.97	0.44	0.59	0.69	0.33	0.92	0.84	0.62	0.53	0.44	0.65	0.76	0.61	0.87	0.46	0.95	0.91	0.98	0.28	0.64	0.58	0.66	0.9	0.53	0.59	0.93	0.87	0.81	0.59	0.82	0.54	0.42	0.61	0.43	0.58	0.52	0.43	0.67	0.84	0.96	0.73	0.6	0.93	0.61	0.69	0.45	0.58	0.46	0.65	0.73	0.75	0.64	0.5	0.25	0.0	1.0	0.88	0.39	0.43	0.58	0.75	0.82	0.77	0.43	0.67	0.74	0.66	0.91	0.7	0.51	0.62	0.57	0.74	0.41	0.64	0.53	0.69	0.58	0.69	0.56	0.77	0.64	0.65	0.47	0.46	0.78	0.75	0.77	0.48	0.43	0.59	0.43	0.88	0.76	0.69	0.84	0.72	0.66	0.73	0.66	0.47	0.73	0.58	0.71	0.68	0.92	0.63	0.92	0.77	0.74	0.95	0.72
CHEMBL44814	1.0	1.0	1.0	1.0	1.0	1.0	1.0	1.0	1.0	1.0	0.99	1.0	0.99	1.0	1.0	1.0	0.98	1.0	1.0	1.0	0.98	1.0	1.0	0.98	1.0	1.0	1.0	1.0	1.0	1.0	1.0	1.0	1.0	1.0	1.0	1.0	1.0	1.0	1.0	1.0	1.0	1.0	1.0	1.0	1.0	1.0	0.98	1.0	1.0	1.0	1.0	1.0	1.0	1.0	1.0	1.0	0.93	1.0	1.0	1.0	1.0	1.0	1.0	1.0	1.0	1.0	1.0	0.99	0.99	1.0	0.99	1.0	1.0	1.0	1.0	1.0	0.99	0.99	1.0	1.0	1.0	1.0	0.0	1.0	1.0	1.0	0.99	1.0	1.0	0.98	1.0	1.0	0.99	1.0	0.97	1.0	1.0	1.0	0.99	0.99	0.99	1.0	0.99	1.0	1.0	1.0	1.0	1.0	0.99	1.0	1.0	1.0	1.0	1.0	0.99	1.0	0.99	1.0	1.0	1.0	0.99	1.0	1.0	1.0	1.0	1.0	1.0	1.0	0.99	1.0	1.0	1.0	0.94	0.99	1.0	1.0	1.0	1.0	1.0
CHEMBL44884	0.82	0.79	0.8	0.83	0.85	0.69	0.82	0.77	0.81	0.82	0.82	0.68	0.83	0.77	0.84	0.78	0.65	0.6	0.86	0.64	0.73	0.5	0.9	0.81	0.82	0.86	0.51	0.74	0.82	0.86	0.85	0.87	0.84	0.6	0.61	0.86	0.81	0.8	0.93	0.79	0.5	0.81	0.62	0.55	0.71	0.9	0.83	0.77	0.8	0.79	0.86	0.81	0.76	0.52	0.75	0.78	0.96	0.82	0.9	0.81	0.88	0.78	0.72	0.72	0.85	0.79	0.73	0.84	0.86	0.75	0.82	0.89	0.84	0.82	0.9	0.81	0.84	0.81	0.86	0.73	0.9	0.88	1.0	0.0	0.85	0.81	0.82	0.84	0.83	0.76	0.85	0.79	0.86	0.68	0.59	0.82	0.83	0.7	0.81	0.87	0.91	0.85	0.87	0.85	0.66	0.82	0.88	0.58	0.81	0.81	0.83	0.78	0.85	0.8	0.88	0.9	0.89	0.81	0.87	0.67	0.85	0.77	0.6	0.75	0.77	0.8	0.83	0.8	0.87	0.83	0.85	0.88	0.56	0.71	0.82	0.8	0.87	0.62	0.75
CHEMBL457	0.63	0.52	0.45	0.65	0.54	0.7	0.66	0.52	0.9	0.46	0.68	0.71	0.64	0.38	0.66	0.39	0.8	0.77	0.56	0.73	0.59	0.85	0.67	0.57	0.62	0.78	0.8	0.96	0.49	0.6	0.66	0.25	0.94	0.81	0.69	0.48	0.25	0.61	0.65	0.45	0.82	0.32	0.93	0.88	0.96	0.34	0.63	0.43	0.56	0.91	0.56	0.53	0.92	0.83	0.72	0.62	0.74	0.49	0.36	0.53	0.23	0.48	0.59	0.36	0.58	0.76	0.94	0.7	0.61	0.92	0.55	0.66	0.56	0.61	0.41	0.56	0.69	0.72	0.62	0.47	0.39	0.39	1.0	0.85	0.0	0.38	0.52	0.74	0.8	0.68	0.21	0.71	0.72	0.74	0.88	0.66	0.36	0.61	0.53	0.74	0.43	0.54	0.33	0.62	0.5	0.65	0.54	0.81	0.58	0.6	0.4	0.35	0.72	0.73	0.76	0.23	0.35	0.54	0.41	0.85	0.75	0.68	0.87	0.61	0.63	0.64	0.63	0.35	0.69	0.55	0.64	0.59	0.9	0.61	0.9	0.71	0.72	0.93	0.62
CHEMBL459	0.59	0.58	0.42	0.59	0.58	0.72	0.6	0.43	0.87	0.42	0.62	0.69	0.6	0.44	0.6	0.43	0.74	0.69	0.53	0.66	0.49	0.8	0.61	0.48	0.64	0.76	0.74	0.93	0.38	0.58	0.66	0.35	0.91	0.74	0.65	0.48	0.42	0.49	0.67	0.5	0.76	0.47	0.91	0.89	0.92	0.47	0.64	0.49	0.57	0.87	0.52	0.47	0.88	0.75	0.79	0.6	0.76	0.49	0.45	0.42	0.38	0.49	0.55	0.44	0.49	0.78	0.91	0.64	0.64	0.89	0.53	0.6	0.58	0.65	0.49	0.48	0.64	0.67	0.55	0.37	0.48	0.43	1.0	0.81	0.38	0.0	0.53	0.71	0.79	0.65	0.38	0.63	0.68	0.68	0.83	0.6	0.38	0.63	0.47	0.69	0.54	0.53	0.5	0.63	0.41	0.61	0.53	0.74	0.63	0.58	0.49	0.38	0.67	0.7	0.71	0.44	0.45	0.43	0.42	0.83	0.72	0.66	0.79	0.58	0.53	0.57	0.59	0.45	0.66	0.54	0.54	0.62	0.87	0.57	0.87	0.65	0.65	0.91	0.66
CHEMBL472	0.58	0.69	0.43	0.58	0.57	0.84	0.6	0.53	0.83	0.5	0.52	0.75	0.47	0.42	0.61	0.53	0.81	0.68	0.47	0.7	0.51	0.8	0.65	0.5	0.72	0.7	0.82	0.92	0.47	0.61	0.56	0.51	0.85	0.78	0.68	0.55	0.5	0.51	0.77	0.48	0.79	0.46	0.9	0.88	0.92	0.53	0.7	0.47	0.47	0.82	0.55	0.53	0.83	0.83	0.82	0.62	0.77	0.41	0.49	0.49	0.45	0.2	0.64	0.44	0.64	0.83	0.89	0.61	0.5	0.84	0.37	0.67	0.53	0.72	0.51	0.54	0.57	0.58	0.44	0.35	0.5	0.58	0.99	0.82	0.52	0.53	0.0	0.63	0.73	0.47	0.53	0.59	0.61	0.65	0.76	0.58	0.6	0.67	0.43	0.59	0.45	0.51	0.51	0.54	0.5	0.55	0.46	0.82	0.47	0.63	0.44	0.45	0.63	0.62	0.63	0.51	0.42	0.49	0.6	0.84	0.59	0.6	0.77	0.46	0.53	0.6	0.6	0.47	0.56	0.47	0.62	0.56	0.84	0.52	0.83	0.6	0.67	0.89	0.77
CHEMBL479	0.45	0.8	0.7	0.43	0.62	0.9	0.35	0.54	0.8	0.69	0.49	0.83	0.51	0.64	0.38	0.67	0.89	0.79	0.69	0.84	0.6	0.85	0.48	0.56	0.81	0.46	0.87	0.9	0.67	0.7	0.63	0.73	0.75	0.81	0.73	0.61	0.69	0.6	0.66	0.56	0.81	0.64	0.86	0.86	0.92	0.76	0.82	0.58	0.63	0.82	0.58	0.6	0.9	0.83	0.89	0.49	0.75	0.48	0.75	0.55	0.75	0.63	0.78	0.66	0.61	0.85	0.93	0.55	0.65	0.76	0.64	0.54	0.7	0.82	0.77	0.61	0.41	0.45	0.61	0.64	0.73	0.75	1.0	0.84	0.74	0.71	0.63	0.0	0.7	0.6	0.72	0.58	0.49	0.74	0.82	0.5	0.69	0.78	0.63	0.6	0.79	0.6	0.74	0.72	0.63	0.63	0.66	0.87	0.55	0.53	0.71	0.62	0.58	0.12	0.57	0.72	0.74	0.56	0.71	0.89	0.2	0.25	0.74	0.57	0.55	0.53	0.49	0.64	0.46	0.62	0.47	0.71	0.86	0.52	0.75	0.56	0.46	0.81	0.78
CHEMBL49	0.63	0.76	0.78	0.65	0.66	0.82	0.68	0.73	0.48	0.71	0.61	0.77	0.69	0.79	0.65	0.76	0.83	0.72	0.67	0.71	0.73	0.82	0.76	0.71	0.76	0.51	0.85	0.85	0.75	0.66	0.59	0.81	0.61	0.76	0.78	0.78	0.8	0.64	0.87	0.74	0.85	0.79	0.88	0.84	0.93	0.82	0.77	0.74	0.73	0.5	0.62	0.71	0.81	0.87	0.87	0.66	0.93	0.68	0.81	0.7	0.81	0.72	0.77	0.8	0.8	0.86	0.88	0.55	0.56	0.59	0.75	0.76	0.73	0.78	0.82	0.63	0.7	0.61	0.57	0.74	0.81	0.82	1.0	0.83	0.8	0.79	0.73	0.7	0.0	0.77	0.83	0.62	0.55	0.68	0.77	0.45	0.77	0.75	0.71	0.43	0.83	0.82	0.85	0.7	0.67	0.6	0.66	0.87	0.64	0.76	0.77	0.77	0.54	0.7	0.58	0.83	0.81	0.71	0.81	0.8	0.72	0.67	0.77	0.72	0.65	0.69	0.73	0.78	0.75	0.52	0.75	0.74	0.84	0.7	0.69	0.54	0.6	0.86	0.8
CHEMBL498	0.59	0.79	0.64	0.54	0.73	0.86	0.6	0.58	0.81	0.6	0.54	0.85	0.39	0.59	0.61	0.64	0.8	0.77	0.68	0.8	0.58	0.72	0.63	0.58	0.8	0.64	0.79	0.85	0.68	0.75	0.7	0.7	0.82	0.78	0.74	0.59	0.65	0.54	0.59	0.6	0.74	0.63	0.83	0.83	0.86	0.73	0.76	0.63	0.61	0.8	0.74	0.65	0.74	0.79	0.82	0.7	0.6	0.65	0.73	0.65	0.69	0.53	0.76	0.63	0.68	0.78	0.8	0.6	0.68	0.78	0.59	0.66	0.77	0.82	0.75	0.5	0.55	0.57	0.65	0.63	0.75	0.77	0.98	0.76	0.68	0.65	0.47	0.6	0.77	0.0	0.67	0.68	0.61	0.72	0.64	0.65	0.61	0.79	0.57	0.64	0.71	0.62	0.58	0.68	0.55	0.58	0.71	0.83	0.6	0.53	0.7	0.62	0.66	0.57	0.64	0.67	0.66	0.65	0.7	0.81	0.49	0.63	0.78	0.21	0.68	0.58	0.59	0.64	0.49	0.69	0.59	0.71	0.76	0.53	0.74	0.63	0.68	0.82	0.75
CHEMBL502074	0.65	0.58	0.43	0.64	0.58	0.76	0.62	0.49	0.91	0.48	0.66	0.78	0.64	0.38	0.62	0.45	0.86	0.8	0.59	0.76	0.57	0.9	0.63	0.61	0.63	0.77	0.85	0.96	0.48	0.6	0.65	0.29	0.93	0.86	0.7	0.51	0.26	0.61	0.62	0.48	0.87	0.28	0.93	0.89	0.96	0.41	0.63	0.48	0.6	0.92	0.52	0.57	0.93	0.88	0.78	0.59	0.72	0.54	0.37	0.56	0.32	0.5	0.65	0.34	0.53	0.76	0.95	0.7	0.63	0.92	0.6	0.61	0.6	0.63	0.42	0.56	0.65	0.71	0.64	0.48	0.41	0.43	1.0	0.85	0.21	0.38	0.53	0.72	0.83	0.67	0.0	0.72	0.68	0.76	0.89	0.66	0.41	0.69	0.51	0.75	0.47	0.54	0.41	0.66	0.56	0.64	0.55	0.83	0.59	0.53	0.44	0.26	0.73	0.71	0.73	0.3	0.43	0.56	0.32	0.88	0.73	0.67	0.83	0.6	0.66	0.65	0.58	0.33	0.68	0.59	0.59	0.63	0.9	0.59	0.9	0.72	0.69	0.92	0.56
CHEMBL502682	0.55	0.72	0.64	0.57	0.5	0.85	0.56	0.59	0.7	0.62	0.51	0.71	0.6	0.66	0.56	0.59	0.83	0.58	0.54	0.7	0.54	0.79	0.62	0.54	0.76	0.53	0.82	0.92	0.57	0.61	0.45	0.69	0.64	0.72	0.7	0.62	0.69	0.56	0.8	0.61	0.79	0.69	0.92	0.89	0.94	0.7	0.76	0.56	0.59	0.68	0.52	0.55	0.85	0.8	0.89	0.5	0.85	0.49	0.66	0.54	0.7	0.55	0.66	0.61	0.68	0.87	0.92	0.48	0.55	0.69	0.54	0.65	0.52	0.74	0.67	0.62	0.58	0.55	0.51	0.53	0.68	0.67	1.0	0.79	0.71	0.63	0.59	0.58	0.62	0.68	0.72	0.0	0.52	0.63	0.83	0.42	0.66	0.65	0.62	0.47	0.7	0.67	0.76	0.62	0.48	0.53	0.43	0.8	0.6	0.68	0.61	0.65	0.55	0.57	0.55	0.75	0.69	0.54	0.72	0.84	0.6	0.52	0.8	0.63	0.5	0.57	0.64	0.68	0.61	0.46	0.63	0.66	0.87	0.59	0.7	0.51	0.48	0.9	0.79
CHEMBL505	0.49	0.77	0.67	0.45	0.52	0.88	0.36	0.59	0.7	0.65	0.32	0.82	0.47	0.62	0.32	0.64	0.89	0.81	0.63	0.81	0.58	0.89	0.48	0.48	0.78	0.4	0.9	0.9	0.66	0.59	0.5	0.7	0.73	0.85	0.77	0.67	0.65	0.57	0.7	0.61	0.9	0.61	0.88	0.87	0.93	0.73	0.75	0.62	0.69	0.72	0.39	0.56	0.92	0.91	0.9	0.53	0.71	0.59	0.72	0.55	0.73	0.66	0.77	0.65	0.66	0.85	0.94	0.41	0.46	0.7	0.6	0.52	0.66	0.8	0.73	0.58	0.29	0.34	0.51	0.63	0.73	0.74	0.99	0.86	0.72	0.68	0.61	0.49	0.55	0.61	0.68	0.52	0.0	0.75	0.82	0.22	0.64	0.76	0.52	0.31	0.7	0.67	0.69	0.69	0.62	0.56	0.46	0.89	0.52	0.5	0.67	0.58	0.37	0.47	0.37	0.71	0.65	0.55	0.68	0.89	0.42	0.5	0.73	0.61	0.56	0.52	0.47	0.62	0.47	0.49	0.46	0.68	0.85	0.42	0.76	0.36	0.3	0.86	0.75
CHEMBL505513	0.68	0.6	0.6	0.7	0.7	0.78	0.71	0.68	0.75	0.66	0.71	0.48	0.71	0.67	0.73	0.6	0.76	0.43	0.66	0.6	0.58	0.72	0.79	0.7	0.68	0.77	0.76	0.87	0.59	0.7	0.73	0.76	0.83	0.65	0.32	0.75	0.69	0.66	0.86	0.68	0.76	0.71	0.86	0.78	0.9	0.69	0.7	0.65	0.64	0.74	0.71	0.63	0.8	0.77	0.77	0.61	0.91	0.67	0.76	0.67	0.74	0.65	0.42	0.62	0.75	0.77	0.85	0.73	0.63	0.8	0.67	0.78	0.61	0.64	0.77	0.65	0.73	0.72	0.7	0.58	0.7	0.66	1.0	0.68	0.74	0.68	0.65	0.74	0.68	0.72	0.76	0.63	0.75	0.0	0.7	0.7	0.73	0.49	0.67	0.72	0.75	0.73	0.77	0.69	0.51	0.69	0.7	0.51	0.65	0.74	0.7	0.67	0.74	0.74	0.77	0.76	0.74	0.67	0.76	0.71	0.76	0.69	0.69	0.68	0.61	0.7	0.74	0.69	0.77	0.63	0.75	0.73	0.79	0.62	0.82	0.7	0.77	0.85	0.72
CHEMBL514	0.76	0.86	0.78	0.74	0.85	0.79	0.8	0.78	0.79	0.8	0.77	0.78	0.76	0.78	0.81	0.84	0.69	0.69	0.77	0.7	0.7	0.64	0.86	0.79	0.85	0.84	0.72	0.77	0.82	0.85	0.84	0.9	0.83	0.69	0.73	0.88	0.84	0.72	0.89	0.79	0.69	0.84	0.66	0.66	0.77	0.91	0.83	0.8	0.77	0.77	0.87	0.8	0.72	0.71	0.84	0.84	0.89	0.83	0.91	0.82	0.89	0.78	0.79	0.8	0.85	0.84	0.57	0.8	0.83	0.77	0.83	0.83	0.86	0.87	0.92	0.72	0.79	0.78	0.84	0.78	0.91	0.91	0.97	0.59	0.88	0.83	0.76	0.82	0.77	0.64	0.89	0.83	0.82	0.7	0.0	0.8	0.86	0.79	0.8	0.8	0.89	0.83	0.86	0.77	0.72	0.82	0.87	0.7	0.75	0.8	0.87	0.81	0.81	0.8	0.82	0.89	0.88	0.82	0.9	0.73	0.8	0.83	0.58	0.65	0.8	0.75	0.81	0.84	0.82	0.83	0.8	0.82	0.58	0.76	0.81	0.77	0.85	0.74	0.84
CHEMBL517	0.4	0.7	0.62	0.42	0.5	0.83	0.39	0.53	0.65	0.55	0.38	0.76	0.53	0.61	0.36	0.6	0.83	0.74	0.55	0.73	0.54	0.83	0.51	0.46	0.72	0.43	0.83	0.89	0.57	0.52	0.49	0.64	0.72	0.79	0.74	0.62	0.64	0.46	0.72	0.56	0.84	0.6	0.88	0.86	0.92	0.69	0.72	0.56	0.64	0.65	0.39	0.49	0.87	0.85	0.87	0.51	0.79	0.52	0.66	0.46	0.67	0.58	0.7	0.62	0.65	0.82	0.9	0.43	0.51	0.7	0.6	0.54	0.6	0.74	0.68	0.42	0.44	0.43	0.43	0.53	0.68	0.7	1.0	0.82	0.66	0.6	0.58	0.5	0.45	0.65	0.66	0.42	0.22	0.7	0.8	0.0	0.57	0.72	0.53	0.3	0.71	0.65	0.73	0.62	0.52	0.52	0.46	0.86	0.56	0.53	0.62	0.59	0.27	0.49	0.47	0.69	0.66	0.45	0.67	0.84	0.52	0.49	0.73	0.58	0.46	0.46	0.49	0.62	0.58	0.42	0.47	0.6	0.85	0.51	0.75	0.25	0.31	0.87	0.72
CHEMBL521	0.53	0.44	0.6	0.57	0.64	0.58	0.56	0.56	0.88	0.42	0.6	0.69	0.56	0.54	0.56	0.4	0.77	0.75	0.63	0.66	0.57	0.82	0.57	0.44	0.5	0.75	0.74	0.95	0.52	0.57	0.74	0.32	0.93	0.75	0.72	0.31	0.44	0.45	0.54	0.61	0.77	0.49	0.91	0.89	0.95	0.48	0.51	0.58	0.66	0.89	0.66	0.46	0.9	0.78	0.74	0.58	0.67	0.58	0.48	0.44	0.37	0.58	0.58	0.55	0.61	0.7	0.93	0.63	0.71	0.91	0.63	0.55	0.66	0.56	0.52	0.4	0.6	0.67	0.64	0.5	0.54	0.51	1.0	0.83	0.36	0.38	0.6	0.69	0.77	0.61	0.41	0.66	0.64	0.73	0.86	0.57	0.0	0.63	0.42	0.67	0.56	0.67	0.51	0.72	0.41	0.64	0.6	0.83	0.7	0.44	0.53	0.44	0.65	0.68	0.7	0.43	0.46	0.43	0.44	0.83	0.7	0.64	0.79	0.52	0.55	0.56	0.52	0.5	0.63	0.64	0.52	0.69	0.89	0.55	0.89	0.64	0.65	0.9	0.56
CHEMBL521035	0.68	0.49	0.62	0.75	0.64	0.66	0.72	0.7	0.83	0.6	0.74	0.43	0.71	0.64	0.74	0.4	0.69	0.52	0.72	0.61	0.64	0.73	0.78	0.68	0.62	0.81	0.69	0.9	0.56	0.66	0.76	0.67	0.88	0.58	0.43	0.68	0.58	0.69	0.85	0.69	0.72	0.65	0.84	0.77	0.91	0.62	0.63	0.64	0.68	0.84	0.72	0.6	0.86	0.73	0.69	0.64	0.9	0.61	0.68	0.65	0.64	0.62	0.39	0.59	0.75	0.74	0.89	0.77	0.68	0.85	0.67	0.77	0.64	0.58	0.7	0.71	0.74	0.77	0.72	0.59	0.64	0.62	1.0	0.7	0.61	0.63	0.67	0.78	0.75	0.79	0.69	0.65	0.76	0.49	0.79	0.72	0.63	0.0	0.62	0.76	0.64	0.74	0.67	0.74	0.51	0.74	0.69	0.61	0.7	0.71	0.61	0.58	0.78	0.77	0.79	0.7	0.64	0.65	0.72	0.65	0.79	0.72	0.73	0.73	0.66	0.73	0.71	0.63	0.75	0.67	0.78	0.75	0.82	0.61	0.86	0.75	0.8	0.83	0.66
CHEMBL54	0.56	0.6	0.53	0.58	0.6	0.77	0.54	0.55	0.84	0.46	0.5	0.68	0.44	0.45	0.55	0.42	0.79	0.7	0.57	0.66	0.5	0.83	0.6	0.41	0.58	0.71	0.81	0.93	0.43	0.52	0.68	0.48	0.89	0.76	0.65	0.46	0.51	0.5	0.68	0.61	0.83	0.46	0.88	0.84	0.93	0.56	0.55	0.58	0.59	0.85	0.58	0.52	0.9	0.83	0.81	0.54	0.69	0.55	0.47	0.4	0.47	0.5	0.61	0.5	0.62	0.77	0.92	0.61	0.58	0.89	0.49	0.6	0.59	0.59	0.5	0.47	0.47	0.54	0.55	0.39	0.52	0.57	0.99	0.81	0.53	0.47	0.43	0.63	0.71	0.57	0.51	0.62	0.52	0.67	0.8	0.53	0.42	0.62	0.0	0.56	0.51	0.65	0.54	0.64	0.47	0.6	0.48	0.8	0.55	0.47	0.45	0.39	0.59	0.61	0.62	0.52	0.38	0.4	0.51	0.82	0.56	0.56	0.71	0.57	0.44	0.6	0.5	0.47	0.51	0.57	0.58	0.63	0.82	0.38	0.89	0.59	0.62	0.87	0.67
CHEMBL54349	0.5	0.78	0.7	0.52	0.53	0.87	0.53	0.63	0.51	0.62	0.41	0.82	0.53	0.69	0.51	0.68	0.87	0.76	0.58	0.79	0.6	0.87	0.62	0.5	0.78	0.4	0.88	0.9	0.67	0.6	0.42	0.71	0.6	0.81	0.8	0.68	0.71	0.53	0.78	0.65	0.89	0.69	0.91	0.89	0.95	0.73	0.76	0.65	0.68	0.54	0.5	0.61	0.85	0.9	0.9	0.58	0.78	0.58	0.7	0.58	0.73	0.62	0.78	0.71	0.71	0.86	0.92	0.39	0.36	0.63	0.6	0.63	0.63	0.8	0.71	0.56	0.48	0.42	0.47	0.64	0.72	0.74	0.99	0.87	0.74	0.69	0.59	0.6	0.43	0.64	0.75	0.47	0.31	0.72	0.8	0.3	0.67	0.76	0.56	0.0	0.7	0.72	0.73	0.63	0.59	0.52	0.43	0.9	0.5	0.65	0.66	0.68	0.44	0.58	0.35	0.75	0.67	0.58	0.74	0.85	0.55	0.57	0.82	0.64	0.57	0.58	0.62	0.69	0.56	0.42	0.61	0.67	0.86	0.53	0.74	0.43	0.46	0.9	0.8
CHEMBL562	0.69	0.63	0.43	0.73	0.6	0.82	0.72	0.67	0.89	0.54	0.67	0.7	0.67	0.5	0.72	0.48	0.85	0.76	0.58	0.74	0.67	0.92	0.74	0.63	0.66	0.82	0.89	0.97	0.46	0.62	0.69	0.45	0.93	0.87	0.75	0.6	0.46	0.65	0.76	0.6	0.9	0.47	0.95	0.92	0.98	0.3	0.6	0.58	0.61	0.9	0.61	0.58	0.92	0.91	0.81	0.67	0.75	0.56	0.34	0.63	0.38	0.51	0.63	0.51	0.69	0.81	0.96	0.74	0.6	0.93	0.57	0.71	0.51	0.62	0.39	0.64	0.69	0.73	0.65	0.49	0.26	0.41	0.99	0.91	0.43	0.54	0.45	0.79	0.83	0.71	0.47	0.7	0.7	0.75	0.89	0.71	0.56	0.64	0.51	0.7	0.0	0.64	0.41	0.65	0.62	0.71	0.53	0.85	0.61	0.67	0.36	0.47	0.75	0.79	0.73	0.46	0.28	0.62	0.54	0.86	0.75	0.76	0.86	0.71	0.66	0.72	0.7	0.48	0.69	0.6	0.72	0.62	0.91	0.64	0.92	0.75	0.77	0.95	0.75
CHEMBL56367	0.57	0.78	0.56	0.55	0.53	0.89	0.58	0.43	0.87	0.56	0.62	0.84	0.63	0.46	0.58	0.6	0.83	0.79	0.46	0.82	0.48	0.86	0.57	0.58	0.81	0.69	0.85	0.93	0.61	0.63	0.53	0.56	0.83	0.84	0.72	0.66	0.53	0.63	0.7	0.35	0.81	0.49	0.9	0.85	0.93	0.59	0.81	0.38	0.44	0.87	0.53	0.47	0.85	0.84	0.82	0.62	0.78	0.47	0.58	0.53	0.54	0.49	0.72	0.49	0.35	0.83	0.91	0.64	0.57	0.85	0.49	0.51	0.59	0.81	0.61	0.65	0.61	0.63	0.58	0.55	0.61	0.64	1.0	0.85	0.54	0.53	0.51	0.6	0.82	0.62	0.54	0.67	0.67	0.73	0.83	0.65	0.67	0.74	0.65	0.72	0.64	0.0	0.52	0.49	0.63	0.63	0.58	0.78	0.47	0.67	0.57	0.49	0.68	0.58	0.69	0.5	0.57	0.54	0.62	0.88	0.61	0.62	0.85	0.61	0.63	0.5	0.66	0.47	0.68	0.55	0.52	0.45	0.87	0.63	0.8	0.66	0.63	0.9	0.79
CHEMBL565	0.66	0.67	0.52	0.68	0.55	0.79	0.7	0.53	0.89	0.49	0.64	0.79	0.59	0.43	0.7	0.47	0.79	0.83	0.62	0.82	0.62	0.86	0.7	0.58	0.74	0.78	0.84	0.96	0.6	0.7	0.68	0.42	0.93	0.84	0.74	0.6	0.39	0.66	0.62	0.42	0.85	0.41	0.93	0.87	0.96	0.45	0.68	0.45	0.56	0.9	0.61	0.62	0.91	0.85	0.7	0.71	0.64	0.53	0.5	0.61	0.37	0.56	0.67	0.46	0.58	0.75	0.94	0.69	0.57	0.92	0.55	0.7	0.66	0.73	0.53	0.64	0.65	0.69	0.69	0.59	0.51	0.53	0.99	0.87	0.33	0.5	0.51	0.74	0.85	0.58	0.41	0.76	0.69	0.77	0.86	0.73	0.51	0.67	0.54	0.73	0.41	0.52	0.0	0.62	0.6	0.7	0.57	0.82	0.49	0.65	0.51	0.44	0.74	0.72	0.73	0.32	0.26	0.62	0.55	0.8	0.67	0.73	0.9	0.66	0.71	0.67	0.69	0.41	0.65	0.61	0.68	0.58	0.87	0.57	0.9	0.73	0.75	0.93	0.71
CHEMBL572	0.6	0.81	0.58	0.64	0.54	0.89	0.69	0.53	0.74	0.58	0.62	0.86	0.69	0.58	0.68	0.66	0.82	0.77	0.18	0.82	0.55	0.83	0.7	0.64	0.82	0.65	0.87	0.91	0.62	0.59	0.58	0.65	0.77	0.8	0.77	0.75	0.61	0.56	0.78	0.46	0.86	0.61	0.89	0.86	0.92	0.63	0.82	0.48	0.35	0.74	0.59	0.56	0.79	0.86	0.82	0.67	0.84	0.55	0.6	0.58	0.57	0.49	0.76	0.62	0.54	0.84	0.85	0.68	0.54	0.8	0.53	0.65	0.56	0.82	0.62	0.62	0.71	0.66	0.56	0.58	0.63	0.69	1.0	0.85	0.62	0.63	0.54	0.72	0.7	0.68	0.66	0.62	0.69	0.69	0.77	0.62	0.72	0.74	0.64	0.63	0.65	0.49	0.62	0.0	0.61	0.6	0.56	0.85	0.46	0.75	0.57	0.6	0.55	0.69	0.66	0.59	0.61	0.6	0.72	0.82	0.72	0.71	0.88	0.67	0.63	0.58	0.73	0.61	0.74	0.49	0.67	0.14	0.88	0.71	0.81	0.55	0.69	0.92	0.85
CHEMBL578	0.48	0.55	0.48	0.53	0.58	0.72	0.53	0.53	0.78	0.41	0.51	0.6	0.51	0.48	0.55	0.4	0.69	0.45	0.51	0.56	0.43	0.66	0.62	0.47	0.63	0.69	0.7	0.89	0.46	0.59	0.65	0.52	0.85	0.56	0.56	0.47	0.47	0.38	0.67	0.54	0.7	0.5	0.86	0.78	0.89	0.55	0.64	0.52	0.54	0.76	0.62	0.43	0.82	0.72	0.77	0.5	0.76	0.46	0.57	0.47	0.52	0.43	0.53	0.46	0.64	0.79	0.86	0.61	0.58	0.8	0.5	0.61	0.57	0.64	0.6	0.43	0.57	0.58	0.61	0.4	0.6	0.58	1.0	0.66	0.5	0.41	0.5	0.63	0.67	0.55	0.56	0.48	0.62	0.51	0.72	0.52	0.41	0.51	0.47	0.59	0.62	0.63	0.6	0.61	0.0	0.57	0.55	0.69	0.59	0.5	0.5	0.47	0.61	0.6	0.64	0.57	0.56	0.47	0.59	0.71	0.65	0.55	0.7	0.45	0.44	0.51	0.53	0.49	0.6	0.51	0.55	0.66	0.8	0.43	0.83	0.57	0.64	0.85	0.67
CHEMBL599	0.62	0.75	0.63	0.59	0.58	0.85	0.63	0.57	0.63	0.58	0.59	0.81	0.6	0.62	0.62	0.61	0.86	0.73	0.55	0.78	0.57	0.82	0.65	0.61	0.76	0.46	0.82	0.88	0.59	0.6	0.45	0.65	0.64	0.79	0.73	0.59	0.65	0.56	0.77	0.61	0.8	0.62	0.91	0.9	0.94	0.67	0.76	0.61	0.6	0.63	0.54	0.63	0.73	0.83	0.86	0.61	0.83	0.55	0.65	0.55	0.63	0.51	0.74	0.61	0.66	0.83	0.9	0.49	0.5	0.63	0.54	0.68	0.63	0.77	0.66	0.61	0.66	0.6	0.41	0.58	0.69	0.69	1.0	0.82	0.65	0.61	0.55	0.63	0.6	0.58	0.64	0.53	0.56	0.69	0.82	0.52	0.64	0.74	0.6	0.52	0.71	0.63	0.7	0.6	0.57	0.0	0.58	0.85	0.6	0.66	0.64	0.61	0.55	0.61	0.57	0.63	0.68	0.56	0.65	0.85	0.64	0.59	0.84	0.53	0.6	0.62	0.68	0.63	0.62	0.41	0.65	0.65	0.89	0.66	0.61	0.53	0.6	0.88	0.78
CHEMBL6	0.54	0.7	0.53	0.57	0.37	0.83	0.57	0.5	0.73	0.57	0.48	0.77	0.6	0.56	0.56	0.57	0.84	0.73	0.46	0.74	0.55	0.87	0.61	0.43	0.72	0.63	0.86	0.95	0.53	0.54	0.44	0.49	0.77	0.78	0.75	0.62	0.54	0.59	0.8	0.47	0.87	0.54	0.94	0.92	0.97	0.55	0.7	0.46	0.57	0.75	0.34	0.49	0.9	0.88	0.83	0.53	0.8	0.45	0.48	0.44	0.52	0.49	0.7	0.54	0.6	0.85	0.95	0.5	0.4	0.81	0.41	0.63	0.45	0.71	0.51	0.63	0.52	0.55	0.43	0.5	0.54	0.56	1.0	0.88	0.54	0.53	0.46	0.66	0.66	0.71	0.55	0.43	0.46	0.7	0.87	0.46	0.6	0.69	0.48	0.43	0.53	0.58	0.57	0.56	0.55	0.58	0.0	0.85	0.47	0.68	0.47	0.5	0.54	0.66	0.51	0.57	0.45	0.44	0.6	0.85	0.62	0.63	0.85	0.71	0.51	0.59	0.64	0.55	0.63	0.39	0.63	0.55	0.91	0.58	0.81	0.53	0.49	0.93	0.78
CHEMBL606759	0.86	0.72	0.76	0.85	0.82	0.75	0.87	0.77	0.88	0.77	0.87	0.5	0.85	0.76	0.88	0.71	0.6	0.5	0.84	0.63	0.72	0.71	0.89	0.8	0.82	0.9	0.63	0.87	0.75	0.84	0.85	0.84	0.9	0.69	0.42	0.85	0.79	0.84	0.91	0.78	0.66	0.82	0.82	0.67	0.79	0.81	0.83	0.75	0.81	0.87	0.82	0.79	0.85	0.63	0.78	0.76	0.94	0.82	0.87	0.8	0.82	0.81	0.51	0.72	0.79	0.85	0.86	0.86	0.82	0.87	0.8	0.87	0.79	0.78	0.88	0.83	0.88	0.87	0.84	0.74	0.83	0.77	1.0	0.58	0.81	0.74	0.82	0.87	0.87	0.83	0.83	0.8	0.89	0.51	0.7	0.86	0.83	0.61	0.8	0.9	0.85	0.78	0.82	0.85	0.69	0.85	0.85	0.0	0.82	0.87	0.84	0.78	0.87	0.86	0.91	0.85	0.84	0.81	0.86	0.76	0.88	0.83	0.71	0.82	0.78	0.84	0.87	0.8	0.88	0.83	0.84	0.84	0.68	0.73	0.87	0.84	0.88	0.84	0.8
CHEMBL623	0.49	0.77	0.57	0.52	0.44	0.89	0.53	0.46	0.72	0.57	0.45	0.79	0.57	0.49	0.52	0.58	0.85	0.75	0.45	0.81	0.53	0.85	0.64	0.54	0.8	0.56	0.88	0.89	0.62	0.66	0.49	0.61	0.77	0.81	0.7	0.71	0.51	0.6	0.75	0.36	0.87	0.49	0.88	0.81	0.95	0.62	0.78	0.39	0.49	0.73	0.48	0.6	0.84	0.89	0.83	0.55	0.76	0.41	0.62	0.56	0.6	0.52	0.73	0.51	0.54	0.86	0.88	0.54	0.34	0.77	0.47	0.64	0.51	0.8	0.64	0.63	0.48	0.42	0.54	0.56	0.61	0.64	0.99	0.81	0.58	0.63	0.47	0.55	0.64	0.6	0.59	0.6	0.52	0.65	0.75	0.56	0.7	0.7	0.55	0.5	0.61	0.47	0.49	0.46	0.59	0.6	0.47	0.82	0.0	0.66	0.54	0.5	0.6	0.52	0.48	0.57	0.53	0.57	0.65	0.83	0.47	0.53	0.82	0.65	0.58	0.59	0.63	0.46	0.61	0.43	0.62	0.5	0.84	0.48	0.8	0.59	0.59	0.89	0.8
CHEMBL629	0.51	0.67	0.56	0.44	0.66	0.81	0.32	0.62	0.87	0.55	0.47	0.77	0.49	0.46	0.35	0.47	0.86	0.8	0.69	0.78	0.6	0.84	0.4	0.58	0.66	0.65	0.84	0.87	0.56	0.64	0.72	0.55	0.88	0.83	0.72	0.48	0.5	0.46	0.49	0.64	0.86	0.35	0.82	0.84	0.88	0.64	0.68	0.66	0.68	0.88	0.61	0.56	0.91	0.87	0.84	0.56	0.64	0.61	0.61	0.58	0.62	0.63	0.71	0.49	0.67	0.74	0.91	0.63	0.69	0.84	0.71	0.43	0.71	0.7	0.64	0.44	0.4	0.51	0.7	0.56	0.64	0.65	1.0	0.81	0.6	0.58	0.63	0.53	0.76	0.53	0.53	0.68	0.5	0.74	0.8	0.53	0.44	0.71	0.47	0.65	0.67	0.67	0.65	0.75	0.5	0.66	0.68	0.87	0.66	0.0	0.56	0.42	0.63	0.5	0.58	0.57	0.6	0.55	0.52	0.83	0.55	0.54	0.63	0.42	0.62	0.56	0.22	0.42	0.47	0.69	0.38	0.74	0.85	0.43	0.86	0.62	0.54	0.79	0.58
CHEMBL633	0.61	0.61	0.45	0.66	0.51	0.82	0.62	0.6	0.85	0.48	0.64	0.67	0.64	0.38	0.63	0.39	0.81	0.73	0.49	0.71	0.61	0.85	0.66	0.61	0.65	0.74	0.85	0.93	0.45	0.56	0.61	0.38	0.88	0.8	0.71	0.56	0.33	0.58	0.73	0.52	0.86	0.32	0.89	0.83	0.94	0.35	0.66	0.51	0.48	0.86	0.5	0.55	0.89	0.86	0.79	0.61	0.8	0.45	0.13	0.54	0.35	0.41	0.62	0.36	0.65	0.8	0.92	0.72	0.55	0.89	0.5	0.65	0.47	0.62	0.24	0.57	0.64	0.69	0.57	0.36	0.31	0.47	1.0	0.83	0.4	0.49	0.44	0.71	0.77	0.7	0.44	0.61	0.67	0.7	0.87	0.62	0.53	0.61	0.45	0.66	0.36	0.57	0.51	0.57	0.5	0.64	0.47	0.84	0.54	0.56	0.0	0.36	0.67	0.7	0.7	0.41	0.34	0.54	0.52	0.81	0.71	0.66	0.8	0.64	0.58	0.68	0.57	0.29	0.64	0.49	0.65	0.55	0.87	0.57	0.89	0.67	0.68	0.88	0.72
CHEMBL637	0.57	0.6	0.38	0.56	0.49	0.77	0.49	0.46	0.87	0.43	0.56	0.68	0.55	0.22	0.5	0.36	0.8	0.72	0.53	0.7	0.51	0.84	0.57	0.55	0.62	0.71	0.82	0.91	0.41	0.54	0.58	0.3	0.9	0.77	0.63	0.51	0.27	0.54	0.65	0.43	0.83	0.19	0.87	0.84	0.92	0.42	0.64	0.42	0.52	0.88	0.43	0.51	0.9	0.84	0.79	0.5	0.74	0.42	0.4	0.5	0.4	0.43	0.6	0.29	0.52	0.78	0.91	0.66	0.55	0.87	0.55	0.56	0.56	0.64	0.44	0.51	0.54	0.61	0.6	0.38	0.45	0.46	1.0	0.78	0.35	0.38	0.45	0.62	0.77	0.62	0.26	0.65	0.58	0.67	0.81	0.59	0.44	0.58	0.39	0.68	0.47	0.49	0.44	0.6	0.47	0.61	0.5	0.78	0.5	0.42	0.36	0.0	0.66	0.61	0.65	0.36	0.4	0.49	0.35	0.82	0.63	0.57	0.71	0.53	0.58	0.59	0.45	0.2	0.58	0.51	0.54	0.59	0.84	0.47	0.88	0.65	0.63	0.85	0.62
CHEMBL64	0.48	0.8	0.67	0.47	0.55	0.88	0.5	0.55	0.68	0.59	0.49	0.85	0.56	0.67	0.48	0.68	0.84	0.82	0.56	0.81	0.58	0.83	0.57	0.54	0.81	0.44	0.84	0.9	0.66	0.59	0.55	0.72	0.75	0.82	0.79	0.71	0.7	0.55	0.7	0.57	0.86	0.68	0.86	0.83	0.91	0.74	0.81	0.58	0.62	0.67	0.49	0.58	0.85	0.86	0.85	0.61	0.78	0.61	0.71	0.49	0.68	0.6	0.79	0.7	0.65	0.8	0.88	0.49	0.57	0.73	0.62	0.61	0.64	0.82	0.73	0.55	0.55	0.53	0.46	0.59	0.73	0.78	1.0	0.85	0.72	0.67	0.63	0.58	0.54	0.66	0.73	0.55	0.37	0.74	0.81	0.27	0.65	0.78	0.59	0.44	0.75	0.68	0.74	0.55	0.61	0.55	0.54	0.87	0.6	0.63	0.67	0.66	0.0	0.56	0.55	0.68	0.71	0.51	0.75	0.85	0.59	0.56	0.82	0.61	0.53	0.5	0.6	0.69	0.61	0.48	0.54	0.51	0.84	0.6	0.77	0.06	0.41	0.89	0.8
CHEMBL643	0.42	0.79	0.69	0.4	0.61	0.9	0.32	0.5	0.79	0.68	0.44	0.84	0.5	0.63	0.35	0.65	0.88	0.78	0.67	0.84	0.59	0.85	0.45	0.54	0.8	0.41	0.86	0.89	0.66	0.69	0.6	0.72	0.74	0.81	0.74	0.6	0.68	0.57	0.63	0.53	0.81	0.62	0.85	0.85	0.92	0.76	0.81	0.55	0.61	0.8	0.56	0.58	0.9	0.83	0.88	0.48	0.73	0.45	0.75	0.53	0.74	0.6	0.78	0.64	0.6	0.83	0.92	0.55	0.63	0.74	0.63	0.52	0.68	0.82	0.76	0.6	0.39	0.42	0.6	0.63	0.74	0.75	1.0	0.8	0.73	0.7	0.62	0.12	0.7	0.57	0.71	0.57	0.47	0.74	0.8	0.49	0.68	0.77	0.61	0.58	0.79	0.58	0.72	0.69	0.6	0.61	0.66	0.86	0.52	0.5	0.7	0.61	0.56	0.0	0.54	0.71	0.74	0.54	0.7	0.88	0.15	0.23	0.73	0.55	0.52	0.5	0.46	0.62	0.44	0.61	0.44	0.69	0.85	0.48	0.75	0.53	0.44	0.8	0.78
CHEMBL646	0.52	0.81	0.72	0.45	0.52	0.91	0.43	0.63	0.66	0.66	0.31	0.86	0.58	0.67	0.42	0.69	0.9	0.83	0.59	0.85	0.62	0.91	0.51	0.51	0.81	0.47	0.91	0.88	0.7	0.67	0.53	0.72	0.68	0.86	0.81	0.71	0.71	0.56	0.74	0.64	0.92	0.66	0.89	0.9	0.94	0.75	0.79	0.66	0.71	0.69	0.55	0.61	0.84	0.92	0.91	0.55	0.74	0.61	0.73	0.58	0.76	0.68	0.81	0.69	0.69	0.87	0.93	0.39	0.44	0.67	0.63	0.57	0.65	0.82	0.74	0.63	0.39	0.32	0.55	0.67	0.75	0.77	0.99	0.88	0.76	0.71	0.63	0.57	0.58	0.64	0.73	0.55	0.37	0.77	0.82	0.47	0.7	0.79	0.62	0.35	0.73	0.69	0.73	0.66	0.64	0.57	0.51	0.91	0.48	0.58	0.7	0.65	0.55	0.54	0.0	0.74	0.7	0.58	0.72	0.89	0.51	0.56	0.8	0.65	0.6	0.56	0.54	0.66	0.53	0.55	0.52	0.68	0.89	0.52	0.71	0.54	0.41	0.89	0.79
CHEMBL6466	0.64	0.62	0.46	0.61	0.53	0.76	0.64	0.53	0.9	0.46	0.66	0.8	0.62	0.36	0.64	0.46	0.83	0.84	0.54	0.8	0.6	0.88	0.61	0.59	0.67	0.79	0.85	0.97	0.54	0.63	0.65	0.32	0.94	0.85	0.74	0.52	0.28	0.6	0.6	0.44	0.87	0.3	0.94	0.89	0.96	0.33	0.68	0.48	0.54	0.91	0.57	0.55	0.91	0.87	0.69	0.66	0.71	0.51	0.37	0.51	0.19	0.47	0.67	0.38	0.56	0.72	0.94	0.69	0.6	0.93	0.55	0.62	0.62	0.69	0.42	0.58	0.67	0.71	0.62	0.5	0.42	0.48	1.0	0.9	0.23	0.44	0.51	0.72	0.83	0.67	0.3	0.75	0.71	0.76	0.89	0.69	0.43	0.7	0.52	0.75	0.46	0.5	0.32	0.59	0.57	0.63	0.57	0.85	0.57	0.57	0.41	0.36	0.68	0.71	0.74	0.0	0.34	0.53	0.46	0.86	0.73	0.68	0.86	0.6	0.62	0.63	0.61	0.32	0.66	0.56	0.6	0.55	0.91	0.62	0.9	0.69	0.68	0.94	0.68
CHEMBL672	0.64	0.57	0.46	0.67	0.54	0.77	0.66	0.61	0.9	0.46	0.61	0.7	0.59	0.38	0.66	0.39	0.81	0.77	0.53	0.73	0.61	0.89	0.68	0.52	0.64	0.8	0.86	0.97	0.5	0.6	0.67	0.34	0.94	0.85	0.73	0.53	0.4	0.6	0.71	0.53	0.87	0.39	0.94	0.9	0.97	0.36	0.59	0.52	0.56	0.91	0.56	0.53	0.93	0.87	0.73	0.67	0.72	0.44	0.33	0.52	0.3	0.49	0.59	0.43	0.65	0.78	0.95	0.68	0.53	0.93	0.47	0.67	0.54	0.59	0.38	0.59	0.6	0.67	0.61	0.44	0.33	0.43	0.99	0.89	0.35	0.45	0.42	0.74	0.81	0.66	0.43	0.69	0.65	0.74	0.88	0.66	0.46	0.64	0.38	0.67	0.28	0.57	0.26	0.61	0.56	0.68	0.45	0.84	0.53	0.6	0.34	0.4	0.71	0.74	0.7	0.34	0.0	0.52	0.5	0.84	0.69	0.7	0.85	0.67	0.61	0.69	0.64	0.36	0.65	0.53	0.65	0.58	0.89	0.53	0.92	0.7	0.72	0.94	0.69
CHEMBL686	0.41	0.64	0.55	0.38	0.49	0.75	0.41	0.36	0.79	0.47	0.47	0.73	0.57	0.52	0.45	0.49	0.79	0.73	0.5	0.68	0.43	0.8	0.43	0.25	0.65	0.66	0.78	0.93	0.49	0.51	0.6	0.47	0.85	0.77	0.66	0.48	0.57	0.45	0.7	0.44	0.8	0.54	0.91	0.89	0.93	0.58	0.66	0.42	0.57	0.79	0.52	0.34	0.88	0.8	0.79	0.48	0.78	0.45	0.52	0.06	0.46	0.48	0.62	0.51	0.53	0.79	0.92	0.45	0.6	0.84	0.41	0.46	0.5	0.67	0.55	0.47	0.46	0.5	0.44	0.39	0.59	0.59	1.0	0.81	0.54	0.43	0.49	0.56	0.71	0.65	0.56	0.54	0.55	0.67	0.82	0.45	0.43	0.65	0.4	0.58	0.62	0.54	0.62	0.6	0.47	0.56	0.44	0.81	0.57	0.55	0.54	0.49	0.51	0.54	0.58	0.53	0.52	0.0	0.56	0.85	0.57	0.5	0.77	0.59	0.32	0.39	0.52	0.57	0.62	0.49	0.44	0.59	0.86	0.56	0.83	0.49	0.48	0.91	0.71
CHEMBL691	0.64	0.59	0.53	0.65	0.64	0.78	0.62	0.54	0.91	0.56	0.67	0.79	0.66	0.47	0.62	0.51	0.89	0.82	0.66	0.77	0.61	0.9	0.61	0.62	0.46	0.78	0.87	0.96	0.44	0.44	0.69	0.33	0.93	0.86	0.73	0.48	0.45	0.61	0.66	0.6	0.88	0.42	0.94	0.92	0.97	0.48	0.49	0.6	0.68	0.91	0.55	0.61	0.93	0.89	0.84	0.55	0.75	0.6	0.45	0.58	0.49	0.61	0.7	0.44	0.57	0.79	0.95	0.7	0.67	0.92	0.67	0.55	0.62	0.49	0.49	0.58	0.65	0.7	0.65	0.49	0.48	0.43	1.0	0.87	0.41	0.42	0.6	0.71	0.81	0.7	0.32	0.72	0.68	0.76	0.9	0.67	0.44	0.72	0.51	0.74	0.54	0.62	0.55	0.72	0.59	0.65	0.6	0.86	0.65	0.52	0.52	0.35	0.75	0.7	0.72	0.46	0.5	0.56	0.0	0.89	0.72	0.67	0.81	0.63	0.65	0.67	0.5	0.41	0.68	0.64	0.61	0.7	0.92	0.61	0.9	0.74	0.68	0.93	0.61
CHEMBL695	0.78	0.81	0.81	0.84	0.83	0.7	0.86	0.82	0.75	0.75	0.82	0.7	0.78	0.85	0.86	0.75	0.64	0.68	0.84	0.72	0.82	0.51	0.91	0.85	0.81	0.89	0.62	0.79	0.82	0.85	0.89	0.86	0.88	0.51	0.77	0.85	0.78	0.77	0.93	0.82	0.7	0.83	0.72	0.64	0.84	0.86	0.8	0.83	0.81	0.76	0.89	0.85	0.74	0.67	0.72	0.85	0.96	0.78	0.88	0.85	0.85	0.8	0.8	0.84	0.89	0.74	0.74	0.88	0.84	0.85	0.85	0.89	0.84	0.82	0.88	0.78	0.87	0.89	0.89	0.83	0.89	0.88	1.0	0.67	0.85	0.83	0.84	0.89	0.8	0.81	0.88	0.84	0.89	0.71	0.73	0.84	0.83	0.65	0.82	0.85	0.86	0.88	0.8	0.82	0.71	0.85	0.85	0.76	0.83	0.83	0.81	0.82	0.85	0.88	0.89	0.86	0.84	0.85	0.89	0.0	0.89	0.86	0.8	0.8	0.85	0.82	0.85	0.81	0.86	0.82	0.9	0.85	0.75	0.82	0.85	0.84	0.91	0.74	0.85
CHEMBL71	0.45	0.81	0.72	0.45	0.63	0.91	0.36	0.54	0.81	0.7	0.41	0.85	0.44	0.64	0.4	0.68	0.88	0.81	0.7	0.85	0.6	0.86	0.5	0.49	0.82	0.47	0.88	0.9	0.69	0.71	0.63	0.74	0.76	0.83	0.76	0.63	0.7	0.62	0.66	0.56	0.83	0.65	0.87	0.86	0.92	0.77	0.79	0.58	0.64	0.82	0.59	0.61	0.91	0.85	0.89	0.54	0.67	0.5	0.76	0.56	0.76	0.65	0.8	0.67	0.61	0.85	0.93	0.52	0.6	0.77	0.58	0.56	0.7	0.83	0.78	0.62	0.29	0.36	0.62	0.66	0.75	0.76	0.99	0.85	0.75	0.72	0.59	0.2	0.72	0.49	0.73	0.6	0.42	0.76	0.8	0.52	0.7	0.79	0.56	0.55	0.75	0.61	0.67	0.72	0.65	0.64	0.62	0.88	0.47	0.55	0.71	0.63	0.59	0.15	0.51	0.73	0.69	0.57	0.72	0.89	0.0	0.3	0.76	0.58	0.57	0.54	0.5	0.65	0.38	0.63	0.49	0.71	0.84	0.46	0.77	0.57	0.47	0.82	0.79
CHEMBL726	0.46	0.73	0.68	0.41	0.56	0.86	0.37	0.55	0.8	0.63	0.45	0.78	0.5	0.57	0.4	0.59	0.88	0.73	0.65	0.78	0.53	0.83	0.46	0.51	0.77	0.51	0.84	0.92	0.64	0.67	0.6	0.68	0.77	0.8	0.69	0.54	0.64	0.55	0.7	0.57	0.81	0.59	0.88	0.82	0.93	0.72	0.77	0.57	0.64	0.81	0.55	0.56	0.9	0.83	0.87	0.42	0.78	0.42	0.72	0.5	0.71	0.6	0.73	0.59	0.6	0.83	0.93	0.51	0.6	0.79	0.58	0.51	0.62	0.75	0.73	0.59	0.42	0.45	0.56	0.57	0.7	0.69	1.0	0.77	0.68	0.66	0.6	0.25	0.67	0.63	0.67	0.52	0.5	0.69	0.83	0.49	0.64	0.72	0.56	0.57	0.76	0.62	0.73	0.71	0.55	0.59	0.63	0.83	0.53	0.54	0.66	0.57	0.56	0.23	0.56	0.68	0.7	0.5	0.67	0.86	0.3	0.0	0.75	0.53	0.48	0.45	0.5	0.58	0.47	0.57	0.47	0.72	0.84	0.41	0.78	0.55	0.46	0.85	0.71
CHEMBL75880	0.76	0.74	0.74	0.74	0.83	0.73	0.68	0.81	0.86	0.8	0.75	0.67	0.75	0.71	0.69	0.78	0.74	0.64	0.83	0.58	0.76	0.71	0.75	0.77	0.73	0.85	0.72	0.8	0.76	0.8	0.83	0.84	0.87	0.72	0.66	0.82	0.78	0.72	0.88	0.82	0.74	0.74	0.73	0.72	0.74	0.86	0.76	0.82	0.84	0.85	0.79	0.75	0.86	0.75	0.89	0.75	0.92	0.81	0.86	0.77	0.88	0.78	0.7	0.72	0.89	0.86	0.85	0.8	0.83	0.8	0.84	0.76	0.82	0.78	0.87	0.7	0.71	0.71	0.82	0.73	0.84	0.84	1.0	0.6	0.87	0.79	0.77	0.74	0.77	0.78	0.83	0.8	0.73	0.69	0.58	0.73	0.79	0.73	0.71	0.82	0.86	0.85	0.9	0.88	0.7	0.84	0.85	0.71	0.82	0.63	0.8	0.71	0.82	0.73	0.8	0.86	0.85	0.77	0.81	0.8	0.76	0.75	0.0	0.7	0.73	0.76	0.65	0.75	0.74	0.82	0.69	0.9	0.68	0.67	0.86	0.78	0.73	0.71	0.73
CHEMBL782	0.54	0.73	0.57	0.44	0.68	0.8	0.5	0.57	0.81	0.52	0.54	0.8	0.4	0.51	0.52	0.57	0.8	0.72	0.63	0.74	0.54	0.72	0.55	0.59	0.74	0.62	0.77	0.85	0.61	0.69	0.66	0.64	0.82	0.76	0.7	0.48	0.58	0.45	0.59	0.59	0.73	0.55	0.83	0.83	0.86	0.68	0.74	0.61	0.59	0.8	0.68	0.57	0.74	0.79	0.82	0.63	0.7	0.59	0.68	0.58	0.63	0.45	0.7	0.56	0.67	0.75	0.8	0.59	0.68	0.77	0.6	0.58	0.73	0.76	0.7	0.4	0.55	0.57	0.6	0.56	0.7	0.72	1.0	0.75	0.61	0.58	0.46	0.57	0.72	0.21	0.6	0.63	0.61	0.68	0.65	0.58	0.52	0.73	0.57	0.64	0.71	0.61	0.66	0.67	0.45	0.53	0.71	0.82	0.65	0.42	0.64	0.53	0.61	0.55	0.65	0.6	0.67	0.59	0.63	0.8	0.58	0.53	0.7	0.0	0.61	0.49	0.48	0.56	0.5	0.64	0.49	0.7	0.8	0.53	0.74	0.58	0.61	0.8	0.67
CHEMBL8	0.48	0.65	0.58	0.48	0.55	0.79	0.47	0.5	0.77	0.57	0.5	0.7	0.59	0.58	0.48	0.56	0.77	0.66	0.51	0.65	0.46	0.8	0.57	0.41	0.68	0.65	0.79	0.92	0.5	0.55	0.61	0.61	0.82	0.74	0.66	0.57	0.62	0.53	0.75	0.56	0.79	0.63	0.9	0.86	0.92	0.63	0.68	0.52	0.58	0.75	0.57	0.39	0.89	0.8	0.84	0.45	0.81	0.5	0.6	0.3	0.56	0.5	0.63	0.59	0.59	0.82	0.91	0.54	0.6	0.82	0.45	0.58	0.5	0.69	0.62	0.53	0.5	0.5	0.49	0.45	0.64	0.66	1.0	0.77	0.63	0.53	0.53	0.55	0.65	0.68	0.66	0.5	0.56	0.61	0.8	0.46	0.55	0.66	0.44	0.57	0.66	0.63	0.71	0.63	0.44	0.6	0.51	0.78	0.58	0.62	0.58	0.58	0.53	0.52	0.6	0.62	0.61	0.32	0.65	0.85	0.57	0.48	0.73	0.61	0.0	0.48	0.58	0.63	0.64	0.53	0.52	0.64	0.84	0.53	0.85	0.5	0.52	0.89	0.76
CHEMBL806	0.34	0.74	0.61	0.29	0.57	0.8	0.37	0.39	0.77	0.53	0.4	0.82	0.49	0.56	0.41	0.63	0.82	0.76	0.53	0.72	0.39	0.79	0.42	0.41	0.75	0.63	0.82	0.91	0.62	0.62	0.64	0.65	0.78	0.78	0.74	0.61	0.63	0.43	0.65	0.42	0.83	0.63	0.86	0.85	0.91	0.69	0.75	0.45	0.59	0.77	0.61	0.35	0.84	0.84	0.83	0.52	0.75	0.53	0.69	0.39	0.65	0.57	0.73	0.62	0.5	0.77	0.87	0.48	0.63	0.82	0.58	0.36	0.64	0.75	0.71	0.45	0.43	0.46	0.6	0.56	0.71	0.73	1.0	0.8	0.64	0.57	0.6	0.53	0.69	0.58	0.65	0.57	0.52	0.7	0.75	0.46	0.56	0.73	0.6	0.58	0.72	0.5	0.67	0.58	0.51	0.62	0.59	0.84	0.59	0.56	0.68	0.59	0.5	0.5	0.56	0.63	0.69	0.39	0.67	0.82	0.54	0.45	0.76	0.49	0.48	0.0	0.52	0.64	0.59	0.6	0.38	0.58	0.84	0.54	0.8	0.47	0.46	0.88	0.72
CHEMBL822	0.48	0.69	0.58	0.43	0.62	0.84	0.31	0.59	0.86	0.57	0.46	0.79	0.46	0.5	0.34	0.53	0.86	0.8	0.67	0.77	0.58	0.86	0.34	0.55	0.66	0.62	0.87	0.89	0.56	0.58	0.68	0.54	0.87	0.82	0.72	0.54	0.56	0.44	0.57	0.61	0.88	0.45	0.84	0.86	0.9	0.65	0.69	0.63	0.66	0.87	0.56	0.54	0.92	0.89	0.86	0.53	0.69	0.59	0.63	0.55	0.66	0.6	0.73	0.49	0.66	0.78	0.92	0.6	0.66	0.86	0.69	0.43	0.66	0.7	0.66	0.46	0.38	0.49	0.67	0.52	0.65	0.66	1.0	0.83	0.63	0.59	0.6	0.49	0.73	0.59	0.58	0.64	0.47	0.74	0.81	0.49	0.52	0.71	0.5	0.62	0.7	0.66	0.69	0.73	0.53	0.68	0.64	0.87	0.63	0.22	0.57	0.45	0.6	0.46	0.54	0.61	0.64	0.52	0.5	0.85	0.5	0.5	0.65	0.48	0.58	0.52	0.0	0.48	0.44	0.66	0.38	0.73	0.86	0.4	0.88	0.59	0.48	0.81	0.63
CHEMBL83	0.61	0.63	0.43	0.58	0.5	0.82	0.52	0.54	0.88	0.44	0.58	0.72	0.59	0.19	0.52	0.34	0.83	0.75	0.54	0.76	0.55	0.85	0.58	0.6	0.68	0.72	0.84	0.91	0.5	0.61	0.6	0.35	0.9	0.82	0.64	0.56	0.22	0.58	0.64	0.43	0.86	0.15	0.87	0.79	0.92	0.42	0.7	0.46	0.51	0.89	0.46	0.56	0.91	0.87	0.78	0.58	0.74	0.41	0.4	0.57	0.4	0.48	0.63	0.26	0.57	0.78	0.92	0.7	0.51	0.88	0.55	0.59	0.57	0.69	0.44	0.57	0.56	0.62	0.63	0.42	0.43	0.47	1.0	0.8	0.35	0.45	0.47	0.64	0.78	0.64	0.33	0.68	0.62	0.69	0.84	0.62	0.5	0.63	0.47	0.69	0.48	0.47	0.41	0.61	0.49	0.63	0.55	0.8	0.46	0.42	0.29	0.2	0.69	0.62	0.66	0.32	0.36	0.57	0.41	0.81	0.65	0.58	0.75	0.56	0.63	0.64	0.48	0.0	0.6	0.5	0.55	0.59	0.85	0.46	0.88	0.68	0.63	0.85	0.63
CHEMBL833	0.56	0.79	0.68	0.51	0.63	0.88	0.48	0.64	0.83	0.62	0.48	0.84	0.3	0.6	0.5	0.63	0.88	0.77	0.69	0.82	0.61	0.84	0.5	0.53	0.79	0.49	0.87	0.91	0.68	0.7	0.64	0.69	0.79	0.79	0.76	0.55	0.65	0.53	0.63	0.66	0.84	0.6	0.87	0.86	0.92	0.71	0.75	0.68	0.62	0.84	0.66	0.64	0.88	0.84	0.89	0.58	0.65	0.57	0.69	0.6	0.7	0.59	0.78	0.65	0.69	0.83	0.94	0.55	0.63	0.8	0.6	0.54	0.73	0.8	0.71	0.56	0.43	0.48	0.66	0.63	0.71	0.73	0.99	0.87	0.69	0.66	0.56	0.46	0.75	0.49	0.68	0.61	0.47	0.77	0.82	0.58	0.63	0.75	0.51	0.56	0.69	0.68	0.65	0.74	0.6	0.62	0.63	0.88	0.61	0.47	0.64	0.58	0.61	0.44	0.53	0.66	0.65	0.62	0.68	0.86	0.38	0.47	0.74	0.5	0.64	0.59	0.44	0.6	0.0	0.63	0.5	0.73	0.84	0.41	0.77	0.61	0.56	0.83	0.75
CHEMBL843	0.57	0.71	0.53	0.57	0.43	0.84	0.6	0.52	0.66	0.52	0.57	0.74	0.59	0.5	0.59	0.55	0.83	0.66	0.43	0.73	0.54	0.79	0.66	0.54	0.76	0.43	0.83	0.9	0.57	0.55	0.33	0.55	0.69	0.76	0.7	0.61	0.52	0.57	0.8	0.47	0.8	0.53	0.92	0.86	0.94	0.55	0.76	0.46	0.45	0.66	0.38	0.54	0.82	0.81	0.82	0.59	0.85	0.36	0.54	0.49	0.53	0.46	0.67	0.52	0.63	0.86	0.91	0.41	0.34	0.67	0.44	0.68	0.47	0.74	0.57	0.59	0.62	0.55	0.33	0.47	0.57	0.58	1.0	0.83	0.55	0.54	0.47	0.62	0.52	0.69	0.59	0.46	0.49	0.63	0.83	0.42	0.64	0.67	0.57	0.42	0.6	0.55	0.61	0.49	0.51	0.41	0.39	0.83	0.43	0.69	0.49	0.51	0.48	0.61	0.55	0.56	0.53	0.49	0.64	0.82	0.63	0.57	0.82	0.64	0.53	0.6	0.66	0.5	0.63	0.0	0.65	0.52	0.87	0.6	0.71	0.47	0.55	0.9	0.78
CHEMBL85728	0.39	0.73	0.63	0.26	0.59	0.85	0.26	0.47	0.86	0.52	0.41	0.84	0.53	0.53	0.22	0.59	0.86	0.83	0.57	0.78	0.46	0.89	0.26	0.42	0.74	0.62	0.86	0.9	0.63	0.63	0.65	0.61	0.86	0.87	0.75	0.58	0.62	0.4	0.53	0.5	0.86	0.55	0.89	0.89	0.88	0.68	0.75	0.54	0.67	0.86	0.59	0.43	0.9	0.87	0.86	0.54	0.66	0.57	0.66	0.42	0.65	0.62	0.72	0.59	0.52	0.78	0.92	0.53	0.65	0.83	0.63	0.25	0.69	0.76	0.68	0.45	0.34	0.43	0.63	0.55	0.69	0.71	1.0	0.85	0.64	0.54	0.62	0.47	0.75	0.59	0.59	0.63	0.46	0.75	0.8	0.47	0.52	0.78	0.58	0.61	0.72	0.52	0.68	0.67	0.55	0.65	0.63	0.84	0.62	0.38	0.65	0.54	0.54	0.44	0.52	0.6	0.65	0.44	0.61	0.9	0.49	0.47	0.69	0.49	0.52	0.38	0.38	0.55	0.5	0.65	0.0	0.65	0.86	0.47	0.79	0.53	0.37	0.88	0.66
CHEMBL869	0.59	0.8	0.6	0.64	0.54	0.88	0.68	0.52	0.81	0.55	0.64	0.86	0.7	0.57	0.67	0.65	0.8	0.82	0.3	0.84	0.56	0.87	0.68	0.63	0.81	0.67	0.86	0.92	0.62	0.57	0.61	0.62	0.82	0.83	0.78	0.74	0.6	0.63	0.75	0.45	0.86	0.59	0.89	0.87	0.92	0.6	0.81	0.46	0.37	0.8	0.58	0.55	0.82	0.86	0.81	0.69	0.82	0.56	0.56	0.57	0.54	0.52	0.75	0.62	0.49	0.82	0.86	0.7	0.59	0.85	0.54	0.62	0.58	0.81	0.59	0.66	0.7	0.68	0.57	0.58	0.6	0.68	1.0	0.88	0.59	0.62	0.56	0.71	0.74	0.71	0.63	0.66	0.68	0.73	0.82	0.6	0.69	0.75	0.63	0.67	0.62	0.45	0.58	0.14	0.66	0.65	0.55	0.84	0.5	0.74	0.55	0.59	0.51	0.69	0.68	0.55	0.58	0.59	0.7	0.85	0.71	0.72	0.9	0.7	0.64	0.58	0.73	0.59	0.73	0.52	0.65	0.0	0.89	0.71	0.83	0.53	0.68	0.93	0.84
CHEMBL88	0.86	0.86	0.85	0.85	0.88	0.83	0.86	0.85	0.84	0.84	0.84	0.8	0.8	0.8	0.88	0.85	0.68	0.75	0.89	0.74	0.77	0.66	0.91	0.83	0.89	0.88	0.71	0.77	0.87	0.9	0.88	0.91	0.87	0.78	0.75	0.91	0.85	0.85	0.92	0.84	0.72	0.85	0.66	0.54	0.72	0.92	0.86	0.84	0.86	0.82	0.88	0.86	0.8	0.7	0.8	0.85	0.9	0.88	0.93	0.86	0.92	0.84	0.8	0.82	0.89	0.84	0.76	0.85	0.87	0.84	0.85	0.9	0.89	0.89	0.93	0.82	0.85	0.83	0.88	0.83	0.92	0.92	0.94	0.56	0.9	0.87	0.84	0.86	0.84	0.76	0.9	0.87	0.85	0.79	0.58	0.85	0.89	0.82	0.82	0.86	0.91	0.87	0.87	0.88	0.8	0.89	0.91	0.68	0.84	0.85	0.87	0.84	0.84	0.85	0.89	0.91	0.89	0.86	0.92	0.75	0.84	0.84	0.68	0.8	0.84	0.84	0.86	0.85	0.84	0.87	0.86	0.89	0.0	0.78	0.84	0.82	0.88	0.71	0.83
CHEMBL896	0.51	0.66	0.59	0.47	0.57	0.82	0.41	0.59	0.82	0.54	0.38	0.67	0.37	0.51	0.43	0.46	0.83	0.66	0.64	0.73	0.49	0.82	0.52	0.46	0.71	0.63	0.82	0.91	0.57	0.65	0.66	0.62	0.85	0.77	0.59	0.59	0.54	0.45	0.65	0.59	0.83	0.5	0.86	0.75	0.92	0.67	0.68	0.59	0.63	0.83	0.57	0.55	0.9	0.84	0.82	0.48	0.66	0.53	0.65	0.54	0.65	0.57	0.63	0.47	0.63	0.8	0.91	0.55	0.52	0.85	0.56	0.52	0.64	0.71	0.67	0.5	0.34	0.42	0.65	0.49	0.64	0.63	0.99	0.71	0.61	0.57	0.52	0.52	0.7	0.53	0.59	0.59	0.42	0.62	0.76	0.51	0.55	0.61	0.38	0.53	0.64	0.63	0.57	0.71	0.43	0.66	0.58	0.73	0.48	0.43	0.57	0.47	0.6	0.48	0.52	0.62	0.53	0.56	0.61	0.82	0.46	0.41	0.67	0.53	0.53	0.54	0.4	0.46	0.41	0.6	0.47	0.71	0.78	0.0	0.87	0.58	0.53	0.85	0.63
CHEMBL902	0.79	0.91	0.88	0.77	0.8	0.9	0.82	0.81	0.64	0.81	0.81	0.91	0.8	0.87	0.78	0.89	0.87	0.81	0.81	0.88	0.84	0.81	0.8	0.83	0.9	0.6	0.83	0.81	0.89	0.85	0.7	0.91	0.58	0.81	0.86	0.83	0.88	0.8	0.89	0.82	0.74	0.88	0.87	0.87	0.89	0.91	0.91	0.83	0.77	0.65	0.8	0.83	0.65	0.76	0.88	0.84	0.94	0.8	0.9	0.83	0.91	0.82	0.88	0.87	0.85	0.87	0.87	0.64	0.78	0.48	0.82	0.83	0.88	0.91	0.91	0.82	0.84	0.78	0.72	0.87	0.91	0.92	1.0	0.82	0.9	0.87	0.83	0.75	0.69	0.74	0.9	0.7	0.76	0.82	0.81	0.75	0.89	0.86	0.89	0.74	0.92	0.8	0.9	0.81	0.83	0.61	0.81	0.87	0.8	0.86	0.89	0.88	0.77	0.75	0.71	0.9	0.92	0.83	0.9	0.85	0.77	0.78	0.86	0.74	0.85	0.8	0.88	0.88	0.77	0.71	0.79	0.83	0.84	0.87	0.0	0.75	0.73	0.81	0.89
CHEMBL92401	0.46	0.79	0.63	0.47	0.55	0.86	0.49	0.53	0.66	0.59	0.47	0.83	0.56	0.64	0.47	0.67	0.82	0.78	0.55	0.79	0.55	0.8	0.57	0.52	0.8	0.43	0.81	0.89	0.64	0.59	0.54	0.71	0.73	0.79	0.75	0.7	0.69	0.55	0.72	0.55	0.82	0.68	0.85	0.83	0.9	0.73	0.8	0.56	0.6	0.65	0.48	0.56	0.85	0.82	0.84	0.59	0.79	0.6	0.7	0.48	0.67	0.57	0.75	0.66	0.66	0.79	0.88	0.47	0.56	0.7	0.6	0.6	0.63	0.8	0.72	0.54	0.53	0.5	0.44	0.55	0.72	0.77	1.0	0.8	0.71	0.65	0.6	0.56	0.54	0.63	0.72	0.51	0.36	0.7	0.77	0.25	0.64	0.75	0.59	0.43	0.75	0.66	0.73	0.55	0.57	0.53	0.53	0.84	0.59	0.62	0.67	0.65	0.06	0.53	0.54	0.69	0.7	0.49	0.74	0.84	0.57	0.55	0.78	0.58	0.5	0.47	0.59	0.68	0.61	0.47	0.53	0.53	0.82	0.58	0.75	0.0	0.41	0.88	0.78
CHEMBL95	0.47	0.77	0.69	0.35	0.44	0.89	0.33	0.54	0.74	0.61	0.4	0.86	0.59	0.63	0.31	0.67	0.9	0.85	0.62	0.8	0.58	0.9	0.37	0.47	0.79	0.48	0.9	0.91	0.67	0.63	0.53	0.67	0.71	0.88	0.78	0.68	0.7	0.52	0.67	0.57	0.9	0.64	0.9	0.89	0.93	0.73	0.79	0.59	0.71	0.74	0.4	0.53	0.91	0.91	0.9	0.52	0.76	0.6	0.7	0.47	0.72	0.67	0.78	0.64	0.62	0.84	0.94	0.38	0.58	0.73	0.64	0.48	0.65	0.8	0.72	0.54	0.39	0.38	0.52	0.63	0.72	0.74	1.0	0.87	0.72	0.65	0.67	0.46	0.6	0.68	0.69	0.48	0.3	0.77	0.85	0.31	0.65	0.8	0.62	0.46	0.77	0.63	0.75	0.69	0.64	0.6	0.49	0.88	0.59	0.54	0.68	0.63	0.41	0.44	0.41	0.68	0.72	0.48	0.68	0.91	0.47	0.46	0.73	0.61	0.52	0.46	0.48	0.63	0.56	0.55	0.37	0.68	0.88	0.53	0.73	0.41	0.0	0.9	0.76
CHEMBL964	0.87	0.9	0.89	0.87	0.91	0.81	0.81	0.89	0.87	0.9	0.86	0.83	0.83	0.87	0.84	0.87	0.78	0.8	0.92	0.83	0.89	0.69	0.87	0.91	0.9	0.84	0.72	0.65	0.89	0.91	0.91	0.94	0.89	0.72	0.84	0.9	0.86	0.89	0.92	0.9	0.71	0.85	0.46	0.64	0.71	0.95	0.91	0.9	0.86	0.88	0.91	0.89	0.76	0.74	0.84	0.88	0.96	0.88	0.95	0.91	0.94	0.87	0.88	0.88	0.93	0.82	0.77	0.9	0.91	0.81	0.91	0.91	0.92	0.92	0.95	0.88	0.83	0.86	0.91	0.88	0.95	0.95	1.0	0.62	0.93	0.91	0.89	0.81	0.86	0.82	0.92	0.9	0.86	0.85	0.74	0.87	0.9	0.83	0.87	0.9	0.95	0.9	0.93	0.92	0.85	0.88	0.93	0.84	0.89	0.79	0.88	0.85	0.89	0.8	0.89	0.94	0.94	0.91	0.93	0.74	0.82	0.85	0.71	0.8	0.89	0.88	0.81	0.85	0.83	0.9	0.88	0.93	0.71	0.85	0.81	0.88	0.9	0.0	0.85
CHEMBL986	0.71	0.45	0.74	0.71	0.77	0.64	0.67	0.72	0.9	0.67	0.72	0.75	0.72	0.66	0.67	0.64	0.83	0.78	0.8	0.71	0.7	0.84	0.71	0.74	0.54	0.84	0.79	0.92	0.73	0.72	0.82	0.67	0.94	0.83	0.64	0.65	0.67	0.69	0.7	0.75	0.82	0.63	0.86	0.82	0.93	0.71	0.55	0.74	0.81	0.91	0.77	0.7	0.9	0.83	0.65	0.7	0.8	0.76	0.7	0.71	0.67	0.76	0.6	0.67	0.76	0.56	0.92	0.78	0.81	0.9	0.8	0.7	0.8	0.56	0.72	0.63	0.71	0.77	0.81	0.68	0.73	0.72	1.0	0.75	0.62	0.66	0.77	0.78	0.8	0.75	0.56	0.79	0.75	0.72	0.84	0.72	0.56	0.66	0.67	0.8	0.75	0.79	0.71	0.85	0.67	0.78	0.78	0.8	0.8	0.58	0.72	0.62	0.8	0.78	0.79	0.68	0.69	0.71	0.61	0.85	0.79	0.71	0.73	0.67	0.76	0.72	0.63	0.63	0.75	0.78	0.66	0.84	0.83	0.63	0.89	0.78	0.76	0.85	0.0
