CID,178,323,702,938,1493,1775,1935,1983,1986,2153,2157,2160,2244,2265,2313,2333,2477,2519,2554,2717,2725,2726,2727,2756,2764,2796,2801,2907,3016,3033,3114,3117,3121,3158,3325,3339,3372,3397,3440,3463,3488,3559,3658,3672,3696,3715,3748,3767,3869,3950,4044,4091,4098,4178,4260,4386,4449,4485,4495,4594,4680,4723,4746,4754,4763,4781,4927,4946,5039,5339,5355,5452,5472,5483,5505,5556,5576,5656,5694,5743,5852,5897,5921,5943,5953,5959,5991,6010,6046,6167,6197,6237,6758,6932,7577,7851,7858,7961,8370,9415,10438,11080,11831,12699,14052,14130,25674,28417,31703,36462,38853,39186,44093,47576,54454,54897,62857,64710,66380,119565,156391,157921,164877,174697,186907,441140,443953,444254,445354,445621,1548887,1549008,2733526,5271566,5280965,5281055,5284373,5284533,5388962,5447130,6604200,6914273,16129778,44567139,46931065,54675776,54677470,54690031,70691408,135398735,135398737
178,100,9,37,9,9,16,7,17,31,14,9,10,8,7,7,6,11,13,13,14,6,7,16,11,10,9,7,28,12,12,12,25,25,10,13,7,7,16,8,9,11,9,9,11,8,7,14,13,13,25,12,22,6,13,11,12,8,12,10,6,6,15,19,16,18,14,7,11,11,7,12,7,6,38,16,5,33,10,10,10,35,17,32,0,6,12,7,12,26,12,25,7,6,7,12,42,24,7,2,13,28,7,8,36,31,14,35,8,9,6,14,9,23,7,12,8,12,17,0,30,8,34,8,11,7,6,13,14,15,21,9,9,10,24,15,9,21,11,15,12,11,9,5,9,15,11,10,10,7,7,8
323,9,100,7,39,44,40,32,47,9,9,59,43,81,6,47,58,17,10,39,38,29,27,33,7,38,68,33,9,34,41,31,6,24,70,10,66,32,37,45,77,49,48,38,57,36,43,31,32,50,11,47,3,21,71,72,49,43,45,50,35,43,54,14,56,42,36,29,62,46,38,53,28,34,12,40,26,14,64,31,31,15,38,6,0,40,40,54,33,11,54,20,63,58,70,40,4,15,40,29,30,28,39,38,6,10,52,13,37,50,52,56,49,15,40,38,25,64,16,0,13,68,17,36,54,67,54,20,26,32,15,48,39,68,31,33,44,22,32,43,45,41,46,57,25,24,46,37,27,34,38,29
702,37,7,100,7,8,7,3,9,13,6,7,7,9,4,6,7,5,7,6,7,4,4,8,5,6,10,5,20,6,7,6,17,28,9,6,7,9,7,6,11,5,7,11,12,5,5,6,6,9,11,8,11,4,10,8,7,6,7,6,4,5,8,8,9,8,8,5,10,6,4,6,4,4,21,8,3,18,10,6,14,24,7,24,0,7,9,9,13,26,6,18,7,6,11,5,18,56,8,3,12,25,5,5,17,32,10,22,7,7,8,9,6,16,5,17,4,9,13,0,19,9,20,5,10,7,6,14,14,28,20,10,6,9,27,12,6,15,12,10,5,4,4,7,6,11,6,6,5,9,5,4
938,9,39,7,100,41,39,52,50,10,30,37,34,43,23,51,34,44,31,45,40,58,38,29,23,56,33,41,14,46,51,65,9,19,35,20,36,42,43,49,38,38,50,39,42,45,55,70,73,46,13,63,7,52,34,36,65,40,46,35,48,57,42,15,44,40,46,40,35,43,61,41,38,36,17,34,41,15,41,50,21,19,43,10,0,54,46,32,22,14,36,22,36,31,35,39,6,13,27,20,30,18,40,37,8,15,46,17,48,35,30,43,43,25,45,26,52,36,21,0,16,37,20,47,41,32,29,20,27,23,17,35,37,35,18,28,58,27,22,43,47,44,45,34,47,28,40,48,54,43,41,43
1493,9,44,8,41,100,36,38,70,9,13,35,33,43,17,42,35,20,14,45,33,34,39,32,11,41,42,40,11,38,45,35,7,13,42,15,35,40,50,40,42,36,38,37,39,44,40,34,35,46,15,47,5,30,44,40,50,46,50,65,37,41,42,11,60,35,45,40,41,44,42,39,39,31,11,33,31,11,48,35,20,15,41,10,0,44,57,43,21,14,37,17,38,32,47,48,6,16,35,26,25,17,44,52,8,15,58,14,39,35,33,51,44,15,38,23,29,42,16,0,14,40,14,43,38,34,31,15,28,24,21,33,34,43,15,25,37,24,20,36,51,46,45,34,32,25,41,34,36,41,35,35
1775,16,40,7,39,36,100,48,48,22,28,42,54,41,18,39,39,36,28,64,53,43,38,46,19,47,34,49,15,55,56,54,11,21,44,20,40,45,57,40,39,49,50,55,55,54,41,45,45,53,28,55,11,37,42,40,56,40,53,37,35,36,59,28,46,79,63,43,42,44,38,52,40,47,22,55,44,23,46,45,31,20,63,11,0,34,47,39,34,14,41,34,42,38,39,60,8,13,38,27,31,23,52,53,14,20,44,18,40,37,35,51,46,27,38,33,47,45,32,0,18,45,21,54,45,39,35,23,26,31,16,48,56,42,17,32,43,40,33,62,37,44,52,33,44,34,47,44,39,44,36,46
1935,7,32,3,52,38,48,100,46,9,26,32,46,28,29,56,28,40,26,65,41,70,53,32,27,48,25,61,12,60,53,69,10,11,36,27,28,54,54,36,28,33,38,47,35,67,51,59,59,37,15,52,9,52,35,30,53,41,47,37,47,60,39,27,43,46,53,56,36,29,48,33,54,44,10,39,59,9,37,62,20,10,58,10,0,58,42,32,21,11,31,20,30,28,31,63,7,9,33,24,20,16,63,52,6,13,41,9,37,28,26,35,40,12,42,23,54,37,15,0,10,33,10,69,33,27,23,14,22,24,12,32,52,37,10,22,45,22,21,36,32,31,38,25,52,23,33,40,44,48,35,62
1983,17,47,9,50,70,48,46,100,16,22,40,38,48,17,48,39,27,22,60,44,41,46,42,18,50,47,48,15,51,60,47,11,18,47,19,39,45,61,49,48,47,45,41,44,52,50,47,45,57,22,64,8,37,50,45,66,54,51,57,45,48,49,19,85,46,60,50,49,47,50,51,46,36,23,43,37,18,54,45,23,19,62,11,0,50,60,46,25,13,48,29,42,35,51,53,9,16,36,26,30,22,46,46,11,23,82,20,38,39,36,57,54,24,45,27,37,51,24,0,19,45,20,51,42,37,33,18,34,28,23,37,41,46,19,30,48,34,25,47,48,47,47,36,41,32,48,43,48,48,41,45
1986,31,9,13,10,9,22,9,16,100,27,11,9,8,20,12,8,19,25,15,20,8,9,26,27,11,9,8,20,12,12,13,24,15,9,35,7,10,16,14,8,17,10,10,10,8,10,15,15,13,28,12,25,16,11,11,12,16,13,15,17,8,18,14,15,21,17,10,11,19,16,19,10,12,29,26,16,26,10,19,9,24,16,20,0,8,13,7,11,20,12,20,9,8,7,10,16,10,6,3,14,15,11,8,30,24,14,26,11,9,7,12,11,24,14,10,15,12,22,0,29,8,20,9,11,8,8,12,13,10,15,13,8,9,15,12,18,20,10,18,18,21,18,6,15,20,11,27,23,10,11,13
2153,14,9,6,30,13,28,26,22,27,100,14,12,10,58,24,11,50,91,24,19,28,18,20,60,25,10,17,18,26,18,35,12,11,12,35,9,19,23,20,9,18,15,17,11,19,25,35,33,17,23,21,21,37,12,12,22,27,17,13,38,24,18,15,21,25,26,20,13,23,29,21,18,16,24,20,31,24,12,35,11,18,23,12,0,23,19,9,12,15,16,18,12,11,8,14,9,8,7,5,16,12,13,14,16,21,21,17,21,11,10,13,19,23,34,10,46,13,23,0,17,9,17,21,13,10,10,14,15,9,13,11,13,11,12,13,34,24,11,24,20,26,26,8,32,26,16,37,39,21,21,27
2157,9,59,7,37,35,42,32,40,11,14,100,44,65,12,49,76,23,15,34,36,33,29,30,11,42,49,36,13,36,39,38,12,18,68,11,66,34,32,50,60,56,55,43,47,38,53,33,33,64,13,46,7,26,61,67,46,46,45,43,39,50,52,20,48,43,39,30,64,52,43,59,29,36,15,36,30,19,64,28,38,15,37,11,0,46,39,48,35,17,55,29,87,69,56,35,6,11,27,20,39,20,34,35,8,17,49,14,44,61,53,51,55,20,45,39,34,62,27,0,14,62,19,37,61,65,64,33,29,28,16,44,43,71,21,38,51,31,34,50,45,43,51,57,39,30,55,36,29,39,53,31
2160,10,43,7,34,33,54,46,38,9,12,44,100,38,12,34,36,24,13,56,51,50,45,47,16,38,35,60,15,53,42,47,21,19,65,14,40,46,44,29,40,37,53,57,56,68,32,38,37,44,20,45,13,35,50,50,42,34,44,33,28,39,45,37,36,56,49,50,51,32,30,37,47,53,16,58,42,17,58,37,30,16,56,18,0,35,40,48,34,16,44,22,39,36,47,62,12,14,51,36,29,26,60,57,9,19,34,13,36,36,35,42,39,17,31,33,35,54,20,0,14,45,14,65,53,36,33,23,28,42,13,52,78,58,16,29,31,31,32,50,26,25,31,31,32,26,44,34,26,44,29,49
2244,8,81,9,43,43,41,28,48,8,10,65,38,100,6,44,68,19,11,34,36,27,24,31,7,44,63,30,8,31,44,33,6,29,62,9,70,29,35,50,77,55,53,35,63,33,48,33,32,59,11,54,4,21,64,65,55,40,47,46,33,40,54,12,52,44,36,26,57,48,47,60,25,30,14,37,24,15,60,30,36,19,34,7,0,40,41,51,36,10,53,27,73,65,68,35,3,16,34,25,36,25,32,33,6,12,55,17,40,59,57,62,50,19,38,45,27,57,22,0,17,70,19,33,59,70,62,27,28,33,18,51,34,60,29,40,47,29,36,48,46,43,49,65,30,26,53,37,28,33,46,27
2265,7,6,4,23,17,18,29,17,20,58,12,12,6,100,25,9,39,55,20,17,27,24,18,58,18,7,17,13,20,15,28,11,6,10,42,6,23,22,16,6,15,11,15,7,18,23,27,25,12,17,15,16,43,10,9,15,23,17,17,43,24,12,13,16,15,19,26,12,23,28,17,25,21,14,18,32,12,10,38,6,12,18,11,0,24,18,7,7,12,11,10,10,8,7,14,7,5,6,5,12,7,15,18,12,16,15,15,19,8,8,9,20,14,30,6,40,11,18,0,15,7,9,21,10,8,7,9,12,6,10,13,13,10,7,9,31,14,7,15,18,23,23,6,36,17,10,36,38,19,17,27
2313,7,47,6,51,42,39,56,48,12,24,49,34,44,25,100,43,34,25,47,35,48,37,27,21,45,45,45,12,50,49,50,9,16,50,20,46,44,43,52,46,43,40,43,36,48,63,45,45,44,15,51,7,39,46,48,53,56,46,47,56,62,46,17,55,34,49,39,53,41,52,46,38,37,14,32,48,17,51,48,23,14,45,10,0,61,45,36,22,14,44,19,46,41,42,41,5,11,23,17,36,14,43,40,7,15,54,13,43,41,41,42,56,19,54,26,47,50,23,0,14,45,15,49,47,43,40,23,30,23,18,35,38,50,17,31,57,25,23,42,46,46,52,42,50,30,40,42,43,48,52,45
2333,6,58,7,34,35,39,28,39,8,11,76,36,68,9,43,100,18,12,30,30,27,22,25,7,38,47,29,7,30,37,32,5,19,56,9,62,27,29,44,59,49,50,33,48,31,49,28,27,57,8,45,3,20,51,53,45,36,40,39,34,42,45,13,42,39,34,24,53,43,41,50,23,29,9,30,26,12,56,26,37,13,34,5,0,40,34,51,36,8,47,25,87,66,58,32,4,12,34,20,30,20,31,32,4,10,45,11,41,57,54,51,44,14,36,38,29,52,20,0,12,63,15,31,51,63,61,25,23,28,12,46,34,56,19,34,43,23,35,40,41,38,46,58,33,23,51,34,27,33,48,25
2477,11,17,5,44,20,36,40,27,19,50,23,24,19,39,34,18,100,52,35,31,45,28,23,41,35,15,30,16,39,29,55,14,18,21,31,19,33,31,25,20,27,29,30,23,32,34,46,46,26,23,29,15,49,18,20,30,36,29,18,41,38,29,23,26,37,37,30,20,27,43,28,30,25,18,28,42,20,23,45,22,15,32,12,0,39,27,19,24,16,22,29,19,19,17,25,7,11,13,7,25,14,24,24,12,17,26,13,34,19,18,21,32,24,44,24,57,21,28,0,15,19,17,35,24,18,17,23,22,20,13,22,27,22,13,23,48,32,23,33,26,30,33,17,38,32,25,40,43,34,27,39
2519,13,10,7,31,14,28,26,22,25,91,15,13,11,55,25,12,52,100,24,21,30,19,19,54,23,11,19,16,28,18,35,13,12,13,36,10,20,23,19,10,17,16,18,12,20,27,34,32,16,21,21,19,39,11,13,21,28,17,13,35,25,18,14,21,24,27,21,12,22,29,20,20,17,22,19,34,25,13,35,12,16,22,13,0,25,18,9,13,16,15,18,12,12,9,14,6,8,7,6,17,14,14,15,15,19,20,16,22,11,10,13,20,25,36,11,49,12,22,0,16,10,15,22,14,11,11,15,14,10,12,12,14,12,14,13,34,23,13,22,19,26,25,9,30,25,16,37,39,22,20,27
2554,13,39,6,45,45,64,65,60,15,24,34,56,34,20,47,30,35,24,100,52,55,55,46,21,52,32,71,15,68,64,58,13,16,44,23,33,59,71,42,35,42,42,53,43,79,43,53,53,44,26,62,12,46,41,37,65,48,55,45,40,43,48,26,56,58,69,60,40,37,44,41,57,49,16,56,55,16,44,56,22,15,73,13,0,43,52,35,24,13,38,24,32,29,36,74,9,13,40,29,25,22,67,61,13,17,52,13,34,30,28,41,50,19,42,25,48,44,20,0,14,36,15,71,40,30,27,17,26,29,15,39,57,42,15,25,43,31,23,47,36,36,42,28,43,30,38,41,41,52,35,64
2717,14,38,7,40,33,53,41,44,20,19,36,51,36,17,35,30,31,21,52,100,53,56,61,18,41,41,58,20,60,51,47,17,19,42,20,41,50,51,44,36,53,56,63,44,51,40,44,44,43,24,43,9,41,39,40,44,43,42,37,37,36,45,25,42,55,51,50,38,41,37,50,49,70,26,60,42,22,45,49,23,20,51,14,1,34,47,34,25,17,39,27,32,30,36,47,8,12,35,34,29,23,46,43,12,17,40,23,32,30,28,40,48,29,41,27,47,42,30,0,26,35,19,49,42,31,33,21,27,28,15,48,54,41,17,27,41,34,29,49,30,31,35,28,40,29,38,40,45,41,30,50
2725,6,29,4,58,34,43,70,41,8,28,33,50,27,27,48,27,45,30,55,53,100,58,39,30,44,31,71,15,68,52,78,14,12,39,24,35,50,48,40,28,39,48,58,36,64,54,64,63,37,18,45,10,60,34,35,45,48,44,33,50,61,35,27,39,42,51,53,35,31,49,34,51,53,11,39,63,11,42,59,20,10,52,12,1,60,42,32,22,13,33,19,28,27,32,54,7,8,30,29,24,15,52,48,6,14,38,9,41,28,26,32,41,15,54,23,69,38,19,0,10,30,11,68,36,27,30,18,23,25,11,33,53,38,10,23,51,25,25,38,32,31,37,24,48,25,34,44,53,47,34,66
2726,7,27,4,38,39,38,53,46,9,18,29,45,24,24,37,22,28,19,55,56,58,100,51,23,43,33,71,16,59,51,48,18,9,35,23,31,70,46,42,25,41,44,54,30,64,38,43,41,34,20,43,10,53,31,30,44,53,39,39,37,41,30,24,44,38,55,85,33,36,38,35,80,62,14,42,49,11,37,48,17,12,49,13,1,40,40,28,18,14,28,15,24,25,27,51,8,9,34,33,21,15,50,44,7,15,42,15,29,25,24,28,50,17,40,19,45,36,19,0,17,26,12,60,32,23,25,15,24,21,12,37,50,35,11,20,37,24,21,35,29,28,30,22,40,24,31,36,47,46,30,64
2727,16,33,8,29,32,46,32,42,26,20,30,47,31,18,27,25,23,19,46,61,39,51,100,22,32,42,45,24,46,42,35,18,14,37,26,34,37,42,41,32,53,43,47,39,40,29,37,34,37,36,35,15,36,40,35,35,40,35,38,30,26,40,22,40,50,41,43,37,39,35,47,40,51,28,79,36,19,38,40,18,21,41,17,2,25,42,30,20,17,36,20,27,25,33,41,14,13,41,40,21,22,37,34,20,24,37,21,25,27,23,35,35,22,32,21,36,41,23,0,26,30,20,39,36,27,29,15,26,25,17,41,41,36,18,24,31,32,24,45,29,32,32,23,32,28,32,42,45,30,23,43
2756,11,7,5,23,11,19,27,18,27,60,11,16,7,58,21,7,41,54,21,18,30,23,22,100,18,8,19,16,21,15,30,19,9,13,52,7,21,18,16,8,16,11,15,9,20,19,30,27,14,23,16,23,46,14,11,16,23,15,15,42,23,15,20,17,17,19,26,15,25,27,18,24,20,23,23,33,15,13,36,8,18,19,15,0,22,16,8,9,13,13,13,8,7,8,17,14,7,8,6,15,11,16,13,13,25,17,24,17,10,7,11,20,20,30,8,37,15,24,0,26,7,13,23,11,7,7,11,16,10,13,13,14,12,10,13,33,21,9,20,15,20,19,6,31,20,12,37,37,18,15,28
2764,10,38,6,56,41,47,48,50,11,25,42,38,44,18,45,38,35,23,52,41,44,43,32,18,100,29,50,16,50,59,54,11,21,37,15,39,52,52,55,37,47,56,47,45,53,49,50,47,55,20,68,8,35,37,38,70,42,61,37,39,43,43,27,44,47,52,48,41,42,51,50,45,36,20,39,40,15,42,46,31,21,51,10,0,45,54,35,32,14,42,35,40,36,34,48,8,10,25,19,34,18,43,42,9,23,48,20,45,43,34,47,50,26,40,35,43,42,34,0,21,39,23,52,44,37,34,30,34,24,22,43,42,37,16,37,47,37,32,56,36,37,49,37,50,39,50,40,39,55,50,50
2796,9,68,10,33,42,34,25,47,9,10,49,35,63,7,45,47,15,11,32,41,31,33,42,8,29,100,35,13,36,42,27,7,21,59,10,74,27,33,45,67,49,46,43,49,30,43,27,26,41,14,38,4,22,60,61,39,51,38,48,32,39,51,10,58,36,34,28,54,44,31,44,26,35,14,34,27,20,56,31,27,16,32,7,1,36,38,45,26,13,48,18,50,49,59,32,4,16,38,36,33,25,30,30,6,13,55,15,30,45,47,50,47,16,43,33,27,57,17,0,15,58,21,30,53,55,59,21,26,29,18,40,31,59,30,33,39,22,32,40,42,38,38,49,24,23,40,30,31,29,34,31
2801,7,33,5,41,40,49,61,48,8,17,36,60,30,17,45,29,30,19,71,58,71,71,45,19,50,35,100,15,76,63,56,17,13,47,16,40,58,57,46,31,43,53,66,40,88,48,47,45,42,21,54,10,43,39,38,54,52,50,39,37,45,38,29,45,46,61,61,39,32,38,37,59,57,12,45,61,13,46,53,22,12,61,14,1,44,48,35,24,13,36,19,30,29,35,66,8,9,35,34,26,18,61,56,7,16,43,10,35,30,27,36,50,16,45,24,52,44,19,0,12,33,13,74,41,29,31,19,25,29,12,37,62,44,12,25,38,28,27,43,30,29,36,26,42,27,37,34,40,53,34,76
2907,28,9,20,14,11,15,12,15,20,18,13,15,8,13,12,7,16,16,15,20,15,16,24,16,16,13,15,100,16,17,15,29,17,15,16,11,16,16,15,10,16,18,22,11,14,9,18,16,17,42,14,23,12,18,15,14,16,14,13,12,12,16,32,16,18,14,15,18,14,12,16,14,16,34,20,11,25,16,15,11,29,14,34,6,12,23,8,11,46,15,26,7,8,10,14,28,19,8,10,18,16,9,10,24,44,16,30,10,13,8,13,12,22,13,14,14,20,25,0,28,9,32,12,15,8,9,20,25,17,32,9,14,15,20,20,13,26,14,20,11,12,11,8,13,21,13,11,14,15,11,17
3016,12,34,6,46,38,55,60,51,12,26,36,53,31,20,50,30,39,28,68,60,68,59,46,21,50,36,76,16,100,62,62,14,15,43,19,39,55,60,45,32,48,50,62,40,71,52,53,51,44,23,53,11,45,37,38,53,55,50,38,40,47,42,25,49,48,61,56,38,34,41,41,51,52,19,46,69,18,44,55,23,15,64,13,1,47,52,33,25,14,39,23,32,29,34,59,7,11,32,31,26,20,57,52,11,18,45,14,38,30,28,38,52,22,50,25,59,42,25,0,14,34,16,71,41,30,33,20,25,28,13,37,54,42,14,25,43,34,28,49,36,38,45,26,49,29,39,41,48,52,39,74
3033,12,41,7,51,45,56,53,60,12,18,39,42,44,15,49,37,29,18,64,51,52,51,42,15,59,42,63,17,62,100,54,9,24,40,17,48,49,59,56,43,50,59,54,56,59,57,48,46,51,21,75,6,34,40,39,77,46,60,42,38,43,50,23,54,51,58,46,43,37,50,44,44,47,20,41,49,15,45,57,29,21,61,9,2,44,58,38,32,11,38,32,40,35,39,58,8,12,30,32,32,19,53,50,8,19,55,20,39,38,36,52,52,23,46,35,50,45,27,0,20,47,21,55,47,37,37,26,31,26,20,49,45,40,16,35,46,32,35,53,37,36,44,37,46,30,44,39,44,51,41,58
3114,12,31,6,65,35,54,69,47,13,35,38,47,33,28,50,32,55,35,58,47,78,48,35,30,54,27,56,15,62,54,100,13,17,40,25,34,51,54,40,34,42,47,49,43,61,54,75,73,47,20,55,11,57,37,36,54,44,51,35,51,61,45,27,44,58,60,51,38,36,57,42,50,42,17,42,53,16,41,57,26,17,58,12,0,59,46,33,28,14,38,27,34,32,34,53,8,10,28,21,28,18,49,46,10,18,44,15,48,34,30,40,48,21,49,30,70,39,26,0,16,36,17,64,40,31,29,24,26,28,14,38,51,38,13,30,58,33,28,48,40,38,45,29,58,30,43,48,51,49,40,57
3117,25,6,17,9,7,11,10,11,24,12,12,21,6,11,9,5,14,13,13,17,14,18,18,19,11,7,17,29,14,9,13,100,19,15,19,6,15,12,9,7,11,13,15,10,19,7,12,11,12,26,9,35,16,12,14,9,11,11,10,9,9,10,29,10,12,13,20,12,14,9,13,19,17,31,20,11,26,15,10,8,28,11,54,0,10,11,7,10,36,11,17,5,5,8,12,29,11,8,4,17,18,13,9,23,38,10,26,9,7,5,9,12,28,9,10,10,13,20,0,29,6,22,16,13,5,5,17,16,15,16,10,19,15,16,12,10,21,9,15,7,8,8,5,10,15,11,12,11,12,8,14
3121,25,24,28,19,13,21,11,18,15,11,18,19,29,6,16,19,18,12,16,19,12,9,14,9,21,21,13,17,15,24,17,19,100,18,10,23,14,20,16,30,16,23,18,42,15,17,14,12,21,21,25,11,7,19,23,25,11,24,11,10,12,23,27,14,24,22,10,18,15,16,17,10,12,32,20,9,30,23,16,33,50,17,18,0,14,18,22,40,18,16,41,21,18,24,15,10,23,11,7,34,31,13,15,14,31,18,41,21,18,22,28,18,42,12,43,13,17,30,0,41,28,42,15,28,22,18,37,22,36,25,32,16,18,35,33,16,32,37,28,12,11,14,21,15,22,20,15,11,17,15,12
3158,10,70,9,35,42,44,36,47,9,12,68,65,62,10,50,56,21,13,44,42,39,35,37,13,37,59,47,15,43,40,40,15,18,100,12,61,41,37,44,68,54,54,50,51,51,46,32,32,56,16,46,9,28,78,79,44,51,45,51,40,55,54,26,57,45,40,38,78,47,38,55,36,40,14,45,34,17,81,32,33,15,45,13,0,50,44,58,33,17,63,25,61,58,72,45,8,15,35,26,35,22,44,43,8,19,54,12,40,55,54,53,57,17,46,37,31,79,24,0,13,66,17,48,62,60,53,27,33,37,18,48,55,85,22,36,47,29,32,50,41,39,47,51,31,29,54,38,29,45,43,38
3325,13,10,6,20,15,20,27,19,35,35,11,14,9,42,20,9,31,36,23,20,24,23,26,52,15,10,16,16,19,17,25,19,10,12,100,8,22,20,18,10,17,11,13,11,18,19,25,23,13,19,17,19,40,14,12,17,20,17,20,30,20,19,14,18,18,21,25,13,23,28,18,25,23,19,26,29,15,12,36,9,17,19,13,0,19,16,10,10,13,12,12,10,9,10,21,11,11,11,6,14,13,20,17,13,18,17,24,15,10,8,13,20,19,22,9,26,13,19,0,26,9,13,22,11,9,8,9,14,11,13,17,12,12,12,12,29,16,9,17,17,19,19,8,30,18,11,39,36,16,12,22
3339,7,66,7,36,35,40,28,39,7,9,66,40,70,6,46,62,19,10,33,41,35,31,34,7,39,74,40,11,39,48,34,6,23,61,8,100,30,31,53,65,58,62,47,54,34,55,30,29,56,12,48,3,20,57,60,48,47,47,43,33,44,54,15,47,41,36,26,57,44,39,51,26,35,11,33,30,16,60,32,41,14,34,6,1,39,39,50,36,10,54,27,67,67,57,35,3,12,29,28,36,22,32,33,5,11,48,13,40,60,57,55,56,15,47,43,33,62,23,0,13,66,19,34,61,64,72,30,27,31,16,47,36,64,27,41,47,25,41,44,42,39,47,64,31,26,50,32,29,33,46,33
3372,7,32,9,42,40,45,54,45,10,19,34,46,29,23,44,27,33,20,59,50,50,70,37,21,52,27,58,16,55,49,51,15,14,41,22,30,100,55,42,32,40,44,59,36,63,37,45,44,43,17,50,8,49,37,36,50,47,44,38,40,45,37,25,43,41,54,77,41,36,44,40,75,53,17,47,44,14,43,49,25,16,55,12,0,49,47,33,23,18,32,22,28,30,33,53,7,14,30,22,28,17,54,49,7,23,43,17,33,32,31,34,58,20,40,27,43,43,27,0,19,32,12,60,41,28,24,22,31,29,17,46,50,42,13,27,43,32,23,45,28,29,35,29,48,31,36,41,42,58,38,55
3397,16,37,7,43,50,57,54,61,16,23,32,44,35,22,43,29,31,23,71,51,48,46,42,18,52,33,57,16,60,59,54,12,20,37,20,31,55,100,42,36,40,40,46,44,63,41,53,50,44,25,61,9,37,40,37,61,41,65,50,36,39,47,24,58,55,66,50,38,41,40,43,47,41,21,51,44,18,41,52,25,18,72,14,0,40,61,33,25,15,39,28,31,29,35,62,9,12,35,25,27,23,58,64,13,20,55,16,38,30,27,43,47,22,37,26,42,44,24,0,17,35,18,59,37,31,28,18,26,28,16,39,48,36,17,27,40,35,25,49,42,42,47,27,43,30,38,38,38,48,36,54
3440,8,45,6,49,40,40,36,49,14,20,50,29,50,16,52,44,25,19,42,44,40,42,41,16,55,45,46,15,45,56,40,9,16,44,18,53,42,42,100,45,63,51,44,37,40,59,40,38,53,17,59,6,31,46,46,61,53,50,51,45,44,44,16,53,35,41,37,48,56,56,63,36,40,20,40,37,15,45,43,24,19,41,8,1,46,50,33,23,13,45,25,46,42,40,37,7,10,20,20,33,15,36,34,7,18,55,18,39,45,39,47,58,25,51,27,40,49,32,0,21,44,20,38,44,43,43,25,31,20,20,39,31,45,18,33,56,31,26,50,46,47,56,43,46,33,44,46,49,43,50,43
3463,9,77,11,38,42,39,28,48,8,9,60,40,77,6,46,59,20,10,35,36,28,25,32,8,37,67,31,10,32,43,34,7,30,68,10,65,32,36,45,100,48,47,39,64,34,46,29,28,53,12,46,4,22,69,75,47,42,47,46,34,44,54,13,55,44,37,27,64,44,38,52,26,31,15,39,24,15,65,30,39,20,35,7,0,45,41,59,38,12,55,27,64,61,79,36,4,17,35,26,39,24,33,34,6,15,57,17,40,57,61,62,51,19,39,48,26,62,23,0,18,75,20,34,61,66,57,29,31,38,19,52,37,65,28,41,45,28,37,50,41,38,44,62,29,26,51,35,26,38,44,28
3488,11,49,5,38,36,49,33,47,17,18,56,37,55,15,43,49,27,17,42,53,39,41,53,16,47,49,43,16,48,50,42,11,16,54,17,58,40,40,63,48,100,57,48,40,40,54,40,37,65,24,51,8,30,53,50,51,53,47,49,44,45,50,23,52,46,42,38,56,53,56,80,37,44,20,54,37,16,55,39,28,18,42,10,1,43,49,40,28,12,57,30,51,50,47,38,8,9,23,23,33,17,35,33,11,18,53,17,39,54,42,47,59,22,50,31,41,58,32,0,21,49,19,39,47,47,55,25,32,23,18,45,40,53,18,36,53,36,30,50,44,46,53,45,41,35,53,45,47,38,47,42
3559,9,48,7,50,38,50,38,45,10,15,55,53,53,11,40,50,29,16,42,56,48,44,43,11,56,46,53,18,50,59,47,13,23,54,11,62,44,40,51,47,57,100,62,58,46,52,41,41,61,20,60,7,29,46,49,60,45,48,35,32,42,54,29,39,53,44,39,50,41,45,50,37,49,17,43,38,18,61,39,41,19,43,12,1,42,50,49,42,16,47,34,53,48,49,42,7,14,32,31,38,23,40,40,8,19,42,17,48,51,43,53,45,24,42,40,44,55,30,0,17,52,21,45,58,44,49,32,35,33,20,54,50,53,19,39,43,36,45,53,37,36,43,46,38,33,57,40,39,46,41,46
3658,9,38,11,39,37,55,47,41,10,17,43,57,35,15,43,33,30,18,53,63,58,54,47,15,47,43,66,22,62,54,49,15,18,50,13,47,59,46,44,39,48,62,100,45,59,42,42,40,51,24,44,9,37,47,46,46,52,45,37,34,43,46,33,41,50,49,52,53,37,35,43,48,59,18,47,48,18,53,45,29,18,50,14,1,44,51,39,29,25,41,27,35,36,41,53,8,17,35,34,39,20,48,48,9,29,41,16,35,40,37,43,47,23,48,34,47,49,34,0,17,38,17,57,54,33,36,33,41,37,27,41,60,54,18,37,40,39,32,57,29,29,36,35,41,38,43,34,37,52,36,58
3672,11,57,12,42,39,55,35,44,10,11,47,56,63,7,36,48,23,12,43,44,36,30,39,9,45,49,40,11,40,56,43,10,42,51,11,54,36,44,37,64,40,58,45,100,44,40,36,35,50,14,57,5,25,51,56,56,30,54,33,26,34,58,21,39,60,47,32,45,34,36,42,31,37,18,48,30,17,56,37,44,26,46,9,0,35,43,56,50,11,40,34,52,46,59,48,5,19,46,33,37,30,43,45,7,17,42,22,43,44,49,62,42,25,29,56,33,46,25,0,23,68,23,44,60,52,44,31,28,44,17,69,48,50,26,42,36,34,49,59,31,28,37,45,34,27,48,36,26,42,34,33
3696,8,36,5,45,44,54,67,52,8,19,38,68,33,18,48,31,32,20,79,51,64,64,40,20,53,30,88,14,71,59,61,19,15,51,18,34,63,63,40,34,40,46,59,44,100,43,51,50,46,20,59,11,47,42,41,60,47,55,42,39,48,42,32,50,51,67,68,42,35,40,40,65,52,13,50,57,14,51,50,24,13,68,16,0,47,50,38,26,14,39,21,33,31,38,74,9,11,40,29,28,20,68,62,8,18,47,11,37,31,29,40,53,18,41,26,47,47,20,0,13,36,13,83,45,31,28,21,27,33,13,40,69,48,13,26,40,30,25,47,32,31,39,28,44,29,39,37,36,57,36,69
3715,7,43,5,55,40,41,51,50,10,25,53,32,48,23,63,49,34,27,43,40,54,38,29,19,49,43,48,9,52,57,54,7,17,46,19,55,37,41,59,46,54,52,42,40,43,100,47,46,50,13,56,5,37,40,46,56,53,51,42,56,66,43,15,53,37,46,34,46,43,57,51,34,37,13,29,49,15,50,50,29,14,44,6,0,65,45,40,28,8,47,26,52,46,45,37,3,9,20,20,31,15,39,37,5,12,54,12,46,45,44,47,55,22,60,30,57,44,27,0,13,51,16,44,43,45,47,23,25,22,15,38,36,45,17,30,61,26,30,45,45,44,54,45,57,30,47,42,49,47,55,45
3748,14,31,6,70,34,45,59,47,15,35,33,38,33,27,45,28,46,34,53,44,64,43,37,30,50,27,47,18,53,48,75,12,14,32,25,30,45,53,40,29,40,41,42,36,51,47,100,94,45,23,51,11,57,36,31,52,41,44,34,46,52,41,22,45,46,54,47,34,40,56,43,44,39,20,42,46,16,35,53,20,19,52,15,0,50,45,26,20,17,37,21,30,28,28,47,10,10,28,21,25,21,43,40,12,20,44,18,41,31,23,35,40,21,44,21,57,36,22,0,18,29,18,53,33,27,25,17,25,22,16,30,41,32,16,25,53,31,20,43,47,45,45,26,49,30,36,47,53,41,37,50
3767,13,32,6,73,35,45,59,45,15,33,33,37,32,25,45,27,46,32,53,44,63,41,34,27,47,26,45,16,51,46,73,11,12,32,23,29,44,50,38,28,37,41,40,35,50,46,94,100,41,19,49,10,56,32,30,51,40,42,32,45,51,41,18,43,45,52,44,30,38,54,40,42,39,17,39,45,15,34,51,18,16,50,14,0,48,42,25,19,17,33,19,29,27,27,46,9,11,30,22,22,20,43,39,12,15,42,14,41,28,22,33,39,18,43,20,56,33,18,0,14,28,16,52,32,26,25,15,21,20,13,29,40,31,15,21,52,27,19,39,49,45,44,26,45,26,34,45,51,39,36,47
3869,13,50,9,46,46,53,37,57,13,17,64,44,59,12,44,57,26,16,44,43,37,34,37,14,55,41,42,17,44,51,47,12,21,56,13,56,43,44,53,53,65,61,51,50,46,50,45,41,100,22,61,8,28,58,53,61,44,54,45,39,46,56,27,51,50,46,37,63,50,53,66,36,37,22,44,33,17,62,36,39,22,47,12,0,49,59,51,35,16,60,42,61,58,52,45,9,15,27,20,41,20,38,39,10,27,58,20,47,66,50,63,57,26,42,40,36,62,39,0,22,56,21,44,58,53,51,37,43,32,26,44,48,58,18,48,53,46,34,60,42,42,51,52,47,42,68,42,37,48,57,39
3950,25,11,11,13,15,28,15,22,28,23,13,20,11,17,15,8,23,21,26,24,18,20,36,23,20,14,21,42,23,21,20,26,21,16,19,12,17,25,17,12,24,20,24,14,20,13,23,19,22,100,18,23,16,20,16,18,25,20,17,16,13,20,42,21,28,24,20,20,23,16,22,18,18,36,35,18,27,19,20,13,28,22,34,3,13,30,10,15,34,22,30,9,9,11,20,23,11,11,11,21,16,14,17,43,41,20,29,15,14,9,17,17,31,17,14,20,22,31,0,31,10,31,19,16,9,11,22,27,16,30,12,19,16,16,21,17,34,17,28,18,23,23,9,17,30,18,18,19,16,14,22
4044,12,47,8,63,47,55,52,64,12,21,46,45,54,15,51,45,29,21,62,43,45,43,35,16,68,38,54,14,53,75,55,9,25,46,17,48,50,61,59,46,51,60,44,57,59,56,51,49,61,18,100,7,34,44,43,94,43,66,46,40,48,53,23,56,53,59,46,49,43,56,52,44,38,20,41,42,15,51,55,33,22,66,9,0,47,57,44,35,11,45,32,48,41,44,56,7,13,30,22,35,21,57,54,8,19,58,20,49,47,41,57,55,23,40,36,42,48,27,0,20,53,21,55,51,42,38,27,34,29,19,52,48,43,21,38,51,33,34,53,41,40,50,43,46,33,51,44,43,52,50,50
4091,22,3,11,7,5,11,9,8,25,21,7,13,4,16,7,3,15,19,12,9,10,10,15,23,8,4,10,23,11,6,11,35,11,9,19,3,8,9,6,4,8,7,9,5,11,5,11,10,8,23,7,100,14,9,9,7,11,8,7,10,6,13,20,8,13,8,11,9,12,9,9,10,9,21,15,12,21,9,11,5,20,9,35,0,7,8,4,6,23,8,12,3,3,4,10,23,6,5,2,10,12,8,6,38,26,7,18,6,5,3,7,7,15,9,6,10,10,13,0,18,4,19,14,9,3,3,11,11,8,13,4,11,9,10,9,10,16,5,11,8,9,8,2,8,13,8,12,11,7,6,16
4098,6,21,4,52,30,37,52,37,16,37,26,35,21,43,39,20,49,39,46,41,60,53,36,46,35,22,43,12,45,34,57,16,7,28,40,20,49,37,31,22,30,29,37,25,47,37,57,56,28,16,34,14,100,26,25,35,44,31,31,55,47,30,15,35,33,42,59,25,39,50,33,54,51,14,38,53,11,29,57,12,10,39,12,0,45,31,22,13,12,24,12,21,20,23,38,6,8,27,20,19,13,40,35,8,14,34,14,32,20,19,24,41,17,46,14,60,28,19,0,15,21,10,49,26,19,18,11,18,16,10,31,38,28,10,16,57,20,13,31,33,35,34,18,47,23,24,54,69,37,28,51
4178,13,71,10,34,44,42,35,50,11,12,61,50,64,10,46,51,18,11,41,39,34,31,40,14,37,60,39,18,37,40,37,12,19,78,14,57,37,40,46,69,53,46,47,51,42,40,36,32,58,20,44,9,26,100,74,45,48,46,55,39,47,58,25,61,44,37,34,74,50,36,58,33,36,16,48,30,16,69,31,29,21,42,12,0,46,48,52,29,18,60,26,55,54,70,47,12,16,37,27,35,23,39,39,9,24,58,19,37,56,48,57,51,17,42,34,28,76,26,0,20,60,21,41,58,58,50,25,37,37,26,41,46,79,23,41,45,32,29,53,43,40,47,47,32,30,49,37,29,40,40,36
4260,11,72,8,36,40,40,30,45,11,12,67,50,65,9,48,53,20,13,37,40,35,30,35,11,38,61,38,15,38,39,36,14,23,79,12,60,36,37,46,75,50,49,46,56,41,46,31,30,53,16,43,9,25,74,100,43,49,47,47,37,49,55,22,55,42,37,32,71,48,37,53,31,35,19,42,29,22,73,31,33,20,38,12,0,50,44,55,33,20,60,25,56,59,74,38,7,13,32,24,42,22,36,36,9,19,52,17,40,57,56,58,56,22,45,40,29,68,27,0,18,67,21,40,65,64,54,33,35,33,21,45,44,78,25,40,48,31,33,53,40,39,45,54,31,31,53,35,27,41,47,32
4386,12,49,7,65,50,56,53,66,12,22,46,42,55,15,53,45,30,21,65,44,45,44,35,16,70,39,54,14,53,77,54,9,25,44,17,48,50,61,61,47,51,60,46,56,60,56,52,51,61,18,94,7,35,45,43,100,44,66,47,41,46,54,23,58,52,61,47,47,44,56,53,45,40,20,42,42,15,50,52,31,22,62,9,0,47,58,42,33,11,43,32,48,41,44,58,8,14,31,23,35,21,53,51,8,19,60,21,48,45,39,58,55,24,41,35,42,49,26,0,20,50,21,55,51,42,37,26,34,29,20,49,45,43,21,38,51,34,32,53,43,42,50,44,46,33,49,45,43,51,47,51
4449,8,43,6,40,46,40,41,54,16,27,46,34,40,23,56,36,36,28,48,43,48,53,40,23,42,51,52,16,55,46,44,11,11,51,20,47,47,41,53,42,53,45,52,30,47,53,41,40,44,25,43,11,44,48,49,44,100,40,53,51,52,43,18,64,37,51,48,49,51,46,48,45,39,15,35,52,17,50,46,20,12,43,12,1,52,47,35,20,19,43,19,38,39,41,38,5,10,25,24,30,14,36,36,12,19,61,11,34,38,36,37,59,19,66,23,50,51,25,0,13,39,15,48,42,38,39,21,30,20,18,29,37,54,17,27,57,30,22,41,50,54,55,37,40,35,38,40,51,45,49,58
4485,12,45,7,46,50,53,47,51,13,17,45,44,47,17,46,40,29,17,55,42,44,39,35,15,61,38,50,14,50,60,51,11,24,45,17,47,44,65,50,47,47,48,45,54,55,51,44,42,54,20,66,8,31,46,47,66,40,100,53,38,45,53,25,52,52,55,42,45,46,43,49,40,36,18,43,39,15,49,46,34,20,56,12,0,45,61,39,35,15,49,36,42,43,43,57,7,12,30,22,40,21,51,58,11,19,51,18,48,43,41,53,53,23,39,40,39,47,31,0,20,48,24,52,53,47,42,30,34,30,21,46,46,44,25,44,46,34,34,57,45,44,57,40,45,37,49,37,35,50,45,46
4495,10,50,6,35,65,37,37,57,15,13,43,33,46,17,47,39,18,13,45,37,33,39,38,15,37,48,39,13,38,42,35,10,11,51,20,43,38,50,51,46,49,35,37,33,42,42,34,32,45,17,46,7,31,55,47,47,53,53,100,47,47,44,15,65,35,43,42,51,56,42,51,40,32,14,39,31,12,51,36,19,15,43,10,0,43,52,38,19,15,44,18,42,39,46,48,7,11,30,22,26,17,43,49,9,15,62,16,37,40,36,47,53,16,43,22,28,54,21,0,19,44,17,42,40,41,36,16,28,21,22,34,34,53,18,28,45,23,19,37,55,51,54,37,33,27,39,37,39,38,41,37
4594,6,35,4,48,37,35,47,45,17,38,39,28,33,43,56,34,41,35,40,37,50,37,30,42,39,32,37,12,40,38,51,9,10,40,30,33,40,36,45,34,44,32,34,26,39,56,46,45,39,16,40,10,55,39,37,41,51,38,47,100,63,36,17,49,32,37,40,42,45,58,46,37,36,13,34,47,11,42,55,17,11,38,8,0,60,38,31,17,11,39,18,35,33,35,35,6,7,19,14,24,12,34,32,7,15,48,13,37,33,31,34,49,17,62,19,58,43,25,0,16,34,12,41,32,33,31,15,25,18,15,31,32,40,11,23,67,23,17,35,39,42,47,30,55,27,35,55,58,43,44,46
4680,6,43,5,57,41,36,60,48,8,24,50,39,40,24,62,42,38,25,43,36,61,41,26,23,43,39,45,12,47,43,61,9,12,55,20,44,45,39,44,44,45,42,43,34,48,66,52,51,46,13,48,6,47,47,49,46,52,45,47,63,100,40,21,53,35,42,44,56,40,56,45,42,34,10,32,45,11,57,46,25,11,45,9,0,77,44,45,25,12,57,22,45,48,48,41,5,9,23,17,28,14,44,41,6,14,51,9,46,45,47,48,54,15,60,27,50,52,22,0,10,51,14,51,42,42,39,21,29,23,18,34,44,54,14,29,62,23,24,38,42,41,49,44,48,29,48,46,47,50,50,45
4723,15,54,8,42,42,59,39,49,18,18,52,45,54,12,46,45,29,18,48,45,35,30,40,15,43,51,38,16,42,50,45,10,23,54,19,54,37,47,44,54,50,54,46,58,42,43,41,41,56,20,53,13,30,58,55,54,43,53,44,36,40,100,20,52,61,47,32,51,45,40,54,31,38,18,48,34,25,57,38,35,20,47,11,0,40,53,44,34,18,50,35,48,46,52,48,8,16,36,26,40,24,44,42,12,18,51,17,39,47,43,58,54,22,42,39,38,57,32,0,18,55,24,44,62,49,46,28,33,33,23,48,43,56,23,41,48,37,35,59,45,42,48,43,38,34,49,42,34,41,40,38
4746,19,14,8,15,11,28,27,19,14,15,20,37,12,13,17,13,23,14,26,25,27,24,22,20,27,10,29,32,25,23,27,29,27,26,14,15,25,24,16,13,23,29,33,21,32,15,22,18,27,42,23,20,15,25,22,23,18,25,15,17,21,20,100,18,30,24,27,28,16,18,22,26,26,29,30,20,20,29,20,22,28,29,27,0,20,24,19,27,28,26,42,14,16,17,31,26,9,12,8,27,14,25,24,15,40,18,25,20,20,16,21,19,28,17,26,18,29,36,0,26,16,26,31,22,14,14,33,34,27,29,18,35,25,11,30,18,37,24,30,10,12,17,13,20,31,24,16,14,25,18,29
4754,16,56,9,44,60,46,43,85,15,21,48,36,52,16,55,42,26,21,56,42,39,44,40,17,44,58,45,16,49,54,44,10,14,57,18,47,43,58,53,55,52,39,41,39,50,53,45,43,51,21,56,8,35,61,55,58,64,52,65,49,53,52,18,100,44,57,47,57,55,45,56,44,34,20,41,36,18,57,41,21,15,58,11,0,52,55,40,21,16,54,26,45,42,52,50,8,14,33,25,31,21,44,43,10,21,91,16,35,42,39,50,61,20,53,26,35,62,24,0,16,48,20,48,43,46,40,18,33,25,22,33,39,57,24,31,53,31,21,46,55,54,53,40,39,32,43,39,43,45,44,43
4763,18,42,8,40,35,79,46,46,21,25,43,56,44,15,34,39,37,24,58,55,42,38,50,17,47,36,46,18,48,51,58,12,24,45,18,41,41,55,35,44,46,53,50,60,51,37,46,45,50,28,53,13,33,44,42,52,37,52,35,32,35,61,30,44,100,59,40,42,40,36,46,39,44,22,60,37,22,49,46,33,20,58,13,0,33,45,42,37,16,42,39,42,38,44,55,9,14,40,29,29,26,48,48,16,19,43,18,39,38,35,52,41,23,34,39,44,46,28,0,19,46,22,50,46,40,36,25,28,37,17,49,54,43,19,34,41,38,36,57,34,38,44,34,38,35,47,39,34,42,33,44
4781,14,36,8,46,45,63,53,60,17,26,39,49,36,19,49,34,37,27,69,51,51,55,41,19,52,34,61,14,61,58,60,13,22,40,21,36,54,66,41,37,42,44,49,47,67,46,54,52,46,24,59,8,42,37,37,61,51,55,43,37,42,47,24,57,59,100,58,37,39,41,45,55,44,19,46,48,22,43,47,28,18,68,15,0,40,48,36,31,16,37,29,37,34,35,61,6,13,37,27,32,23,55,55,12,18,56,16,41,32,32,41,52,28,41,30,50,40,27,0,17,38,19,65,42,35,31,22,25,29,14,44,52,39,18,29,43,37,30,52,41,40,44,30,45,32,42,38,39,50,38,52
4927,7,29,5,40,40,43,56,50,10,20,30,50,26,26,39,24,30,21,60,50,53,85,43,26,48,28,61,15,56,46,51,20,10,38,25,26,77,50,37,27,38,39,52,32,68,34,47,44,37,20,46,11,59,34,32,47,48,42,42,40,44,32,27,47,40,58,100,36,39,40,40,88,56,15,45,46,12,39,45,18,14,53,15,0,43,41,30,20,15,31,16,25,26,29,56,8,10,37,27,23,17,55,48,8,20,45,17,31,27,25,30,55,19,37,21,42,37,22,0,19,28,12,65,35,24,21,16,26,22,14,40,54,38,12,22,39,28,19,40,31,31,33,23,43,26,34,39,45,52,32,58
4946,11,62,10,35,41,42,36,49,11,13,64,51,57,12,53,53,20,12,40,38,35,33,37,15,41,54,39,18,38,43,38,12,18,78,13,57,41,38,48,64,56,50,53,45,42,46,34,30,63,20,49,9,25,74,71,47,49,45,51,42,56,51,28,57,42,37,36,100,47,40,56,34,35,20,44,31,16,71,35,34,20,44,12,0,55,51,56,32,18,65,29,57,56,66,41,10,15,30,22,41,18,42,39,9,28,59,18,40,64,57,56,53,20,47,37,29,76,33,0,19,65,18,41,60,54,49,32,45,33,28,45,51,74,19,44,48,38,30,54,38,38,46,53,39,38,57,39,31,45,50,37
5039,11,46,6,43,44,44,29,47,19,23,52,32,48,23,41,43,27,22,37,41,31,36,39,25,42,44,32,14,34,37,36,14,15,47,23,44,36,41,56,44,53,41,37,34,35,43,40,38,50,23,43,12,39,50,48,44,51,46,56,45,40,45,16,55,40,39,39,47,100,41,57,37,38,24,41,29,19,48,35,21,20,36,13,0,39,45,32,21,17,47,22,46,41,40,33,9,10,25,18,32,20,30,34,13,20,54,25,38,41,34,43,53,29,43,22,32,51,33,0,26,40,24,34,41,41,39,20,29,19,19,34,34,49,20,29,55,33,21,46,63,65,60,38,41,36,42,40,43,34,41,33
5339,7,38,4,61,42,38,48,50,16,29,43,30,47,28,52,41,43,29,44,37,49,38,35,27,51,31,38,12,41,50,57,9,16,38,28,39,44,40,56,38,56,45,35,36,40,57,56,54,53,16,56,9,50,36,37,56,46,43,42,58,56,40,18,45,36,41,40,40,41,100,54,39,34,16,40,45,11,40,55,25,17,41,8,0,57,43,35,24,11,39,24,43,39,36,37,6,9,20,15,28,14,38,34,8,14,47,16,44,44,36,45,50,19,55,28,53,39,24,0,19,39,15,42,40,38,35,22,27,19,16,39,33,37,14,30,67,27,23,39,43,44,49,40,49,30,47,59,62,40,51,45
5355,12,53,6,41,39,52,33,51,19,21,59,37,60,17,46,50,28,20,41,50,34,35,47,18,50,44,37,16,41,44,42,13,17,55,18,51,40,43,63,52,80,50,43,42,40,51,43,40,66,22,52,9,33,58,53,53,48,49,51,46,45,54,22,56,46,45,40,56,57,54,100,37,41,22,55,32,20,57,34,28,20,43,11,0,43,49,39,27,13,60,31,53,51,50,38,8,10,26,19,38,19,34,34,10,22,58,18,40,53,42,51,62,27,46,30,38,57,37,0,22,50,20,38,48,50,49,26,32,24,19,43,40,52,19,37,54,41,27,57,48,51,57,44,45,35,53,49,44,42,50,37
5452,7,28,4,38,39,40,54,46,10,18,29,47,25,25,38,23,30,20,57,49,51,80,40,24,45,26,59,14,51,44,50,19,10,36,25,26,75,47,36,26,37,37,48,31,65,34,44,42,36,18,44,10,54,33,31,45,45,40,40,37,42,31,26,44,39,55,88,34,37,39,37,100,54,15,43,43,11,38,45,18,13,51,14,0,43,40,29,19,14,30,16,25,27,28,53,8,9,34,25,22,15,52,46,7,16,42,17,30,27,25,29,52,19,35,20,40,36,21,0,19,27,11,62,33,24,21,17,27,22,13,39,51,36,11,22,38,25,18,37,29,28,31,23,42,26,33,37,42,51,30,55
5472,6,34,4,36,31,47,44,36,12,16,36,53,30,21,37,29,25,17,49,70,53,62,51,20,36,35,57,16,52,47,42,17,12,40,23,35,53,41,40,31,44,49,59,37,52,37,39,39,37,18,38,9,51,36,35,40,39,36,32,36,34,38,26,34,44,44,56,35,38,34,41,54,100,16,50,47,14,42,45,20,13,46,13,1,33,39,32,21,14,32,18,31,29,32,50,8,10,37,35,25,17,50,46,6,13,32,16,30,27,27,34,43,21,37,21,44,40,23,0,16,31,12,50,37,29,31,16,24,25,12,45,56,40,11,22,37,24,25,40,27,26,31,25,39,23,32,38,45,42,27,52
5483,38,12,21,17,11,22,10,23,29,24,15,16,14,14,14,9,18,22,16,26,11,14,28,23,20,14,12,34,19,20,17,31,32,14,19,11,17,21,20,15,20,17,18,18,13,13,20,17,22,36,20,21,14,16,19,20,15,18,14,13,10,18,29,20,22,19,15,20,24,16,22,15,16,100,28,9,49,16,20,14,62,20,31,0,12,23,10,16,33,19,32,10,8,10,11,26,18,7,4,27,21,10,9,29,50,21,63,12,14,11,20,21,63,13,19,13,17,40,0,56,14,43,12,21,11,8,26,27,16,29,19,14,15,26,24,21,40,15,34,13,17,16,10,21,28,18,18,19,13,15,13
5505,16,40,8,34,33,55,39,43,26,20,36,58,37,18,32,30,28,19,56,60,39,42,79,23,39,34,45,20,46,41,42,20,20,45,26,33,47,51,40,39,54,43,47,48,50,29,42,39,44,35,41,15,38,48,42,42,35,43,39,34,32,48,30,41,60,46,45,44,41,40,55,43,50,28,100,35,20,47,41,24,23,50,17,0,31,46,37,26,17,43,26,32,30,40,51,14,13,41,30,27,25,45,42,20,25,39,21,31,33,28,42,41,24,32,27,36,49,28,0,27,36,20,48,43,32,29,20,30,33,18,52,52,44,18,30,36,38,26,55,30,33,37,28,37,32,39,47,40,37,27,43
5556,5,26,3,41,31,44,59,37,16,31,30,42,24,32,48,26,42,34,55,42,63,49,36,33,40,27,61,11,69,49,53,11,9,34,29,30,44,44,37,24,37,38,48,30,57,49,46,45,33,18,42,12,53,30,29,42,52,39,31,47,45,34,20,36,37,48,46,31,29,45,32,43,47,9,35,100,11,35,61,18,9,47,11,1,45,38,28,19,10,28,15,27,25,27,48,6,7,26,26,21,13,49,43,7,12,34,8,33,25,23,29,39,14,56,19,65,33,17,0,8,28,10,58,31,25,27,14,19,21,9,29,46,34,9,19,45,22,21,36,32,34,41,21,45,23,30,43,49,45,35,68
5576,33,14,18,15,11,23,9,18,26,24,19,17,15,12,17,12,20,25,16,22,11,11,19,15,15,20,13,25,18,15,16,26,30,17,15,16,14,18,15,15,16,18,18,17,14,15,16,15,17,27,15,21,11,16,22,15,17,15,12,11,11,25,20,18,22,22,12,16,19,11,20,11,14,49,20,11,100,18,12,18,38,18,28,0,12,18,11,19,36,19,28,12,11,12,10,16,15,7,4,35,26,9,11,26,33,17,33,15,14,12,17,22,49,16,19,15,15,32,0,30,14,36,14,25,14,14,30,23,15,24,15,15,19,28,20,18,31,20,29,15,18,16,10,16,29,18,15,13,15,16,11
5656,10,64,10,41,48,46,37,54,10,12,64,58,60,10,51,56,23,13,44,45,42,37,38,13,42,56,46,16,44,45,41,15,23,81,12,60,43,41,45,65,55,61,53,56,51,50,35,34,62,19,51,9,29,69,73,50,50,49,51,42,57,57,29,57,49,43,39,71,48,40,57,38,42,16,47,35,18,100,34,36,18,45,13,0,55,49,65,38,16,62,30,60,55,74,46,8,16,35,26,42,22,43,44,9,22,58,16,46,55,54,62,58,23,45,40,32,78,28,0,17,70,20,50,64,58,53,32,37,38,22,49,55,80,21,40,49,35,36,53,41,40,47,51,35,33,59,39,32,50,44,39
5694,10,31,6,50,35,45,62,45,19,35,28,37,30,38,48,26,45,35,56,49,59,48,40,36,46,31,53,15,55,57,57,10,16,32,36,32,49,52,43,30,39,39,45,37,50,50,53,51,36,20,55,11,57,31,31,52,46,46,36,55,46,38,20,41,46,47,45,35,35,55,34,45,45,20,41,61,12,34,100,20,18,55,8,1,46,43,30,21,11,32,22,28,25,30,47,6,10,25,23,23,16,51,45,9,16,40,19,35,29,27,36,43,19,50,24,61,34,23,0,20,33,15,50,33,27,26,17,23,22,14,40,40,30,14,25,59,25,24,39,30,32,37,25,52,27,32,51,58,42,36,60
5743,10,31,14,21,20,31,20,23,9,11,38,30,36,6,23,37,22,12,22,23,20,17,18,8,31,27,22,11,23,29,26,8,33,33,9,41,25,25,24,39,28,41,29,44,24,29,20,18,39,13,33,5,12,29,33,31,20,34,19,17,25,35,22,21,33,28,18,34,21,25,28,18,20,14,24,18,18,36,20,100,19,31,8,0,25,28,51,81,11,32,42,40,44,37,24,4,20,18,12,42,31,24,29,6,18,25,17,47,43,42,35,29,21,21,64,20,31,31,0,18,43,20,25,42,40,38,39,34,44,22,43,30,31,26,45,26,37,75,36,19,18,25,36,26,36,44,23,17,35,34,19
5852,35,15,24,19,15,20,10,19,24,18,15,16,19,12,14,13,15,16,15,20,10,12,21,18,21,16,12,29,15,21,17,28,50,15,17,14,16,18,19,20,18,19,18,26,13,14,19,16,22,28,22,20,10,21,20,22,12,20,15,11,11,20,28,15,20,18,14,20,20,17,20,13,13,62,23,9,38,18,18,19,100,17,28,0,13,20,13,23,28,17,31,14,11,15,14,27,20,8,4,31,25,12,12,23,49,18,79,16,18,14,26,18,55,11,26,12,16,34,0,69,19,53,12,24,14,11,32,27,21,37,24,13,16,29,32,17,36,22,30,14,13,14,14,18,24,19,18,15,15,14,12
5897,17,38,7,43,41,63,58,62,16,23,37,56,34,18,45,34,32,22,73,51,52,49,41,19,51,32,61,14,64,61,58,11,17,45,19,34,55,72,41,35,42,43,50,46,68,44,52,50,47,22,66,9,39,42,38,62,43,56,43,38,45,47,29,58,58,68,53,44,36,41,43,51,46,20,50,47,18,45,55,31,17,100,11,0,41,55,44,34,12,43,29,36,33,38,73,9,12,36,26,27,23,66,76,10,18,54,15,42,34,32,44,48,20,40,28,45,45,23,0,15,40,16,69,41,34,30,19,27,31,15,45,59,42,16,28,41,32,32,49,35,35,44,28,45,30,41,39,40,52,40,55
5921,32,6,24,10,10,11,10,11,20,12,11,18,7,11,10,5,12,13,13,14,12,13,17,15,10,7,14,34,13,9,12,54,18,13,13,6,12,14,8,7,10,12,14,9,16,6,15,14,12,34,9,35,12,12,12,9,12,12,10,8,9,11,27,11,13,15,15,12,13,8,11,14,13,31,17,11,28,13,8,8,28,11,100,0,9,13,6,9,60,10,16,5,5,7,11,33,15,8,4,16,20,9,12,41,38,10,25,10,7,5,9,10,24,8,9,9,13,16,0,25,6,26,14,12,5,5,15,16,14,18,7,16,13,18,11,8,19,9,14,11,11,10,4,8,14,10,9,9,11,8,12
5943,0,0,0,0,0,0,0,0,0,0,0,0,0,0,0,0,0,0,0,1,1,1,2,0,0,1,1,6,1,2,0,0,0,0,0,1,0,0,1,0,1,1,1,0,0,0,0,0,0,3,0,0,0,0,0,0,1,0,0,0,0,0,0,0,0,0,0,0,0,0,0,0,1,0,0,1,0,0,1,0,0,0,0,100,0,2,0,0,0,0,0,0,0,0,0,0,0,0,7,0,0,0,0,0,0,0,0,0,0,0,0,0,0,1,0,1,0,0,0,0,0,2,0,0,0,1,0,0,0,0,0,0,0,0,0,0,0,2,0,0,0,0,0,0,0,0,0,1,0,0,1
5953,6,40,7,54,44,34,58,50,8,23,46,35,40,24,61,40,39,25,43,34,60,40,25,22,45,36,44,12,47,44,59,10,14,50,19,39,49,40,46,45,43,42,44,35,47,65,50,48,49,13,47,7,45,46,50,47,52,45,43,60,77,40,20,52,33,40,43,55,39,57,43,43,33,12,31,45,12,55,46,25,13,41,9,0,100,47,42,24,14,46,23,42,44,48,38,5,11,21,16,32,13,41,37,6,18,54,11,44,47,46,42,53,17,60,29,49,48,25,0,13,47,12,49,44,41,37,27,35,25,19,32,40,51,13,33,61,28,24,39,40,38,46,42,51,33,46,46,47,61,53,45
5959,12,40,9,46,57,47,42,60,13,19,39,40,41,18,45,34,27,18,52,47,42,40,42,16,54,38,48,23,52,58,46,11,18,44,16,39,47,61,50,41,49,50,51,43,50,45,45,42,59,30,57,8,31,48,44,58,47,61,52,38,44,53,24,55,45,48,41,51,45,43,49,40,39,23,46,38,18,49,43,28,20,55,13,2,47,100,39,26,18,50,33,36,34,43,54,9,15,29,24,36,18,45,54,13,27,56,19,41,41,35,51,52,26,46,32,40,50,36,0,20,40,20,50,50,35,33,27,40,30,28,37,42,45,17,37,46,42,28,57,44,45,55,35,46,42,47,43,43,52,43,45
5991,7,54,9,32,43,39,32,46,7,9,48,48,51,7,36,51,19,9,35,34,32,28,30,8,35,45,35,8,33,38,33,7,22,58,10,50,33,33,33,59,40,49,39,56,38,40,26,25,51,10,44,4,22,52,55,42,35,39,38,31,45,44,19,40,42,36,30,56,32,35,39,29,32,10,37,28,11,65,30,51,13,44,6,0,42,39,100,54,8,47,23,55,52,68,39,3,15,34,25,28,21,39,45,5,13,40,11,56,51,57,58,40,14,33,41,26,53,18,0,12,67,11,38,49,52,46,21,27,39,14,52,50,59,16,30,36,24,51,41,30,28,34,48,28,24,56,35,27,45,38,30
6010,12,33,13,22,21,34,21,25,11,12,35,34,36,7,22,36,24,13,24,25,22,18,20,9,32,26,24,11,25,32,28,10,40,33,10,36,23,25,23,38,28,42,29,50,26,28,20,19,35,15,35,6,13,29,33,33,20,35,19,17,25,34,27,21,37,31,20,32,21,24,27,19,21,16,26,19,19,38,21,81,23,34,9,0,24,26,54,100,11,29,40,39,37,37,26,5,18,20,13,38,39,26,32,8,18,24,20,52,35,38,36,26,24,20,61,22,28,29,0,21,45,23,27,37,38,34,35,31,46,18,46,34,32,24,40,24,36,86,37,19,18,25,31,24,32,40,24,17,34,28,20
6046,26,11,26,14,14,14,11,13,20,15,17,16,10,12,14,8,16,16,13,17,13,14,17,13,14,13,13,46,14,11,14,36,18,17,13,10,18,15,13,12,12,16,25,11,14,8,17,17,16,34,11,23,12,18,20,11,19,15,15,11,12,18,28,16,16,16,15,18,17,11,13,14,14,33,17,10,36,16,11,11,28,12,60,0,14,18,8,11,100,13,23,8,9,11,11,23,21,8,4,23,18,9,12,33,45,14,26,11,12,9,11,16,27,13,17,11,17,26,0,26,10,30,12,20,10,8,25,26,18,33,9,14,21,26,19,14,24,11,22,13,14,13,9,11,22,11,10,11,15,12,12
6167,12,54,6,36,37,41,31,48,12,16,55,44,53,11,44,47,22,15,38,39,33,28,36,13,42,48,36,15,39,38,38,11,16,63,12,54,32,39,45,55,57,47,41,40,39,47,37,33,60,22,45,8,24,60,60,43,43,49,44,39,57,50,26,54,42,37,31,65,47,39,60,30,32,19,43,28,19,62,32,32,17,43,10,0,46,50,47,29,13,100,30,50,61,57,37,9,10,26,20,38,20,34,35,10,20,51,15,38,61,56,58,54,22,43,30,30,61,34,0,16,54,20,37,50,57,57,28,38,26,24,37,42,57,19,38,47,34,30,52,40,42,50,54,36,40,63,37,32,42,52,34
6197,25,20,18,22,17,34,20,29,20,18,29,22,27,10,19,25,29,18,24,27,19,15,20,13,35,18,19,26,23,32,27,17,41,25,12,27,22,28,25,27,30,34,27,34,21,26,21,19,42,30,32,12,12,26,25,32,19,36,18,18,22,35,42,26,39,29,16,29,22,24,31,16,18,32,26,15,28,30,22,42,31,29,16,0,23,33,23,40,23,30,100,27,28,24,22,13,16,9,6,39,20,17,19,15,36,33,28,28,31,26,34,27,41,21,49,21,29,54,0,29,28,37,20,35,26,26,51,36,29,37,28,23,24,20,46,27,50,38,44,16,18,26,24,30,40,36,22,19,29,29,20
6237,7,63,7,36,38,42,30,42,9,12,87,39,73,10,46,87,19,12,32,32,28,24,27,8,40,50,30,7,32,40,34,5,21,61,10,67,28,31,46,64,51,53,35,52,33,52,30,29,61,9,48,3,21,55,56,48,38,42,42,35,45,48,14,45,42,37,25,57,46,43,53,25,31,10,32,27,12,60,28,40,14,36,5,0,42,36,55,39,8,50,27,100,70,63,34,3,13,29,21,32,22,33,35,5,10,48,12,44,61,58,55,46,16,38,41,30,56,21,0,12,68,16,33,54,67,66,27,24,30,13,49,37,60,21,36,46,25,38,43,44,40,49,62,34,24,54,35,28,35,50,26
6758,6,58,6,31,32,38,28,35,8,11,69,36,65,8,41,66,19,12,29,30,27,25,25,7,36,49,29,8,29,35,32,5,18,58,9,67,30,29,42,61,50,48,36,46,31,46,28,27,58,9,41,3,20,54,59,41,39,43,39,33,48,46,16,42,38,34,26,56,41,39,51,27,29,8,30,25,11,55,25,44,11,33,5,0,44,34,52,37,9,61,28,70,100,59,31,2,11,26,19,36,20,30,32,4,10,44,9,41,71,75,52,46,13,40,43,28,54,25,0,10,63,15,31,54,76,74,32,30,27,17,43,35,57,21,41,43,25,36,40,40,37,45,72,32,30,57,31,25,39,57,26
6932,7,70,11,35,47,39,31,51,7,8,56,47,68,7,42,58,17,9,36,36,32,27,33,8,34,59,35,10,34,39,34,8,24,72,10,57,33,35,40,79,47,49,41,59,38,45,28,27,52,11,44,4,23,70,74,44,41,43,46,35,48,52,17,52,44,35,29,66,40,36,50,28,32,10,40,27,12,74,30,37,15,38,7,0,48,43,68,37,11,57,24,63,59,100,41,4,19,38,28,31,24,37,39,5,15,52,12,40,55,57,62,46,14,37,42,25,62,20,0,13,71,14,38,55,59,53,22,30,44,17,49,42,67,22,35,41,25,37,44,37,34,41,54,28,24,52,36,27,41,40,29
7577,12,40,5,39,48,60,63,53,10,14,35,62,35,14,41,32,25,14,74,47,54,51,41,17,48,32,66,14,59,58,53,12,15,45,21,35,53,62,37,36,38,42,53,48,74,37,47,46,45,20,56,10,38,47,38,58,38,57,48,35,41,48,31,50,55,61,56,41,33,37,38,53,50,11,51,48,10,46,47,24,14,73,11,0,38,54,39,26,11,37,22,34,31,41,100,12,13,47,34,22,22,74,75,8,15,46,13,37,33,29,46,43,13,35,27,39,47,17,0,14,39,14,78,41,32,28,16,25,34,16,42,62,45,14,28,35,27,25,45,35,33,43,29,37,25,37,35,33,46,31,57
7851,42,4,18,6,6,8,7,9,16,9,6,12,3,7,5,4,7,6,9,8,7,8,14,14,8,4,8,28,7,8,8,29,10,8,11,3,7,9,7,4,8,7,8,5,9,3,10,9,9,23,7,23,6,12,7,8,5,7,7,6,5,8,26,8,9,6,8,10,9,6,8,8,8,26,14,6,16,8,6,4,27,9,33,0,5,9,3,5,23,9,13,3,2,4,12,100,14,12,2,9,11,7,7,22,29,8,28,6,7,2,8,5,13,4,5,5,11,12,0,24,3,26,8,7,3,2,9,13,7,21,4,10,8,10,12,6,15,5,11,8,8,6,2,6,10,7,6,6,6,4,9
7858,24,15,56,13,16,13,9,16,10,8,11,14,16,5,11,12,11,8,13,12,8,9,13,7,10,16,9,19,11,12,10,11,23,15,11,12,14,12,10,17,9,14,17,19,11,9,10,11,15,11,13,6,8,16,13,14,10,12,11,7,9,16,9,14,14,13,10,15,10,9,10,9,10,18,13,7,15,16,10,20,20,12,15,0,11,15,15,18,21,10,16,13,11,19,13,14,100,19,7,18,35,11,12,11,27,16,19,10,12,12,15,10,14,8,23,7,14,12,0,17,15,17,11,16,12,9,13,21,44,20,15,12,15,40,19,10,21,16,15,11,9,8,12,9,15,11,10,10,12,9,8
7961,7,40,8,27,35,38,33,36,6,7,27,51,34,6,23,34,13,7,40,35,30,34,41,8,25,38,35,8,32,30,28,8,11,35,11,29,30,35,20,35,23,32,35,46,40,20,28,30,27,11,30,5,27,37,32,31,25,30,30,19,23,36,12,33,40,37,37,30,25,20,26,34,37,7,41,26,7,35,25,18,8,36,8,0,21,29,34,20,8,26,9,29,26,38,47,12,19,100,48,15,25,43,39,4,7,31,7,22,22,24,33,24,7,19,21,22,34,6,0,7,33,9,40,33,28,24,7,16,30,9,37,43,36,17,17,20,17,20,33,25,22,22,25,20,14,25,23,20,26,16,30
8370,2,29,3,20,26,27,24,26,3,5,20,36,25,5,17,20,7,6,29,34,29,33,40,6,19,36,34,10,31,32,21,4,7,26,6,28,22,25,20,26,23,31,34,33,29,20,21,22,20,11,22,2,20,27,24,23,24,22,22,14,17,26,8,25,29,27,27,22,18,15,19,25,35,4,30,26,4,26,23,12,4,26,4,7,16,24,25,13,4,20,6,21,19,28,34,2,7,48,100,10,15,31,29,1,4,23,4,17,17,18,24,18,4,20,14,22,26,5,0,3,24,6,29,24,21,25,4,11,20,6,27,31,26,8,11,15,11,20,24,18,16,17,19,15,9,19,17,20,19,13,29
9415,13,30,12,30,25,31,20,30,14,16,39,29,36,12,36,30,25,17,25,29,24,21,21,15,34,33,26,18,26,32,28,17,34,35,14,36,28,27,33,39,33,38,39,37,28,31,25,22,41,21,35,10,19,35,42,35,30,40,26,24,28,40,27,31,29,32,23,41,32,28,38,22,25,27,27,21,35,42,23,42,31,27,16,0,32,36,28,38,23,38,39,32,36,31,22,9,18,15,10,100,26,22,23,11,30,36,27,34,42,38,37,39,42,32,51,24,36,48,0,28,33,31,26,60,38,36,57,57,34,39,32,29,37,31,61,33,54,37,49,25,26,28,35,35,51,44,26,22,36,36,23
10438,28,28,25,18,17,23,16,22,15,12,20,26,25,7,14,20,14,14,22,23,15,15,22,11,18,25,18,16,20,19,18,18,31,22,13,22,17,23,15,24,17,23,20,30,20,15,21,20,20,16,21,12,13,23,22,21,14,21,17,12,14,24,14,21,26,23,17,18,20,14,19,15,17,21,25,13,26,22,16,31,25,23,20,0,13,18,21,39,18,20,20,22,20,24,22,11,35,25,15,26,100,19,20,14,21,19,22,20,17,16,22,16,20,13,32,14,21,14,0,21,22,27,20,22,21,19,16,25,44,15,24,22,22,47,23,14,29,34,21,18,16,16,18,13,23,19,17,14,16,13,15
11080,7,39,5,40,44,52,63,46,11,13,34,60,32,15,43,31,24,14,67,46,52,50,37,16,43,30,61,9,57,53,49,13,13,44,20,32,54,58,36,33,35,40,48,43,68,39,43,43,38,14,57,8,40,39,36,53,36,51,43,34,44,44,25,44,48,55,55,42,30,38,34,52,50,10,45,49,9,43,51,24,12,66,9,0,41,45,39,26,9,34,17,33,30,37,74,7,11,43,31,22,19,100,71,5,10,41,10,37,31,30,39,42,13,34,25,38,41,15,0,10,41,10,68,38,31,26,14,21,29,11,43,66,42,12,22,34,22,24,38,32,30,37,27,38,21,36,35,32,46,33,53
11831,8,38,5,37,52,53,52,46,8,14,35,57,33,18,40,32,24,15,61,43,48,44,34,13,42,30,56,10,52,50,46,9,15,43,17,33,49,64,34,34,33,40,48,45,62,37,40,39,39,17,54,6,35,39,36,51,36,58,49,32,41,42,24,43,48,55,48,39,34,34,34,46,46,9,42,43,11,44,45,29,12,76,12,0,37,54,45,32,12,35,19,35,32,39,75,7,12,39,29,23,20,71,100,7,11,40,10,46,31,31,40,40,13,33,26,37,40,15,0,10,39,12,65,39,33,29,15,22,30,13,44,57,41,14,24,32,22,31,39,38,35,44,27,35,22,35,32,30,47,32,47
12699,36,6,17,8,8,14,6,11,30,16,8,9,6,12,7,4,12,15,13,12,6,7,20,13,9,6,7,24,11,8,10,23,14,8,13,5,7,13,7,6,11,8,9,7,8,5,12,12,10,43,8,38,8,9,9,8,12,11,9,7,6,12,15,10,16,12,8,9,13,8,10,7,6,29,20,7,26,9,9,6,23,10,41,0,6,13,5,8,33,10,15,5,4,5,8,22,11,4,1,11,14,5,7,100,27,9,22,7,6,4,9,8,20,8,8,8,10,15,0,21,5,22,8,9,5,4,11,12,8,14,6,8,8,14,10,9,18,7,14,14,15,13,3,8,15,10,10,9,7,7,8
14052,31,10,32,15,15,20,13,23,24,21,17,19,12,16,15,10,17,19,17,17,14,15,24,25,23,13,16,44,18,19,18,38,31,19,18,11,23,20,18,15,18,19,29,17,18,12,20,15,27,41,19,26,14,24,19,19,19,19,15,15,14,18,40,21,19,18,20,28,20,14,22,16,13,50,25,12,33,22,16,18,49,18,38,0,18,27,13,18,45,20,36,10,10,15,15,29,27,7,4,30,21,10,11,27,100,23,48,14,18,12,19,18,40,14,21,13,23,40,0,50,13,35,16,22,10,9,32,39,25,42,14,17,20,25,28,17,48,17,34,12,15,14,11,21,32,18,18,18,22,16,19
14130,14,52,10,46,58,44,41,82,14,21,49,34,55,15,54,45,26,20,52,40,38,42,37,17,48,55,43,16,45,55,44,10,18,54,17,48,43,55,55,57,53,42,41,42,47,54,44,42,58,20,58,7,34,58,52,60,61,51,62,48,51,51,18,91,43,56,45,59,54,47,58,42,32,21,39,34,17,58,40,25,18,54,10,0,54,56,40,24,14,51,33,48,44,52,46,8,16,31,23,36,19,41,40,9,23,100,19,37,47,42,51,61,22,51,32,35,60,29,0,19,50,20,46,48,46,42,24,36,26,25,35,37,54,22,37,54,38,24,48,54,52,52,43,44,35,47,39,43,48,49,41
25674,35,13,22,17,14,18,9,20,26,17,14,13,17,15,13,11,13,16,13,23,9,15,21,24,20,15,10,30,14,20,15,26,41,12,24,13,17,16,18,17,17,17,16,22,11,12,18,14,20,29,20,18,14,19,17,21,11,18,16,13,9,17,25,16,18,16,17,18,25,16,18,17,16,63,21,8,33,16,19,17,79,15,25,0,11,19,11,20,26,15,28,12,9,12,13,28,19,7,4,27,22,10,10,22,48,19,100,15,17,13,25,20,52,10,23,10,15,38,0,86,16,50,10,21,12,9,28,26,17,37,25,11,13,27,30,19,33,19,28,14,14,13,12,20,23,17,17,18,13,13,11
28417,8,37,7,48,39,40,37,38,11,21,44,36,40,19,43,41,34,22,34,32,41,29,25,17,45,30,35,10,38,39,48,9,21,40,15,40,33,38,39,40,39,48,35,43,37,46,41,41,47,15,49,6,32,37,40,48,34,48,37,37,46,39,20,35,39,41,31,40,38,44,40,30,30,12,31,33,15,46,35,47,16,42,10,0,44,41,56,52,11,38,28,44,41,40,37,6,10,22,17,34,20,37,46,7,14,37,15,100,43,41,42,39,20,38,37,40,38,25,0,15,45,18,39,40,41,38,27,27,28,16,41,42,39,16,33,45,28,49,41,43,41,48,36,39,30,48,40,35,45,43,33
31703,9,50,7,35,35,37,28,39,9,11,61,36,59,8,41,57,19,11,30,30,28,25,27,10,43,45,30,13,30,38,34,7,18,55,10,60,32,30,45,57,54,51,40,44,31,45,31,28,66,14,47,5,20,56,57,45,38,43,40,33,45,47,20,42,38,32,27,64,41,44,53,27,27,14,33,25,14,55,29,43,18,34,7,0,47,41,51,35,12,61,31,61,71,55,33,7,12,22,17,42,17,31,31,6,18,47,17,43,100,71,55,48,17,40,41,27,54,31,0,18,61,19,31,60,63,59,43,44,26,30,41,37,53,19,54,44,33,35,45,38,36,44,70,37,40,68,33,28,39,63,29
36462,6,52,8,30,33,35,26,36,7,10,53,35,57,8,41,54,18,10,28,28,26,24,23,7,34,47,27,8,28,36,30,5,22,54,8,57,31,27,39,61,42,43,37,49,29,44,23,22,50,9,41,3,19,48,56,39,36,41,36,31,47,43,16,39,35,32,25,57,34,36,42,25,27,11,28,23,12,54,27,42,14,32,5,0,46,35,57,38,9,56,26,58,75,57,29,2,12,24,18,38,16,30,31,4,12,42,13,41,71,100,57,46,16,40,44,26,50,28,0,13,67,15,30,55,72,59,38,38,28,23,47,34,53,19,48,42,26,36,42,32,31,39,78,33,34,56,31,25,41,55,25
38853,14,56,9,43,51,51,35,57,12,13,51,42,62,9,42,51,21,13,41,40,32,28,35,11,47,50,36,13,38,52,40,9,28,53,13,55,34,43,47,62,47,53,43,62,40,47,35,33,63,17,57,7,24,57,58,58,37,53,47,34,48,58,21,50,52,41,30,56,43,45,51,29,34,20,42,29,17,62,36,35,26,44,9,0,42,51,58,36,11,58,34,55,52,62,46,8,15,33,24,37,22,39,40,9,19,51,25,42,55,57,100,51,26,36,42,31,56,31,0,24,65,26,40,57,53,46,31,35,34,26,52,41,55,21,45,46,35,36,59,38,37,47,56,37,32,62,39,33,40,42,33
39186,9,49,6,43,44,46,40,54,11,19,55,39,50,20,56,44,32,20,50,48,41,50,35,20,50,47,50,12,52,52,48,12,18,57,20,56,58,47,58,51,59,45,47,42,53,55,40,39,57,17,55,7,41,51,56,55,59,53,53,49,54,54,19,61,41,52,55,53,53,50,62,52,43,21,41,39,22,58,43,29,18,48,10,0,53,52,40,26,16,54,27,46,46,46,43,5,10,24,18,39,16,42,40,8,18,61,20,39,48,46,51,100,27,56,33,42,57,37,0,22,53,19,49,56,49,44,29,32,24,18,48,41,59,19,36,64,35,27,54,44,45,53,46,51,33,48,45,43,48,53,44
44093,23,15,16,25,15,27,12,24,24,23,20,17,19,14,19,14,24,25,19,29,15,17,22,20,26,16,16,22,22,23,21,28,42,17,19,15,20,22,25,19,22,24,23,25,18,22,21,18,26,31,23,15,17,17,22,24,19,23,16,17,15,22,28,20,23,28,19,20,29,19,27,19,21,63,24,14,49,23,19,21,55,20,24,0,17,26,14,24,27,22,41,16,13,14,13,13,14,7,4,42,20,13,13,20,40,22,52,20,17,16,26,27,100,18,25,19,17,54,0,50,19,45,16,26,16,13,37,29,17,31,25,18,18,23,29,24,45,23,44,17,20,21,14,28,35,26,21,21,23,20,14
47576,7,40,5,45,38,38,42,45,14,34,45,31,38,30,54,36,44,36,42,41,54,40,32,30,40,43,45,13,50,46,49,9,12,46,22,47,40,37,51,39,50,42,48,29,41,60,44,43,42,17,40,9,46,42,45,41,66,39,43,62,60,42,17,53,34,41,37,47,43,55,46,35,37,13,32,56,16,45,50,21,11,40,8,1,60,46,33,20,13,43,21,38,40,37,35,4,8,19,20,32,13,34,33,8,14,51,10,38,40,40,36,56,18,100,25,64,47,28,0,11,38,13,43,42,40,40,24,31,19,18,29,34,49,14,30,66,27,22,42,41,46,51,39,45,37,38,50,54,44,49,49
54454,12,38,17,26,23,33,23,27,10,10,39,33,45,6,26,38,24,11,25,27,23,19,21,8,35,33,24,14,25,35,30,10,43,37,9,43,27,26,27,48,31,40,34,56,26,30,21,20,40,14,36,6,14,34,40,35,23,40,22,19,27,39,26,26,39,30,21,37,22,28,30,20,21,19,27,19,19,40,24,64,26,28,9,0,29,32,41,61,17,30,49,41,43,42,27,5,23,21,14,51,32,25,26,8,21,32,23,37,41,44,42,33,25,25,100,22,34,37,0,23,47,27,27,51,44,37,51,43,55,28,48,31,37,33,64,29,46,59,45,20,19,26,41,28,40,39,25,18,36,33,21
54897,8,25,4,52,29,47,54,37,15,46,34,35,27,40,47,29,57,49,48,47,69,45,36,37,43,27,52,14,59,50,70,10,13,31,26,33,43,42,40,26,41,44,47,33,47,57,57,56,36,20,42,10,60,28,29,42,50,39,28,58,50,38,18,35,44,50,42,29,32,53,38,40,44,13,36,65,15,32,61,20,12,45,9,1,49,40,26,22,11,30,21,30,28,25,39,5,7,22,22,24,14,38,37,8,13,35,10,40,27,26,31,42,19,64,22,100,31,24,0,11,29,13,49,32,27,30,18,20,20,10,32,38,31,10,22,58,27,24,41,33,37,42,25,53,28,33,48,60,42,37,58
62857,12,64,9,36,42,45,37,51,12,13,62,54,57,11,50,52,21,12,44,42,38,36,41,15,42,57,44,20,42,45,39,13,17,79,13,62,43,44,49,62,58,55,49,46,47,44,36,33,62,22,48,10,28,76,68,49,51,47,54,43,52,57,29,62,46,40,37,76,51,39,57,36,40,17,49,33,15,78,34,31,16,45,13,0,48,50,53,28,17,61,29,56,54,62,47,11,14,34,26,36,21,41,40,10,23,60,15,38,54,50,56,57,17,47,34,31,100,29,0,16,60,21,46,58,55,50,26,40,34,24,44,50,81,21,40,50,35,28,52,43,42,48,51,34,33,51,38,32,42,43,41
64710,17,16,13,21,16,32,15,24,22,23,27,20,22,18,23,20,28,22,20,30,19,19,23,24,34,17,19,25,25,27,26,20,30,24,19,23,27,24,32,23,32,30,34,25,20,27,22,18,39,31,27,13,19,26,27,26,25,31,21,25,22,32,36,24,28,27,22,33,33,24,37,21,23,40,28,17,32,28,23,31,34,23,16,0,25,36,18,29,26,34,54,21,25,20,17,12,12,6,5,48,14,15,15,15,40,29,38,25,31,28,31,37,54,28,37,24,29,100,0,39,22,33,19,35,24,24,56,49,22,50,28,20,25,17,49,34,57,29,55,18,23,29,25,42,57,38,27,25,34,32,21
66380,0,0,0,0,0,0,0,0,0,0,0,0,0,0,0,0,0,0,0,0,0,0,0,0,0,0,0,0,0,0,0,0,0,0,0,0,0,0,0,0,0,0,0,0,0,0,0,0,0,0,0,0,0,0,0,0,0,0,0,0,0,0,0,0,0,0,0,0,0,0,0,0,0,0,0,0,0,0,0,0,0,0,0,0,0,0,0,0,0,0,0,0,0,0,0,0,0,0,0,0,0,0,0,0,0,0,0,0,0,0,0,0,0,0,0,0,0,0,100,0,0,0,0,0,0,0,0,0,0,0,0,0,0,0,0,0,0,0,0,0,0,0,0,0,0,0,0,0,0,0,0
119565,30,13,19,16,14,18,10,19,29,17,14,14,17,15,14,12,15,16,14,26,10,17,26,26,21,15,12,28,14,20,16,29,41,13,26,13,19,17,21,18,21,17,17,23,13,13,18,14,22,31,20,18,15,20,18,20,13,20,19,16,10,18,26,16,19,17,19,19,26,19,22,19,16,56,27,8,30,17,20,18,69,15,25,0,13,20,12,21,26,16,29,12,10,13,14,24,17,7,3,28,21,10,10,21,50,19,86,15,18,13,24,22,50,11,23,11,16,39,0,100,16,44,12,22,12,10,29,26,18,34,29,12,14,26,30,20,35,20,30,14,14,14,13,21,24,19,20,21,15,14,12
156391,8,68,9,37,40,45,33,45,8,9,62,45,70,7,45,63,19,10,36,35,30,26,30,7,39,58,33,9,34,47,36,6,28,66,9,66,32,35,44,75,49,52,38,68,36,51,29,28,56,10,53,4,21,60,67,50,39,48,44,34,51,55,16,48,46,38,28,65,40,39,50,27,31,14,36,28,14,70,33,43,19,40,6,0,47,40,67,45,10,54,28,68,63,71,39,3,15,33,24,33,22,41,39,5,13,50,16,45,61,67,65,53,19,38,47,29,60,22,0,16,100,19,36,58,67,55,27,26,33,16,58,46,65,24,39,45,27,42,48,38,35,44,60,31,24,56,35,26,37,48,28
157921,34,17,20,20,14,21,10,20,20,17,19,14,19,9,15,15,17,15,15,19,11,12,20,13,23,21,13,32,16,21,17,22,42,17,13,19,12,18,20,20,19,21,17,23,13,16,18,16,21,31,21,19,10,21,21,21,15,24,17,12,14,24,26,20,22,19,12,18,24,15,20,11,12,43,20,10,36,20,15,20,53,16,26,2,12,20,11,23,30,20,37,16,15,14,14,26,17,9,6,31,27,10,12,22,35,20,50,18,19,15,26,19,45,13,27,13,21,33,0,44,19,100,12,25,17,15,34,26,17,40,19,14,17,32,30,17,33,22,31,20,18,18,15,17,24,20,14,15,15,16,12
164877,8,36,5,47,43,54,69,51,9,21,37,65,33,21,49,31,35,22,71,49,68,60,39,23,52,30,74,12,71,55,64,16,15,48,22,34,60,59,38,34,39,45,57,44,83,44,53,52,44,19,55,14,49,41,40,55,48,52,42,41,51,44,31,48,50,65,65,41,34,42,38,62,50,12,48,58,14,50,50,25,12,69,14,0,49,50,38,27,12,37,20,33,31,38,78,8,11,40,29,26,20,68,65,8,16,46,10,39,31,30,40,49,16,43,27,49,46,19,0,12,36,12,100,44,31,28,20,27,33,12,40,66,48,13,26,41,28,26,45,33,32,42,28,44,27,39,38,37,53,37,66
174697,11,54,10,41,38,45,33,42,11,13,61,53,59,10,47,51,24,14,40,42,36,32,36,11,44,53,41,15,41,47,40,13,28,62,11,61,41,37,44,61,47,58,54,60,45,43,33,32,58,16,51,9,26,58,65,51,42,53,40,32,42,62,22,43,46,42,35,60,41,40,48,33,37,21,43,31,25,64,33,42,24,41,12,0,44,50,49,37,20,50,35,54,54,55,41,7,16,33,24,60,22,38,39,9,22,48,21,40,60,55,57,56,26,42,51,32,58,35,0,22,58,25,44,100,55,52,49,44,36,29,53,47,66,27,56,45,40,38,60,35,34,40,55,41,40,60,39,30,44,46,35
186907,7,67,7,32,34,39,27,37,8,10,65,36,70,8,43,63,18,11,30,31,27,23,27,7,37,55,29,8,30,37,31,5,22,60,9,64,28,31,43,66,47,44,33,52,31,45,27,26,53,9,42,3,19,58,64,42,38,47,41,33,42,49,14,46,40,35,24,54,41,38,50,24,29,11,32,25,14,58,27,40,14,34,5,0,41,35,52,38,10,57,26,67,76,59,32,3,12,28,21,38,21,31,33,5,10,46,12,41,63,72,53,49,16,40,44,27,55,24,0,12,67,17,31,55,100,70,34,31,29,19,47,35,58,25,45,45,25,37,45,40,37,45,66,30,31,54,33,25,38,53,25
441140,6,54,6,29,31,35,23,33,8,10,64,33,62,7,40,61,17,11,27,33,30,25,29,7,34,59,31,9,33,37,29,5,18,53,8,72,24,28,43,57,55,49,36,44,28,47,25,25,51,11,38,3,18,50,54,37,39,42,36,31,39,46,14,40,36,31,21,49,39,35,49,21,31,8,29,27,14,53,26,38,11,30,5,1,37,33,46,34,8,57,26,66,74,53,28,2,9,24,25,36,19,26,29,4,9,42,9,38,59,59,46,44,13,40,37,30,50,24,0,10,55,15,28,52,70,100,30,25,25,15,40,30,52,19,37,40,22,40,38,38,35,42,59,30,25,54,29,27,33,49,27
443953,13,20,14,20,15,23,14,18,12,14,33,23,27,9,23,25,23,15,17,21,18,15,15,11,30,21,19,20,20,26,24,17,37,27,9,30,22,18,25,29,25,32,33,31,21,23,17,15,37,22,27,11,11,25,33,26,21,30,16,15,21,28,33,18,25,22,16,32,20,22,26,17,16,26,20,14,30,32,17,39,32,19,15,0,27,27,21,35,25,28,51,27,32,22,16,9,13,7,4,57,16,14,15,11,32,24,28,27,43,38,31,29,37,24,51,18,26,56,0,29,27,34,20,49,34,30,100,56,25,50,27,21,28,21,71,26,46,33,40,14,14,21,37,29,52,38,19,15,30,34,16
444254,14,26,14,27,28,26,22,34,13,15,29,28,28,12,30,23,22,14,26,27,23,24,26,16,34,26,25,25,25,31,26,16,22,33,14,27,31,26,31,31,32,35,41,28,27,25,25,21,43,27,34,11,18,37,35,34,30,34,28,25,29,33,34,33,28,25,26,45,29,27,32,27,24,27,30,19,23,37,23,34,27,27,16,0,35,40,27,31,26,38,36,24,30,30,25,13,21,16,11,57,25,21,22,12,39,36,26,27,44,38,35,32,29,31,43,20,40,49,0,26,26,26,27,44,31,25,56,100,36,58,26,28,36,24,67,30,50,29,44,22,23,24,38,30,68,39,27,25,38,34,26
445354,15,32,28,23,24,31,24,28,10,9,28,42,33,6,23,28,20,10,29,28,25,21,25,10,24,29,29,17,28,26,28,15,36,37,11,31,29,28,20,38,23,33,37,44,33,22,22,20,32,16,29,8,16,37,33,29,20,30,21,18,23,33,27,25,37,29,22,33,19,19,24,22,25,16,33,21,15,38,22,44,21,31,14,0,25,30,39,46,18,26,29,30,27,44,34,7,44,30,20,34,44,29,30,8,25,26,17,28,26,28,34,24,17,19,55,20,34,22,0,18,33,17,33,36,29,25,25,36,100,20,35,37,37,35,40,22,37,45,33,16,15,20,26,21,28,27,22,16,30,20,23
445621,21,15,20,17,21,16,12,23,15,13,16,13,18,10,18,12,13,12,15,15,11,12,17,13,22,18,12,32,13,20,14,16,25,18,13,16,17,16,20,19,18,20,27,17,13,15,16,13,26,30,19,13,10,26,21,20,18,21,22,15,18,23,29,22,17,14,14,28,19,16,19,13,12,29,18,9,24,22,14,22,37,15,18,0,19,28,14,18,33,24,37,13,17,17,16,21,20,9,6,39,15,11,13,14,42,25,37,16,30,23,26,18,31,18,28,10,24,50,0,34,16,40,12,29,19,15,50,58,20,100,15,13,20,22,49,17,35,17,31,16,15,16,23,20,49,25,15,15,24,21,13
1548887,9,48,10,35,33,48,32,37,13,11,44,52,51,13,35,46,22,12,39,48,33,37,41,13,43,40,37,9,37,49,38,10,32,48,17,47,46,39,39,52,45,54,41,69,40,38,30,29,44,12,52,4,31,41,45,49,29,46,34,31,34,48,18,33,49,44,40,45,34,39,43,39,45,19,52,29,15,49,40,43,24,45,7,0,32,37,52,46,9,37,28,49,43,49,42,4,15,37,27,32,24,43,44,6,14,35,25,41,41,47,52,48,25,29,48,32,44,28,0,29,58,19,40,53,47,40,27,26,35,15,100,46,44,21,36,39,29,44,53,26,25,33,42,38,25,44,41,33,39,32,32
1549008,9,39,6,37,34,56,52,41,8,13,43,78,34,13,38,34,27,14,57,54,53,50,41,14,42,31,62,14,54,45,51,19,16,55,12,36,50,48,31,37,40,50,60,48,69,36,41,40,48,19,48,11,38,46,44,45,37,46,34,32,44,43,35,39,54,52,54,51,34,33,40,51,56,14,52,46,15,55,40,30,13,59,16,0,40,42,50,34,14,42,23,37,35,42,62,10,12,43,31,29,22,66,57,8,17,37,11,42,37,34,41,41,18,34,31,38,50,20,0,12,46,14,66,47,35,30,21,28,37,13,46,100,52,14,27,34,30,31,47,27,27,33,29,36,26,44,32,28,47,34,51
2733526,10,68,9,35,43,42,37,46,9,11,71,58,60,10,50,56,22,12,42,41,38,35,36,12,37,59,44,15,42,40,38,15,18,85,12,64,42,36,45,65,53,53,54,50,48,45,32,31,58,16,43,9,28,79,78,43,54,44,53,40,54,56,25,57,43,39,38,74,49,37,52,36,40,15,44,34,19,80,30,31,16,42,13,0,51,45,59,32,21,57,24,60,57,67,45,8,15,36,26,37,22,42,41,8,20,54,13,39,53,53,55,59,18,49,37,31,81,25,0,14,65,17,48,66,58,52,28,36,37,20,44,52,100,22,37,50,30,30,51,41,39,46,54,32,31,50,37,28,42,43,38
5271566,24,31,27,18,15,17,10,19,15,12,21,16,29,7,17,19,13,14,15,17,10,11,18,10,16,30,12,20,14,16,13,16,35,22,12,27,13,17,18,28,18,19,18,26,13,17,16,15,18,16,21,10,10,23,25,21,17,25,18,11,14,23,11,24,19,18,12,19,20,14,19,11,11,26,18,9,28,21,14,26,29,16,18,0,13,17,16,24,26,19,20,21,21,22,14,10,40,17,8,31,47,12,14,14,25,22,27,16,19,19,21,19,23,14,33,10,21,17,0,26,24,32,13,27,25,19,21,24,35,22,21,14,22,100,30,18,24,23,23,19,18,16,21,11,23,16,14,13,13,15,10
5280965,15,33,12,28,25,32,22,30,12,13,38,29,40,9,31,34,23,13,25,27,23,20,24,13,37,33,25,20,25,35,30,12,33,36,12,41,27,27,33,41,36,39,37,42,26,30,25,21,48,21,38,9,16,41,40,38,27,44,28,23,29,41,30,31,34,29,22,44,29,30,37,22,22,24,30,19,20,40,25,45,32,28,11,0,33,37,30,40,19,38,46,36,41,35,28,12,19,17,11,61,23,22,24,10,28,37,30,33,54,48,45,36,29,30,64,22,40,49,0,30,39,30,26,56,45,37,71,67,40,49,36,27,37,30,100,33,54,39,47,25,24,29,47,34,58,44,26,22,35,40,23
5281055,9,44,6,58,37,43,45,48,18,34,51,31,47,31,57,43,48,34,43,41,51,37,31,33,47,39,38,13,43,46,58,10,16,47,29,47,43,40,56,45,53,43,40,36,40,61,53,52,53,17,51,10,57,45,48,51,57,46,45,67,62,48,18,53,41,43,39,48,55,67,54,38,37,21,36,45,18,49,59,26,17,41,8,0,61,46,36,24,14,47,27,46,43,41,35,6,10,20,15,33,14,34,32,9,17,54,19,45,44,42,46,64,24,66,29,58,50,34,0,20,45,17,41,45,45,40,26,30,22,17,39,34,50,18,33,100,30,24,49,48,51,57,43,54,37,43,59,62,41,53,45
5284373,21,22,15,27,24,40,22,34,20,24,31,31,29,14,25,23,32,23,31,34,25,24,32,21,37,22,28,26,34,32,33,21,32,29,16,25,32,35,31,28,36,36,39,34,30,26,31,27,46,34,33,16,20,32,31,34,30,34,23,23,23,37,37,31,38,37,28,38,33,27,41,25,24,40,38,22,31,35,25,37,36,32,19,0,28,42,24,36,24,34,50,25,25,25,27,15,21,17,11,54,29,22,22,18,48,38,33,28,33,26,35,35,45,27,46,27,35,57,0,35,27,33,28,40,25,22,46,50,37,35,29,30,30,24,54,30,100,33,58,24,29,30,25,43,54,40,29,27,34,33,30
5284533,11,32,12,22,20,33,21,25,10,11,34,32,36,7,23,35,23,13,23,29,25,21,24,9,32,32,27,14,28,35,28,9,37,32,9,41,23,25,26,37,30,45,32,49,25,30,20,19,34,17,34,5,13,29,33,32,22,34,19,17,24,35,24,21,36,30,19,30,21,23,27,18,25,15,26,21,20,36,24,75,22,32,9,2,24,28,51,86,11,30,38,38,36,37,25,5,16,20,20,37,34,24,31,7,17,24,19,49,35,36,36,27,23,22,59,24,28,29,0,20,42,22,26,38,37,40,33,29,45,17,44,31,30,23,39,24,33,100,36,19,18,25,30,24,30,40,24,20,34,28,23
5388962,15,43,10,43,36,62,36,47,18,24,50,50,48,15,42,40,33,22,47,49,38,35,45,20,56,40,43,20,49,53,48,15,28,50,17,44,45,49,50,50,50,53,57,59,47,45,43,39,60,28,53,11,31,53,53,53,41,57,37,35,38,59,30,46,57,52,40,54,46,39,57,37,40,34,55,36,29,53,39,36,30,49,14,0,39,57,41,37,22,52,44,43,40,44,45,11,15,33,24,49,21,38,39,14,34,48,28,41,45,42,59,54,44,42,45,41,52,55,0,30,48,31,45,60,45,38,40,44,33,31,53,47,51,23,47,49,58,36,100,34,39,49,40,52,49,54,43,36,50,43,42
5447130,12,45,5,47,51,37,32,48,18,20,45,26,46,18,46,41,26,19,36,30,32,29,29,15,36,42,30,11,36,37,40,7,12,41,17,42,28,42,46,41,44,37,29,31,32,45,47,49,42,18,41,8,33,43,40,43,50,45,55,39,42,45,10,55,34,41,31,38,63,43,48,29,27,13,30,32,15,41,30,19,14,35,11,0,40,44,30,19,13,40,16,44,40,37,35,8,11,25,18,25,18,32,38,14,12,54,14,43,38,32,38,44,17,41,20,33,43,18,0,14,38,20,33,35,40,38,14,22,16,16,26,27,41,19,25,48,24,19,34,100,86,70,36,34,27,38,35,39,31,42,32
6604200,11,41,4,44,46,44,31,47,21,26,43,25,43,23,46,38,30,26,36,31,31,28,32,20,37,38,29,12,38,36,38,8,11,39,19,39,29,42,47,38,46,36,29,28,31,44,45,45,42,23,40,9,35,40,39,42,54,44,51,42,41,42,12,54,38,40,31,38,65,44,51,28,26,17,33,34,18,40,32,18,13,35,11,0,38,45,28,18,14,42,18,40,37,34,33,8,9,22,16,26,16,30,35,15,15,52,14,41,36,31,37,45,20,46,19,37,42,23,0,14,35,18,32,34,37,35,14,23,15,15,25,27,39,18,24,51,29,18,39,86,100,82,34,38,31,38,40,44,33,44,34
6914273,9,46,4,45,45,52,38,47,18,26,51,31,49,23,52,46,33,25,42,35,37,30,32,19,49,38,36,11,45,44,45,8,14,47,19,47,35,47,56,44,53,43,36,37,39,54,45,44,51,23,50,8,34,47,45,50,55,57,54,47,49,48,17,53,44,44,33,46,60,49,57,31,31,16,37,41,16,47,37,25,14,44,10,0,46,55,34,25,13,50,26,49,45,41,43,6,8,22,17,28,16,37,44,13,14,52,13,48,44,39,47,53,21,51,26,42,48,29,0,14,44,18,42,40,45,42,21,24,20,16,33,33,46,16,29,57,30,25,49,70,82,100,41,46,34,45,45,43,41,54,40
16129778,5,57,7,34,34,33,25,36,6,8,57,31,65,6,42,58,17,9,28,28,24,22,23,6,37,49,26,8,26,37,29,5,21,51,8,64,29,27,43,62,45,46,35,45,28,45,26,26,52,9,43,2,18,47,54,44,37,40,37,30,44,43,13,40,34,30,23,53,38,40,44,23,25,10,28,21,10,51,25,36,14,28,4,0,42,35,48,31,9,54,24,62,72,54,29,2,12,25,19,35,18,27,27,3,11,43,12,36,70,78,56,46,14,39,41,25,51,25,0,13,60,15,28,55,66,59,37,38,26,23,42,29,54,21,47,43,25,30,40,36,34,41,100,30,33,51,30,24,33,53,25
44567139,9,25,6,47,32,44,52,41,15,32,39,32,30,36,50,33,38,30,43,40,48,40,32,31,50,24,42,13,49,46,58,10,15,31,30,31,48,43,46,29,41,38,41,34,44,57,49,45,47,17,46,8,47,32,31,46,40,45,33,55,48,38,20,39,38,45,43,39,41,49,45,42,39,21,37,45,16,35,52,26,18,45,8,0,51,46,28,24,11,36,30,34,32,28,37,6,9,20,15,35,13,38,35,8,21,44,20,39,37,33,37,51,28,45,28,53,34,42,0,21,31,17,44,41,30,30,29,30,21,20,38,36,32,11,34,54,43,24,52,34,38,46,30,100,37,43,47,50,50,48,45
46931065,15,24,11,28,25,34,23,32,20,26,30,26,26,17,30,23,32,25,30,29,25,24,28,20,39,23,27,21,29,30,30,15,22,29,18,26,31,30,33,26,35,33,38,27,29,30,30,26,42,30,33,13,23,30,31,33,35,37,27,27,29,34,31,32,35,32,26,38,36,30,35,26,23,28,32,23,29,33,27,36,24,30,14,0,33,42,24,32,22,40,40,24,30,24,25,10,15,14,9,51,23,21,22,15,32,35,23,30,40,34,32,33,35,37,40,28,33,57,0,24,24,24,27,40,31,25,52,68,28,49,25,26,31,23,58,37,54,30,49,27,31,34,33,37,100,41,31,30,39,39,28
54675776,11,46,6,40,41,47,33,48,11,16,55,44,53,10,40,51,25,16,38,38,34,31,32,12,50,40,37,13,39,44,43,11,20,54,11,50,36,38,44,51,53,57,43,48,39,47,36,34,68,18,51,8,24,49,53,49,38,49,39,35,48,49,24,43,47,42,34,57,42,47,53,33,32,18,39,30,18,59,32,44,19,41,10,0,46,47,56,40,11,63,36,54,57,52,37,7,11,25,19,44,19,36,35,10,18,47,17,48,68,56,62,48,26,38,39,33,51,38,0,19,56,20,39,60,54,54,38,39,27,25,44,44,50,16,44,43,40,40,54,38,38,45,51,43,41,100,41,33,47,56,34
54677470,10,37,6,48,34,44,40,43,27,37,36,34,37,36,42,34,40,37,41,40,44,36,42,37,40,30,34,11,41,39,48,12,15,38,39,32,41,38,46,35,45,40,34,36,37,42,47,45,42,18,44,12,54,37,35,45,40,37,37,55,46,42,16,39,39,38,39,39,40,59,49,37,38,18,47,43,15,39,51,23,18,39,9,0,46,43,35,24,10,37,22,35,31,36,35,6,10,23,17,26,17,35,32,10,18,39,17,40,33,31,39,45,21,50,25,48,38,27,0,20,35,14,38,39,33,29,19,27,22,15,41,32,37,14,26,59,29,24,43,35,40,45,30,47,31,41,100,72,39,37,40
54690031,10,27,5,54,36,39,44,48,23,39,29,26,28,38,43,27,43,39,41,45,53,47,45,37,39,31,40,14,48,44,51,11,11,29,36,29,42,38,49,26,47,39,37,26,36,49,53,51,37,19,43,11,69,29,27,43,51,35,39,58,47,34,14,43,34,39,45,31,43,62,44,42,45,19,40,49,13,32,58,17,15,40,9,1,47,43,27,17,11,32,19,28,25,27,33,6,10,20,20,22,14,32,30,9,18,43,18,35,28,25,33,43,21,54,18,60,32,25,0,21,26,15,37,30,25,27,15,25,16,15,33,28,28,13,22,62,27,20,36,39,44,43,24,50,30,33,72,100,37,36,49
70691408,7,34,9,43,41,44,48,48,10,21,39,44,33,19,48,33,34,22,52,41,47,46,30,18,55,29,53,15,52,51,49,12,17,45,16,33,58,48,43,38,38,46,52,42,57,47,41,39,48,16,52,7,37,40,41,51,45,50,38,43,50,41,25,45,42,50,52,45,34,40,42,51,42,13,37,45,15,50,42,35,15,52,11,0,61,52,45,34,15,42,29,35,39,41,46,6,12,26,19,36,16,46,47,7,22,48,13,45,39,41,40,48,23,44,36,42,42,34,0,15,37,15,53,44,38,33,30,38,30,24,39,47,42,13,35,41,34,34,50,31,33,41,33,50,39,47,39,37,100,47,50
135398735,7,38,5,41,35,36,35,41,11,21,53,29,46,17,52,48,27,20,35,30,34,30,23,15,50,34,34,11,39,41,40,8,15,43,12,46,38,36,50,44,47,41,36,34,36,55,37,36,57,14,50,6,28,40,47,47,49,45,41,44,50,40,18,44,33,38,32,50,41,51,50,30,27,15,27,35,16,44,36,34,14,40,8,0,53,43,38,28,12,52,29,50,57,40,31,4,9,16,13,36,13,33,32,7,16,49,13,43,63,55,42,53,20,49,33,37,43,32,0,14,48,16,37,46,53,49,34,34,20,21,32,34,43,15,40,53,33,28,43,42,44,54,53,48,39,56,37,36,47,100,37
135398737,8,29,4,43,35,46,62,45,13,27,31,49,27,27,45,25,39,27,64,50,66,64,43,28,50,31,76,17,74,58,57,14,12,38,22,33,55,54,43,28,42,46,58,33,69,45,50,47,39,22,50,16,51,36,32,51,58,46,37,46,45,38,29,43,44,52,58,37,33,45,37,55,52,13,43,68,11,39,60,19,12,55,12,1,45,45,30,20,12,34,20,26,26,29,57,9,8,30,29,23,15,53,47,8,19,41,11,33,29,25,33,44,14,49,21,58,41,21,0,12,28,12,66,35,25,27,16,26,23,13,32,51,38,10,23,45,30,23,42,32,34,40,25,45,28,34,40,49,50,37,100
