SMILES,True,CPSign,Jaqpot,Lazar,Weka,OChem,Bel_P,Bel_N,Uncertainty
O=C1CC(=O)N(c2c(N1)ccc(c2)Cl)c1ccccc1,penetrating,0.835,0.9675504675008764,1,1,1,0.8427309820427364,3.940038514480342e-05,0.15722961757211884
OC[C@H]1O[C@H]([C@@H]([C@@H]1O)O)n1cnc2c1ncnc2N,penetrating,0.611,0.8278760919420931,1,1,1,0.5844692956351866,0.00017084734696175757,0.4153598570178517
O[C@@H]1CCN(C1)C[C@H]1CN(CCN1C(=O)Cc1ccccc1)C(=O)C,non-penetrating,0.13,0.1461463870346824,0,0,0,0.0007040220624320476,0.8038666641812564,0.19542931375631145
Fc1ccc(cc1)C(=O)CCCN1CCC(CC1)(O)c1ccc(cc1)Br,penetrating,0.8540000000000001,0.8131878922371684,1,1,1,0.7399032327622777,9.598834712013174e-05,0.26000077889060247
OCCN1CCN(CC1)CCCN1c2ccccc2Sc2c1cc(Cl)cc2,penetrating,0.8109999999999999,0.8543801348617529,1,1,1,0.7410330097002383,9.303219362744361e-05,0.2588739581061342
CSc1ccc(cc1)CC(=O)N1CCN(C[C@@H]1CN1CC[C@H](C1)O)C(=O)C,non-penetrating,0.0,0.10061781008689508,0,0,0,0.00026115506180320275,0.9200524300396377,0.07968641489855911
CC[C@@H](c1ccccc1)NC(=O)c1c(Cn2ccnc2)c(nc2c1cccc2)c1ccccc1,non-penetrating,0.478,0.10037297197838613,0,0,0,0.0013229789011949826,0.6128559953065364,0.3858210257922685
NC(=O)N1c2ccccc2[C@@H]2[C@@H](c3c1cccc3)O2,penetrating,0.98,0.9719262974990828,1,1,1,0.9599816140859739,1.0555583974509662e-05,0.04000783033005162
CC[C@@H](c1ccccc1)NC(=O)c1c(OCCCN(C)C)c(nc2c1cccc2)c1ccccc1,penetrating,0.397,0.2773910491630842,1,0,1,0.018788744894775167,0.00888042351421428,0.9723308315910106
ClCC(F)(F)F,penetrating,0.962,0.9998370201194,1,1,1,0.9692141484038388,6.061594135708522e-06,0.030779790002025464
COc1cc(NCc2ccc3c(c2C)c(N)nc(n3)N)cc(c1OC)OC,non-penetrating,0.631,0.6122129068575085,1,0,1,0.03530684732602405,0.003640300357633738,0.9610528523163421
OCCn1ccc(=O)c(c1CC)O,non-penetrating,0.7090000000000001,0.6634231403971056,1,1,1,0.5428727502233289,0.00022651254047230502,0.45690073723619895
F[C@H](CC(F)(F)F)Br,penetrating,0.987,0.9994426862598571,1,1,1,0.9890130055267266,2.2007811872226017e-06,0.01098479369208627
CN1CCN(CC1)c1c(F)cc2c3c1OC[C@@H](n3cc(c2=O)C(=O)O)C,penetrating,0.3490000000000001,0.3266812891324671,0,1,0,0.03615115785454985,0.050399188618476795,0.9134496535269733
NCC[C@@H](C(=O)N[C@@H]1C[C@H](N)[C@H]([C@@H]([C@H]1O[C@H]1O[C@H](CO)[C@H]([C@@H]([C@H]1O)N)O)O)O[C@H]1O[C@H](CN)[C@H]([C@@H]([C@H]1O)O)O)O,penetrating,0.06399999999999995,0.06393802178720942,0,1,0,0.012300126786404275,0.08191807701670528,0.9057817961968903
CN1CC[C@H]2[C@H](C1)c1ccccc1Oc1c2cc(Cl)cc1,penetrating,0.968,0.977754261011482,1,1,1,0.9554558770329317,1.1190110599042646e-05,0.04453293285646953
CC[C@@H](c1ccccc1)NC(=O)c1c(O)c(nc2c1cccc2)c1ccccc1,penetrating,0.39,0.15915836917061177,0,1,1,0.09865849035711846,0.007660833940596745,0.8936806757022853
CN(CCO[C@](c1ccccn1)(c1ccccc1)C)C,penetrating,0.911,0.8997072965388091,1,1,1,0.8478129253024692,4.745677207457984e-05,0.1521396179254565
COc1ccc(cc1)CCN1CCC(CC1)Nc1nc2c(n1Cc1ccc(cc1)F)cccc2,non-penetrating,0.727,0.5329991966826351,1,0,0,0.00988028490483059,0.025415753730500295,0.9647039613646691
O=C1NC(=O)[C@]2(N1)CCN([C@H](C2)CN1CCCC1)C(=O)Cc1ccc(c(c1)Cl)Cl,non-penetrating,0.44100000000000006,0.20041210446642643,1,1,0,0.06360195485837634,0.005872989076930587,0.930525056064693
C=CCN1CC[C@]23[C@H]4[C@@H]1Cc1c3c(O[C@@H]2[C@H](C=C4)O)c(cc1)O,penetrating,0.8370000000000001,0.5212762925536205,1,1,1,0.509286423841856,0.00022074949570128848,0.49049282666244276
Cc1c(O)c(=O)ccn1CCCO,non-penetrating,0.65,0.6049792431573724,1,1,1,0.4729036508792575,0.0002906554039421239,0.5268056937168004
Cc1ccc(cc1)C,penetrating,0.912,0.9795751761906756,1,1,1,0.9126739659937387,2.0705938576810035e-05,0.08730532806768443
CCn1cc(C(=O)O)c(=O)c2c1c(F)c(N1CCN[C@@H](C1)C)c(c2)F,non-penetrating,0.237,0.13079623727806644,0,0,0,0.0009095785069780511,0.7478405445760852,0.2512498769169367
ClCCN(c1ccc(cc1)CCCC(=O)O)CCCl,non-penetrating,0.623,0.4212513027815332,1,1,1,0.378849812838852,0.0004217862775496616,0.6207284008835982
CCO,penetrating,0.7040000000000001,0.9986733406085734,1,1,1,0.7606442698882729,4.757738280275925e-05,0.23930815272892458
CN1C[C@@H](C[C@H]2[C@H]1Cc1c[nH]c3c1c2ccc3)C(=O)NC1(C)O[C@@]2(N(C1=O)[C@@H](Cc1ccccc1)C(=O)N1[C@H]2CCC1)O,non-penetrating,0.38,0.015918898116682012,1,0,0,0.0025700632539794885,0.08254448720370532,0.9148854495423152
Clc1ccc2-n3c(C)ncc3[C@H](N=C(c2c1)c1ccccc1F)O,penetrating,0.949,0.9137654177545488,1,1,1,0.8874202760477329,3.346398788950865e-05,0.11254625996437762
Nc1ccc(cc1)S(=O)(=O)Nc1noc(c1)C,penetrating,0.7090000000000001,0.8195936070219043,1,1,0,0.18255262273976877,0.001223601429575059,0.8162237758306561
O=C(C1=C(O)c2ccccc2S(=O)(=O)N1C)Nc1ccccn1,non-penetrating,0.16000000000000003,0.3532164903290669,0,0,0,0.001515417121449709,0.6404602156503316,0.35802436722821884
CN1CCN2[C@@H](C1)c1ccccc1Cc1c2nccc1,penetrating,0.968,0.9818737300619746,1,1,1,0.9589239552557202,1.0056026084927844e-05,0.04106598871819511
COc1ccc(cc1)CN(c1ccccn1)CCN(C)C,penetrating,0.787,0.8694558595832619,1,1,1,0.7349249007979142,9.345283146559849e-05,0.2649816463706205
CCOCC,penetrating,0.971,0.9969644237434341,1,1,1,0.9740387610658412,5.417479979228386e-06,0.02595582145417963
O=C1NC(=O)[C@@]2(N1)CCN([C@H](C2)CN1CCCC1)C(=O)Cc1ccc(c(c1)Cl)Cl,non-penetrating,0.516,0.20041210446642643,1,1,0,0.06371572689342686,0.004996441719075643,0.9312878313874974
CNCCCN1c2ccccc2Sc2c1cccc2,penetrating,0.923,0.9316147889898656,1,1,1,0.8825044055985894,3.411509230798946e-05,0.11746147930910256
COc1cc(Cc2cnc(nc2N)N)cc(c1OC)OC,penetrating,0.366,0.7136595718012836,0,1,1,0.21404543718121835,0.0033549820005901797,0.7825995808181915
CCCCCCC,penetrating,1.0,0.9893387318518924,1,1,1,0.9907488425595995,2.5914774914397146e-06,0.009248565962909128
CC[C@H]1OC(=O)[C@@H](C)[C@H](O[C@H]2O[C@@H](C)[C@@H]([C@](C2)(C)OC)O)[C@@H](C)[C@H](O[C@@H]2O[C@H](C)C[C@@H]([C@H]2O)N(C)C)[C@](C[C@H](CN([C@@H](C([C@@]1(C)O)O)C)C)C)(C)O,non-penetrating,0.371,0.6451518111666914,0,0,0,0.003799054768784554,0.32741178416821115,0.6687891610630041
OCC(=O)[C@@]1(O)CC[C@@H]2[C@]1(C)C[C@H](O)[C@H]1[C@H]2CCC2=CC(=O)CC[C@]12C,non-penetrating,0.2659999999999999,0.4533793926078937,0,0,0,0.002332029561224158,0.522798007171294,0.47486996326748165
Oc1ccc2c(c1)c(CCCCN1CCC(=CC1)c1ccccc1)c[nH]2,penetrating,0.696,0.881878232892543,1,1,0,0.19154041736747973,0.0010094536352017562,0.8074501289973185
CN(Cc1ccc(o1)CSCCNC1=NCC(=CN1)Cc1ccc(nc1)C)C,non-penetrating,0.22199999999999998,0.7310599272308824,0,0,0,0.0033814883115611577,0.31072049351039394,0.6858980181780447
COc1ccc(cc1)CC(=O)N1CCN(C[C@@H]1CN1CC[C@H](C1)O)C(=O)C,non-penetrating,0.0,0.13364997947896673,0,0,0,0.00034689056162803833,0.8940359426423424,0.10561716679602974
CN(CCCN1c2ccccc2Sc2c1cc(cc2)C(F)(F)F)C,penetrating,1.0,0.98102684567693,1,1,1,0.9835661182801035,4.6118812215201056e-06,0.016429269838674987
CN1Cc2c(ncn2-c2c(C1=O)scc2)C(=O)OC(C)(C)C,penetrating,0.882,0.9830710923966413,1,1,1,0.8916676806756785,2.4807073905778214e-05,0.1083075122504158
CC#C[C@]1(O)CC[C@@H]2[C@]1(C)C[C@H](c1ccc(cc1)N(C)C)C1=C3CCC(=O)C=C3CC[C@@H]21,non-penetrating,0.718,0.3630584628693071,1,0,1,0.02907812369490475,0.004724296187238419,0.9661975801178568
CCCC(C)C,penetrating,1.0,0.9791557779854106,1,1,1,0.9819492333693192,5.066689199349008e-06,0.01804569994148153
Clc1ccc2c(c1)[nH]c(=O)n2C1CCN(CC1)CCCn1c(=O)[nH]c2c1cccc2,penetrating,0.536,0.29698587788386255,1,1,1,0.2794223661704229,0.0005699840798617988,0.7200076497497154
Clc1cccc(c1NC1=NCCN1)Cl,penetrating,0.7,0.9134186293176402,1,1,1,0.7015570961778479,9.469515517374335e-05,0.2983482086669784
O[C@@H]1CCN(C1)C[C@H]1N(CCc2c1cco2)C(=O)Cc1ccc(c(c1)Cl)Cl,penetrating,0.25,0.08692452612389956,1,1,0,0.03761562328195806,0.007808417759964953,0.9545759589580769
C[C@@H]([C@@H](c1cccc(c1)O)O)N,non-penetrating,0.765,0.5517677284056982,1,0,1,0.03753233807005031,0.0031520218204665594,0.9593156401094833
CN(CCOC(c1ccccc1)c1ccccc1)C,penetrating,0.89,0.9286681284783432,1,0,1,0.06464803152561237,0.0008547478905412537,0.9344972205838461
NC(=O)NO,penetrating,0.913,0.9366639052087354,1,1,1,0.8789823053093981,3.471716923493235e-05,0.12098297752136689
Oc1ncnc2c1cn[nH]2,penetrating,0.863,0.8237149029870826,1,1,1,0.754075816663112,8.885928365774827e-05,0.24583532405323028
C1CCN(CC1)Cc1cccc(c1)OCCCNc1nc2c(o1)cccc2,penetrating,0.956,0.993538001661265,1,1,1,0.9591311278919941,8.82266334165294e-06,0.04086004944466426
CN([C@@H]1C(=C(C(=O)N)C(=O)[C@@]2([C@H]1[C@@H](O)[C@@H]1[C@@H](C)c3cccc(c3C(=O)C1=C2O)O)O)O)C,penetrating,0.257,0.3142250936060703,1,0,0,0.004573523163187941,0.07023535899606409,0.9251911178407479
OC(=O)CC[C@@H](C(=O)O)NC(=O)c1ccc(cc1)N(Cc1cnc2c(n1)c(N)nc(n2)N)C,non-penetrating,0.397,0.026643085901724817,1,0,0,0.002731649925669381,0.08051222699699224,0.9167561230773386
O=C1NC(=O)[C@@](C(=O)N1C)(C)C1=CCCCC1,penetrating,0.769,0.9692700159557791,1,1,1,0.7922646165119207,5.1187501519225024e-05,0.20768419598656007
CNCCc1ccccn1,penetrating,0.917,0.8255465682102356,1,1,1,0.7924261651907312,7.012604184820177e-05,0.20750370876742064
C[C@@H]1N[C@H](C)CN(C1)c1c(F)c(N)c2c(c1F)n(cc(c2=O)C(=O)O)C1CC1,non-penetrating,0.385,0.17369685434648974,0,0,0,0.0014761484713031762,0.6304366600451857,0.3680871914835111
OC(=O)[C@@H]1CCn2c1ccc2C(=O)c1ccccc1,non-penetrating,0.614,0.3767421580814936,1,0,1,0.026482235287236693,0.005586525807107631,0.9679312389056555
NC(=O)C[C@@H](C(=O)N[C@H]([C@@H](CN1C[C@H]2CCCC[C@H]2C[C@H]1C(=O)NC(C)(C)C)O)Cc1ccccc1)NC(=O)c1ccc2c(n1)cccc2,non-penetrating,0.0,0.04308800406479241,0,0,0,0.00011183557219939042,0.9653635161986388,0.03452464822916169
CCCNC(=O)c1ccc2c(c1)N([C@H](CN1CCCC1)C)c1c(S2)cccc1,penetrating,0.96,0.9779282227588408,1,1,1,0.9492808037695811,1.2586504942010795e-05,0.050706609725476914
OC[C@@H]1C=C[C@@H](C1)n1cnc2c1nc(N)nc2NC1CC1,penetrating,0.8140000000000001,0.4540708300470253,1,1,0,0.13683427942826884,0.0021786150214118324,0.8609871055503193
[O-][N+](=O)c1cc[nH]c1NCCSCc1ccccn1,penetrating,0.593,0.7825187898654473,1,1,1,0.5457811836372408,0.00020643210697735814,0.4540123842557816
CN1Cc2c(ncn2-c2c(C1=O)c(Cl)ccc2)c1noc(n1)C(O)(C)C,non-penetrating,0.529,0.7718488102338064,1,0,0,0.010584708794938577,0.021720952765612297,0.9676943384394489
CNCCCN1c2ccccc2Sc2c1cc(Cl)cc2,penetrating,0.944,0.9426183454581004,1,1,1,0.9075011635624394,2.6049227097162487e-05,0.09247278721046348
CCCC(C(=O)[O-])CCC,penetrating,0.868,0.9527051191419434,1,1,1,0.8571043726348536,3.867969891046285e-05,0.1428569476662359
Clc1ccc2c(c1)[C@H]1CN(C[C@H]1c1c(O2)cccc1)C,penetrating,0.972,0.96358857459392,1,1,1,0.9466509741420611,1.4310001589567701e-05,0.0533347158563493
NCCc1nc2n(c1)cccc2,non-penetrating,0.551,0.5497586306535752,1,0,1,0.02946078102423946,0.004597520699749722,0.9659416982760107
Brc1cnc(c(c1)C)CCCCNc1[nH]cc(c(=O)n1)Cc1ccc(nc1)C,non-penetrating,0.347,0.4384574326358833,0,0,0,0.0026139915445005596,0.4953395897179912,0.5020464187375082
CCOC(=O)N1CC/C(=C/2\c3ccc(cc3CCc3c2nccc3)Cl)/CC1,non-penetrating,0.84,0.9391027627459364,1,0,1,0.06238365422938142,0.0009346512758133248,0.9366816944948052
O[C@H]1CCN(C1)C[C@H]1CN(CCN1C(=O)Cc1ccc(cc1)S(=O)(=O)C)C(=O)C,non-penetrating,0.0,0.032490761735485596,0,0,0,8.433026798869891e-05,0.9737100167942877,0.02620565293772382
OC[C@H]1O[C@H]([C@@H]([C@@H]1O)O)n1ncc(n1)C(=O)N,penetrating,0.574,0.7795921652399748,1,1,1,0.5316909407047312,0.00021556801435849556,0.46809349128091027
C[n+]1cccc(c1)OC(=O)N(C)C,penetrating,1.0,0.9820677997875336,1,1,1,0.9844656597568139,4.358852303217404e-06,0.015529981390882908
CN(CCCN1c2ccccc2Sc2c1cccc2)C,penetrating,1.0,0.9565419250444691,1,1,1,0.9624074510165809,1.0563529732487632e-05,0.03758198545368652
CC[C@@H](c1ccccc1)NC(=O)c1c(OCCNC(=O)Cc2ccccn2)c(nc2c1cccc2)c1ccccc1,non-penetrating,0.1190000000000001,0.020098709068970932,0,0,0,0.0002592895403963969,0.9016906890079586,0.09805002145164422
CN(CCCN1c2ccccc2CCc2c1cccc2)C,penetrating,1.0,0.9945924394369734,1,1,1,0.9952888389255753,1.3144375779693639e-06,0.004709846636846704
Cc1cc(nc(c1C)C)C(SC(CNc1[nH]ccc1[N+](=O)[O-])(C)C)(C)C,penetrating,0.755,0.9182181029139362,1,1,1,0.745876658259797,7.884199774246418e-05,0.25404449974246057
Clc1cccc(c1)C(=O)[C@@H](NC(C)(C)C)C,penetrating,0.6609999999999999,0.9248302800444326,1,1,1,0.679659412650328,9.759999977139902e-05,0.32024298734990053
O=c1cc(n(n1c1ccccc1)C)C,penetrating,0.953,0.9568553294473601,1,1,1,0.926228763645828,1.9969908038834497e-05,0.07375126644613328
Clc1ccc(cc1)Nc1cc2-c(c/c/1=N/C(C)C)n(c1c(n2)cccc1)c1ccc(cc1)Cl,non-penetrating,0.43799999999999994,0.3988171691750466,1,0,1,0.02411622704958178,0.007472926681837053,0.9684108462685805
Nc1ccc(c(c1)O)C(=O)O,non-penetrating,0.645,0.2412123831207429,0,0,0,0.0026868763150646544,0.38869536334287524,0.6086177603420605
Cc1ccccc1C,penetrating,1.0,0.9797403281306156,1,1,1,0.9824543729287601,4.924600235552948e-06,0.017540702471004255
Nc1ccc(cc1)S(=O)(=O)Nc1ncccn1,penetrating,0.758,0.5500802302966679,1,1,0,0.1389802787416406,0.002046999033586437,0.8589727222247727
CCCN(CCC)CCc1ccc(c2c1CC(=O)N2)O,penetrating,0.865,0.9307069934260838,1,1,1,0.8378440788349013,4.763527749714501e-05,0.16210828588760173
CSCc1cnc(c(c1CNCC)O)C,penetrating,0.545,0.7755041146506768,1,1,0,0.14421661667835675,0.0018467289019392641,0.8539366544197038
CN(/N=N/c1[nH]cnc1C(=O)N)C,penetrating,0.777,0.9611225549839514,1,1,1,0.7927620624710354,5.3483540153426486e-05,0.20718445398881125
CO[C@]12CC[C@]3(C[C@@H]1[C@@](C(C)(C)C)(O)C)[C@@]14[C@H]2Oc2c4c(C[C@H]3N(CC1)CC1CC1)ccc2O,penetrating,0.913,0.7686577796132283,1,1,0,0.21018683544141278,0.0008460782517470905,0.7889670863068401
O[C@@H](COc1cccc2c1cccc2)CNC(C)C,penetrating,0.598,0.7425349960245763,1,1,1,0.5256890614886061,0.00023045088078172215,0.47408048763061217
COc1ccc2c(c1)nc([nH]2)[S@](=O)Cc1ncc(c(c1C)OC)C,non-penetrating,0.7559999999999999,0.658286113634722,0,0,1,0.02173971046287294,0.023306583055771733,0.9549537064813552
OC[C@H]1O[C@H](CC1O)n1cnc2c1N=CNC[C@H]2O,penetrating,0.498,0.8673672671685235,1,1,0,0.1623872210636375,0.0015785464705160308,0.8360342324658467
O=C(c1ccc(cc1)C(C)(C)C)CCCN1CCC(CC1)OC(c1ccccc1)c1ccccc1,non-penetrating,0.0,0.6546174546675179,1,0,0,0.004424327263998438,0.04941166078799402,0.9461640119480075
O=C(N1CCC(C[C@@H]1CN1CCCC1)(C)C)Cc1ccc(c(c1)Cl)Cl,penetrating,0.856,0.9768411058966197,1,1,1,0.8662704898018816,3.1784113996061234e-05,0.13369772608412234
OCCOCCN1CCN(CC1)[C@@H](c1ccc(cc1)Cl)c1ccccc1,penetrating,0.29599999999999993,0.6815546743363855,1,1,1,0.36844673531641653,0.00041241373074784,0.6311408509528353
Fc1cc2c(cc1N1CCNCC1)n(cc(c2=O)C(=O)O)C1CC1,non-penetrating,0.14300000000000002,0.11950759792832,0,0,0,0.0006444685200743123,0.8147199353364537,0.18463559614347225
FC(O[C@@H](C(F)(F)F)Cl)F,penetrating,0.984,0.99754118495627,1,1,1,0.9849754974069557,3.1702350341992005e-06,0.015021332358010064
CC[C@H](n1ncn(c1=O)c1ccc(cc1)N1CCN(CC1)c1ccc(cc1)OC[C@@H]1CO[C@@](O1)(Cn1cncn1)c1ccc(cc1Cl)Cl)C,non-penetrating,0.31200000000000006,0.03365974308889075,1,0,1,0.009311071030071023,0.011996820340970792,0.9786921086289584
COc1cccnc1CCCCNc1[nH]cc(c(=O)n1)Cc1ccc(nc1)C,non-penetrating,0.16099999999999992,0.3910645854828976,0,0,0,0.0016539963956558289,0.6134978992864955,0.38484810431784844
Clc1ccc2c(c1)C(=N[C@H](C(=O)N2C)O)c1ccccc1,penetrating,0.957,0.9431491420874928,1,1,1,0.9178969058216915,2.308800405959699e-05,0.08208000617424893
CC1CCCC1,penetrating,1.0,0.9807758284226744,1,1,1,0.98334920148303,4.67289699894259e-06,0.01664612561997092
OCCCOc1cccc(c1)CN1CCCCC1,penetrating,0.929,0.9695322007520284,1,1,1,0.9179444253797182,2.08242702460005e-05,0.08203475035003582
O=C(N([C@H]1CCCC[C@H]1N1CCCC1)C)Cc1ccc(c(c1)Cl)Cl,penetrating,0.884,0.980987597028573,1,1,1,0.8916230106120115,2.5206186384407754e-05,0.10835178320160399
CN(CCc1ccccn1)C,penetrating,0.967,0.9146119458137936,1,1,1,0.9015518220293042,2.8817405043075508e-05,0.09841936056565281
O[C@H]1C=C[C@@H]2[C@@]34[C@H]1Oc1c4c(C[C@H]2N(CC3)C)ccc1O,penetrating,0.882,0.5540847859394374,1,1,1,0.5561967017224624,0.00018005829782919238,0.44362323997970865
CN1CCN(CC1)CC(=O)N1c2ccccc2C(=O)Nc2c1nccc2,penetrating,0.705,0.941964270785594,1,1,1,0.7240892461125062,7.80488717364893e-05,0.2758327050157571
OC[C@H]1O[C@@H](O)[C@@H]([C@H]([C@@H]1O)O)NC(=O)N(N=O)C,non-penetrating,0.46399999999999997,0.8093902986015238,1,0,0,0.011071288535957974,0.02306283706004402,0.965865874403998
ClCCNC(=O)N(CCCl)N=O,penetrating,0.922,0.9134662945976666,1,1,1,0.8670488335037464,4.01792158193412e-05,0.13291098728043427
O[C@@H]1CCN(C1)C[C@H]1CN(CCN1C(=O)Cc1ccc(c(c1)Cl)Cl)C(=O)C,non-penetrating,0.21799999999999997,0.07467719669567985,0,0,0,0.0006447304176866428,0.7972126937903519,0.20214257579196115
C=C[C@H]1CN2CC[C@H]1C[C@H]2[C@@H](c1ccnc2c1cc(OC)cc2)O,non-penetrating,0.889,0.6769958070113582,1,1,1,0.656379114203248,0.00013219142305259267,0.34348869437369944
NCCc1ccc(c(c1)O)O,non-penetrating,0.598,0.8055408293505543,1,1,1,0.5625040039219393,0.00018962962289976508,0.43730636645516086
O[C@@H]1CCN(C1)C[C@H]1N(CCc2c1nc[nH]2)C(=O)Cc1ccc(c(c1)Cl)Cl,non-penetrating,0.14500000000000002,0.05535290162340656,1,0,0,0.002048680699061288,0.09783456295755125,0.9001167563433875
O[C@@H](c1ccc(cc1)C(C)(C)C)CCCN1CCC(CC1)C(c1ccccc1)(c1ccccc1)O,non-penetrating,0.2829999999999999,0.7242581064007846,1,0,1,0.028717041255262466,0.004711137100720907,0.9665718216440167
CN1CCN(CC1)c1cc2c(cc1F)c(=O)c(cn2c1ccc(cc1)F)C(=O)O,non-penetrating,0.43799999999999994,0.5345708888980125,0,0,0,0.0035192325174135206,0.3730425525997506,0.6234382148828359
O[C@H]1CCN(C1)C[C@H]1CN(CCN1C(=O)Cc1ccc(cc1)N(=O)=O)C(=O)C,non-penetrating,0.12,0.14746810732630833,0,0,0,0.0006834286356246869,0.8090918900324773,0.19022468133189852
CSc1ccc2c(c1)N(CC[C@@H]1CCCCN1C)c1c(S2)cccc1,penetrating,0.8809999999999999,0.9370875481716896,1,1,1,0.8549463930060179,4.1670297427032526e-05,0.1450119366965551
CC[C@@H](C(=O)O[C@H]1C[C@@H](O)C=C2[C@H]1[C@@H](CC[C@H](C[C@H](CC(=O)O)O)O)[C@H](C=C2)C)C,non-penetrating,0.476,0.03221597555347144,0,0,0,0.0009467551192261925,0.6499808054118679,0.3490724394689064
COc1cc(cc(c1O)O)[C@@H]1[C@H]2C(=O)OC[C@@H]2[C@H](c2c1cc1OCOc1c2)O[C@H]1O[C@H]2CO[C@@H](O[C@@H]2[C@H]([C@@H]1O)O)c1cccs1,penetrating,0.09599999999999997,0.6815804785479279,0,0,0,0.002471659743035354,0.3830119563685775,0.6145163838883869
OCC(=O)[C@@]1(O)C[C@H](O[C@H]2C[C@H](N)[C@@H]([C@@H](O2)C)O)c2c(C1)c(O)c1c(c2O)C(=O)c2c(C1=O)cccc2OC,non-penetrating,0.0,0.0575350197277148,0,0,0,0.00014933302185630504,0.9539848932428857,0.045865773735257916
CCc1nc(N)nc(c1c1ccc(cc1)Cl)N,penetrating,0.813,0.6008614282868672,1,1,1,0.5563646842836671,0.00020178695691307815,0.44343352875942
Clc1ccc2-n3c(CN=C(c2c1)c1ccccc1Cl)nnc3C,penetrating,0.812,0.9793215758138956,1,1,1,0.8333542664219161,3.8703314528190824e-05,0.16660703026355572
O=C(C1=C(O)c2sccc2S(=O)(=O)N1C)Nc1ccccn1,non-penetrating,0.242,0.16876468884706686,0,0,0,0.0010753458614198678,0.7198577998153032,0.2790668543232766
O=C(N1CCCC[C@H]1CN1CCCC1)Cc1ccc(c(c1)Cl)Cl,penetrating,0.871,0.9770797829440072,1,1,1,0.8782968219131506,2.8970635196634463e-05,0.1216742074516528
O=C1CCCN1CCCCN1CCN(CC1)c1nc(Cl)cc(c1)C(F)(F)F,penetrating,0.954,0.807071693167598,1,1,1,0.8023649253507609,6.31150870312253e-05,0.19757195956220786
CN(c1c(C)n(n(c1=O)c1ccccc1)C)C,penetrating,0.904,0.9521245317544867,1,1,1,0.8844562292388825,3.1463259270240666e-05,0.11551230750184716
O=C(N1CCc2c([C@H]1CN1CCCC1)scc2)Cc1ccc(c(c1)Cl)Cl,penetrating,0.958,0.8973204929996349,1,1,1,0.8803999130369105,3.595051715650157e-05,0.119564136445933
Cc1c(O)c(=O)ccn1CCCCC,penetrating,0.944,0.9760713769344772,1,1,1,0.9351055391281956,1.603114096285676e-05,0.06487842973084179
CC[C@@H](c1ccccc1)NC(=O)c1c(OCC(=O)O)c(nc2c1cccc2)c1ccccc1,non-penetrating,0.29500000000000004,0.05972046885037963,0,0,0,0.0007386712238120616,0.7559613394544064,0.24329998932178154
O=C([C@H](C1=CCC=CC1)N)N[C@H]1C(=O)N2[C@H]1SCC(=C2C(=O)O)C,non-penetrating,0.639,0.24254469142757418,1,0,0,0.006014479006947105,0.044650337153776115,0.9493351838392771
C=C[C@H]1CN2CC[C@H]1C[C@@H]2[C@H](c1ccnc2c1cc(OC)cc2)O,penetrating,0.15900000000000003,0.6769958070113582,0,1,1,0.1517778735311784,0.0044154201525818965,0.8438067063162398
OC[C@H]1O[C@@H](Oc2c3cc4cc2Oc2ccc(cc2Cl)[C@@H](O)[C@@H]2NC(=O)[C@H](NC(=O)[C@@H]4NC(=O)[C@H](CC(=O)N)NC(=O)[C@@H]([C@@H](c4ccc(O3)c(Cl)c4)O)NC(=O)[C@@H](CC(C)C)NC)c3ccc(c(-c4c(O)cc(cc4[C@H](NC2=O)C(=O)O)O)c3)O)[C@@H]([C@H]([C@@H]1O)O)O[C@H]1O[C@@H](C)[C@@H]([C@@](C1)(C)N)O,non-penetrating,0.11499999999999999,0.046016932469377436,0,0,0,0.0003375023006023482,0.8856653464367237,0.11399715126267441
C/C(=C/CN1CC[C@@]2([C@H]([C@H]1Cc1c2cc(cc1)O)C)C)/C,penetrating,0.958,0.9753299058955616,1,1,1,0.9455310512392441,1.3689055265427546e-05,0.05445525970549048
OC[C@H]([C@H]([C@@H]([C@@H](CO)O)O)O)O,non-penetrating,0.2929999999999999,0.33584657294262454,1,1,0,0.06805215736376644,0.005895729877675106,0.9260521127585587
C1CCN(CC1)Cc1cccc(c1)OCCCNc1ccccn1,penetrating,0.966,0.9742862929118066,1,1,1,0.950960969829642,1.2513244188695177e-05,0.04902651692616933
CCCN(CCC)CCc1cccc2c1CC(=O)N2,penetrating,0.958,0.9948775671570476,1,1,1,0.9618516640972435,8.110760286938903e-06,0.03814022514246951
Cc1onc(c1)NC(=O)C1=C(O)c2ccccc2S(=O)(=O)N1C,non-penetrating,0.254,0.5243723523526707,0,0,0,0.002634233248223237,0.4494226786125977,0.5479430881391794
CC(Cc1ccc(cc1)[C@@H](C(=O)O)C)C,penetrating,0.7859999999999999,0.9608368092032128,1,1,0,0.22589693812472283,0.0005697487510930275,0.7735333131241842
Cc1cccc2c1Oc1ccccc1[C@@]1([C@@H]2CNCC1)O,penetrating,0.861,0.895988393608617,1,1,1,0.8081720942756077,6.184658967035617e-05,0.191766059134722
CN1CCc2c3[C@@H]1Cc1ccc(c(c1-c3ccc2)O)O,penetrating,0.682,0.8316565010294699,1,1,1,0.6355865665930247,0.00014517127970895723,0.36426826212726593
Cc1cnc(s1)NC(=O)C1=C(O)c2ccccc2S(=O)(=O)N1C,non-penetrating,0.19299999999999995,0.3650859975228331,0,0,0,0.001683454148191408,0.6157389641750362,0.3825775816767727
OCC(CO)(CO)N,non-penetrating,0.48,0.7318927325860397,1,1,1,0.4892777845565862,0.00029418095786275266,0.5104280344855511
COc1cc(cc(c1O)OC)[C@H]1[C@H]2C(=O)OC[C@@H]2[C@@H](c2c1cc1OCOc1c2)O[C@@H]1O[C@@H]2CO[C@H](O[C@H]2[C@@H]([C@H]1O)O)C,non-penetrating,0.8440000000000001,0.6168374387540039,1,0,0,0.012435711775830851,0.016976228469920057,0.9705880597542493
CSc1ccc2c(c1)N(CC[C@@H]1CCCCN1)c1c(S2)cccc1,non-penetrating,0.915,0.923846138585474,1,1,1,0.8701871836049062,3.84858156271744e-05,0.12977433057946663
C1CCN(CC1)Cc1cccc(c1)OCCCNc1nccs1,penetrating,0.978,0.9759856770907538,1,1,1,0.9618553370202766,9.852080392884481e-06,0.03813481089933057
OCc1cc(ccc1O)[C@@H](CNC(C)(C)C)O,non-penetrating,0.638,0.47490215350768183,1,0,0,0.008778433936128108,0.034584137282401874,0.9566374287814701
CCC[C@@H](CC)C,penetrating,1.0,0.9832467251585004,1,1,1,0.9854844292283289,4.072286153627579e-06,0.014511498485517471
CN([C@@H]1C(=C(C(=O)N)C(=O)[C@@]2([C@H]1C[C@H]1C(=C2O)C(=O)c2c([C@H]1O)c(Cl)ccc2O)O)O)C,non-penetrating,0.605,0.06960405499729438,1,0,0,0.003793362379237746,0.05513642773173825,0.941070209889024
O=C(C1c2ccccc2Oc2c1cccc2)OCC[N+](C(C)C)(C(C)C)C,non-penetrating,0.557,0.0012394989299655546,1,0,0,0.002832361074300309,0.06268685069193448,0.9344807882337652
O[C@@H]1CCN(C1)C[C@H]1N(CCn2c1ncc2)C(=O)Cc1ccc(c(c1)Cl)Cl,non-penetrating,0.3540000000000001,0.06538692464696794,1,0,0,0.002939892151797488,0.08124453291056596,0.9158155749376368
O[C@H]1CCN(C1)C[C@H]1CN(CCN1C(=O)Cc1ccc(cc1)[S@](=O)C)C(=O)C,non-penetrating,0.0,0.03088415440472625,0,0,0,8.016029414017664e-05,0.9749753977893103,0.024944441916549553
NC1[C@@H]2[C@@H]1CN(C2)c1nc2c(cc1F)c(=O)c(cn2c1ccc(cc1F)F)C(=O)O,penetrating,0.18799999999999994,0.9848015677006096,0,1,0,0.06116957421622886,0.01126717879423257,0.9275632469895386
CCCCC1C(=O)N(N(C1=O)c1ccccc1)c1ccccc1,penetrating,0.7090000000000001,0.9364278980208068,1,1,1,0.7234871175812435,8.015000741883949e-05,0.2764327324113377
O=C(N1CCc2c([C@H]1CN1CCCC1)cccc2)Cc1ccc(c(c1)Cl)Cl,penetrating,1.0,0.9404104342110576,1,1,1,0.948467407994501,1.4484676336944077e-05,0.051518107329162066
OCC(=O)[C@H]1CC[C@@H]2[C@]1(C=O)C[C@H](O)[C@H]1[C@H]2CCC2=CC(=O)CC[C@]12C,non-penetrating,0.273,0.23181882973282186,0,0,0,0.0014240424267542681,0.6608934693868258,0.3376824881864199
CC(=O)NCCCOc1cccc(c1)CN1CCCCC1,penetrating,0.935,0.987216264048497,1,1,1,0.9371320361453768,1.4234254905438689e-05,0.0628537295997178
CC(NC[C@H](c1ccc(cc1)NS(=O)(=O)C)O)C,penetrating,0.41100000000000003,0.3982696438483544,0,1,0,0.04388132768301021,0.043798291445638876,0.9123203808713509
Cc1cccc(c1)C,penetrating,0.974,0.9797288082875348,1,1,1,0.9618668651721427,9.574185305871681e-06,0.0381235606425514
CNCCCN1c2ccccc2CCc2c1cccc2,penetrating,0.957,0.9909703082470416,1,1,1,0.9577901697784317,9.393172610723793e-06,0.042200437048957595
FC(c1ccc(nc1Cl)N1CCNCC1)(F)F,penetrating,0.7709999999999999,0.9790910542661488,1,1,1,0.8007542136976256,4.6156944494407574e-05,0.19919962935788005
COc1c(OC)cc2c(-c3ccc(c(=O)cc3[C@H](CC2)NC(=O)C)OC)c1OC,non-penetrating,0.5870000000000001,0.8580283843986544,1,0,0,0.01244863575840908,0.0154719335652526,0.9720794306763382
OCCOCn1cnc2c1nc(N)[nH]c2=O,penetrating,0.856,0.6412911366146453,1,1,1,0.6099407027016335,0.00016200604495507365,0.38989729125341166
OC[C@H]1O[C@H](CC1O)n1cnc2c1nc(Cl)nc2N,penetrating,0.9,0.509900957975976,1,1,1,0.5300035350098197,0.00018431525412936474,0.4698121497360509
O[C@@H]1CCN(C1)C[C@H]1CN(CCN1C(=O)Cc1cc(F)cc(c1)F)C(=O)C,non-penetrating,0.20499999999999996,0.1335251907500693,0,0,0,0.0008430471084147274,0.7660418058069116,0.2331151470846735
Cc1cn([C@@H]2O[C@@H](C=C2)CO)c(=O)[nH]c1=O,penetrating,0.875,0.8861111460183136,1,1,1,0.810760243744036,6.180810465883439e-05,0.18917794815130506
O=C(c1ncn2-c3cccc(c3C(=O)N3[C@H](c12)CCC3)Br)OC(C)(C)C,penetrating,0.799,0.9555255143546816,1,1,1,0.8058353417049118,5.163283280878044e-05,0.19411302546227927
COc1cccc2c1C(=O)c1c(C2=O)c(O)c2c(c1O)[C@@H](O[C@H]1C[C@H](N)[C@@H]([C@@H](O1)C)O)C[C@](C2)(O)C(=O)C,non-penetrating,0.248,0.09154048028228245,0,0,0,0.0007756712744911419,0.7665148463386043,0.23270948238690436
Cl[C@H](C(F)(F)F)Br,penetrating,1.0,0.999546823287722,1,1,1,0.9995701744041469,1.1015549306124772e-07,0.0004297154403600789
CCCO,penetrating,0.86,0.9972289526523144,1,1,1,0.8850594645553769,2.3227497272413872e-05,0.11491730794735067
COc1ccc2c(c1)[C@]13CCCC[C@@H]3[C@@H](C2)N(CC1)C,penetrating,0.943,0.9838935631892484,1,1,1,0.9407658144480895,1.3863181138455736e-05,0.05922032237077213
C=CCN1CC[C@@]23[C@@H]([C@H]1Cc1c3cc(cc1)O)CCCC2,penetrating,0.98,0.9883383418918174,1,1,1,0.9739356021611792,6.235696612759329e-06,0.02605816214220802
CC[C@@H](c1ccccc1)NC(=O)c1c(OCCNC(=O)Cc2ccccc2C(=O)O)c(nc2c1cccc2)c1ccccc1,non-penetrating,0.11199999999999999,0.005375051078945647,0,0,0,0.00019898490129350373,0.9171908266859317,0.08261018841277502
O=C(N([C@H](c1ccccc1)CN1CCCC1)C)Cc1ccc(c(c1)Cl)Cl,penetrating,0.845,0.9153862108613684,1,1,1,0.8111113209529872,5.831252608463259e-05,0.188830366520928
Clc1ccc(c(c1)Cl)[C@]1(OC[C@@H](O1)COc1ccc(cc1)N1CCN(CC1)C(=O)C)Cn1cncc1,non-penetrating,0.3440000000000001,0.03476431813177683,0,0,0,0.0007192774756964502,0.7382894871362473,0.26099123538805624
CCC1(C(=O)NC(=O)NC1=O)c1ccccc1,penetrating,0.763,0.9480270912520424,1,1,1,0.772707215674138,6.255655426016033e-05,0.22723022777160207
C1CCN(CC1)Cc1cccc(c1)OCCCNc1nc2c(s1)cccc2,penetrating,0.91,0.9486777369553708,1,1,1,0.8863269936573164,3.1374351633709544e-05,0.11364163199104993
CCC1(CCC(C)C)C(=O)NC(=O)NC1=O,penetrating,0.962,0.9784466909380346,1,1,1,0.951295505523375,1.2079567224286432e-05,0.04869241490940046
CCOC(=O)c1ncn2-c3ccc(cc3C(=O)N(Cc12)C)F,penetrating,0.544,0.9755345889550222,1,0,1,0.04680545154392788,0.001366825438495837,0.9518277230175761
COc1cccc(c1)CC(=O)N1CCN(C[C@@H]1CN1CC[C@H](C1)O)C(=O)C,non-penetrating,0.07899999999999996,0.13321694808423212,0,0,0,0.000536946958053218,0.8450011649065811,0.1544618881353662
CCOC(=O)[C@@H](N[C@H](C(=O)N1CCC[C@H]1C(=O)O)C)CCc1ccccc1,non-penetrating,0.55,0.3706194989067937,1,0,0,0.00677075990256309,0.044857577587612156,0.9483716625098249
NCC1(CCCCC1)CC(=O)O,penetrating,0.603,0.7716894971179891,1,1,1,0.5459574482787355,0.00020962066976329237,0.453832931051501
O[C@@H]1CCN(C1)C[C@H]1CN(CCN1C(=O)Cc1ccc(cc1)C(F)(F)F)C(=O)C,non-penetrating,0.245,0.44454338266157667,0,0,0,0.0022048859515194103,0.5379943078175425,0.45980080623093844
CN1CCN(CC1)c1c(F)c(C(=O)O)c2c3c1OC[C@H](n3ccc2=O)C,penetrating,0.5870000000000001,0.41897574814076477,0,1,0,0.051723708565964824,0.03167662096171886,0.9165996704723162
Cn1cnc2c1c(=O)[nH]c(=O)n2C,penetrating,0.942,0.9856982480686296,1,1,1,0.941458126825449,1.3493630974677991e-05,0.05852837954357626
C=COCC(F)(F)F,penetrating,0.96,0.9998072848909244,1,1,1,0.9675783964480013,6.386965966061211e-06,0.032415216586032636
Cn1c(=O)n(C)c2c(c1=O)nc[nH]2,penetrating,0.924,0.953264214665434,1,1,1,0.9008253602687988,2.6968596262099465e-05,0.09914767113493916
NC(=O)N,penetrating,0.84,0.9838509898138416,1,1,1,0.8589163841635523,3.1856824715771716e-05,0.14105175901173184
NCCCN1c2ccccc2CCc2c1cccc2,penetrating,0.8640000000000001,0.9839387864418836,1,1,1,0.8780474749135257,2.7633746518515967e-05,0.12192489133995577
O[C@H](CN1CCN(C[C@H]1C(=O)NC(C)(C)C)Cc1cccnc1)C[C@H](C(=O)N[C@@H]1[C@H](O)Cc2c1cccc2)Cc1ccccc1,penetrating,0.0,0.009392646722602649,0,1,0,0.008732499806105597,0.08970892486350017,0.9015585753303941
Fc1ccc2c(c1)onc2C1CCN(CC1)CCc1c(C)nc2n(c1=O)CCC[C@H]2O,penetrating,0.7559999999999999,0.4261706484320751,1,1,1,0.4402646985639734,0.00031602837371589345,0.5594192730623107
Clc1cc2N=CNS(=O)(=O)c2cc1S(=O)(=O)N,non-penetrating,0.363,0.022671674744540016,0,1,0,0.017616358034750125,0.06604375289849054,0.9163398890667591
O=C(N1CCCC[C@H]1CN1CCCC1)Cc1ccc(cc1)C(F)(F)F,penetrating,0.858,0.9857473855215504,1,1,1,0.8746653488345847,2.798239658247889e-05,0.12530666876883312
O=C1Nc2ccc(cc2C(=N[C@@H]1O)c1ccccc1)Cl,penetrating,0.85,0.908096193284808,1,1,1,0.8093061265336348,5.996813600247271e-05,0.19063390533036273
Fc1ccc(cc1)C(=O)CCCN1CCC(CC1)(O)c1ccc(cc1)Cl,penetrating,0.7070000000000001,0.7831411540470781,1,1,1,0.6207665501274513,0.00016308304077785381,0.37907036683177064
CCN(CCC[C@H](Nc1ccnc2c1ccc(c2)Cl)C)CC,penetrating,0.933,0.9652180276939404,1,1,1,0.917554927376529,2.1408049948207492e-05,0.08242366457352279
Cn1cnc2c1c(=O)n(c(=O)[nH]2)C,penetrating,0.917,0.9814684123932286,1,1,1,0.9181573072416112,1.9193114099054787e-05,0.08182349964428959
CO[C@H]1CN(CCCOc2ccc(cc2)F)CC[C@@H]1NC(=O)c1cc(Cl)c(cc1OC)N,penetrating,0.63,0.3301047918014979,1,1,0,0.0935879661983733,0.0036689305114156376,0.9027431032902113
CC/C(=C(/c1ccccc1)\c1ccc(cc1)OCCN(C)C)/c1ccccc1,penetrating,0.588,0.9027494905734312,1,1,1,0.6119254291149796,0.00012921089594516107,0.387945359989075
CN(c1nccc(c1)c1n[nH]c(n1)N)C,non-penetrating,0.991,0.6862086961841691,0,1,1,0.36956423622867746,0.0008704313017748942,0.6295653324695476
CCc1nccc(c1)C(=S)N,penetrating,0.967,0.6949202319434821,1,1,1,0.7167517810463873,8.951948456811142e-05,0.2831586994690447
O=C(N1CCc2c([C@H]1CN1CCCC1)ccs2)Cc1ccc(c(c1)Cl)Cl,penetrating,1.0,0.8992866564807191,1,1,1,0.9129302566728121,2.4480799018658857e-05,0.08704526252816924
O=C(N1CCN(C[C@@H]1CN1CCCC1)C(=O)C)Cc1ccc(c(c1)Cl)Cl,penetrating,0.619,0.6763293824119263,1,1,1,0.49918952567503255,0.00026317597111291923,0.5005472983538548
C1CC1,penetrating,0.957,0.9879742324898688,1,1,1,0.9552907903066618,1.0251176624378386e-05,0.044698958516713905
O[C@H]1CC[C@@H](O)[C@@H](O)C[C@@H](O)C[C@@]2(O)C[C@@H](O)[C@@H]([C@H](O2)C[C@H](C=CC=CC=CC=CC=CC=CC=C[C@@H]([C@H]([C@H]([C@H](OC(=O)C[C@@H](C1)O)C)C)O)C)O[C@H]1O[C@@H](C)[C@@H]([C@H]([C@@H]1O)N)O)C(=O)O,non-penetrating,0.15599999999999992,0.02360827233733742,0,0,0,0.00033608691870412046,0.8738004026693366,0.1258635104119592
CN(CCCN1c2ccccc2CCc2c1cc(Cl)cc2)C,penetrating,0.95,0.9936333947432242,1,1,1,0.9544038983406952,9.783570706805264e-06,0.04558631808859792
Fc1ccc(c(c1)F)C(Cn1cncn1)(Cn1cncn1)O,penetrating,0.7959999999999999,0.7497389198343782,1,1,1,0.654904382573972,0.0001445387089423906,0.3449510787170854
O=C1CC[C@]2(C(=C1)CC[C@@H]1[C@@H]2CC[C@]2([C@H]1CC[C@@H]2O)C)C,penetrating,0.747,0.9725181032438888,0,1,1,0.3970218678055719,0.0006352628290971146,0.6023428693653308
CN1CC[C@]2([C@H](C1)c1cccc(c1Oc1c2cccc1)C)O,penetrating,0.976,0.9226800896265978,1,1,1,0.9151041580826212,2.4462584882398512e-05,0.08487137933249633
CCn1ccc(=O)c(c1C)O,penetrating,0.847,0.9531050087764236,1,1,1,0.841182062830391,4.284553773516298e-05,0.15877509163187387
O=C(C([C+]1CCCCC1)(c1ccccc1)O)O[C@H]1C[N+]2(C)CCC1CC2,non-penetrating,0.392,0.0006624833492617777,0,0,0,0.0006382415908496097,0.7251969924050282,0.2741647660041222
COCCc1ccc(cc1)OC[C@@H](CNC(C)C)O,penetrating,0.43299999999999994,0.8607285853207549,1,1,1,0.5313166325832921,0.00019926927655972571,0.46848409814014813
CCc1c(O)c(=O)ccn1CC,penetrating,0.624,0.9468396432445068,1,1,1,0.6650486093211182,9.257471120556539e-05,0.3348588159676763
O[C@@H](c1cc(nc2c1cccc2C(F)(F)F)C(F)(F)F)[C@H]1CCCCN1,penetrating,0.748,0.8692270071857653,1,1,1,0.7068947262139854,0.0001048675524747921,0.29300040623353973
NCCCN1c2ccccc2Sc2c1cc(Cl)cc2,penetrating,0.884,0.8969337398710725,1,1,1,0.8257751484294109,5.545620082491098e-05,0.17416939536976417
CC[C@@H](c1ccccc1)NC(=O)c1c(OCCCC(=O)O)c(nc2c1cccc2)c1ccccc1,non-penetrating,0.247,0.02155943852704245,0,0,0,0.0004880359290092615,0.8127741923292514,0.18673777174173956
Clc1ccc2c(c1)[C@H]1CCNC[C@@H]1c1c(O2)cccc1,penetrating,0.882,0.9660529884010198,1,1,1,0.8783593770738982,3.096596857072889e-05,0.12160965695753112
Nc1ccc(cc1)S(=O)(=O)Nc1onc(c1C)C,penetrating,0.919,0.5674508106086058,1,1,0,0.16534788915580037,0.001298801113069739,0.8333533097311299
CCCC(=O)Nc1ccc(c(c1)C(=O)C)OC[C@@H](CNC(C)C)O,penetrating,0.708,0.5770006889637088,1,1,0,0.13705103659048828,0.0021628150956377362,0.8607861483138741
O=C(c1ccccc1)NCCCOc1cccc(c1)CN1CCCCC1,penetrating,0.873,0.9659260115357231,1,1,1,0.8712235568260767,3.274552163882078e-05,0.12874369765228455
NN[C@](C(=O)O)(Cc1ccc(c(c1)O)O)C,non-penetrating,0.396,0.37859572118380025,1,0,0,0.006154156312720124,0.057727391364744654,0.9361184523225354
Clc1ccc2-n3c(CN=C(c2c1)c1ccccc1F)cnc3C,penetrating,0.959,0.9234734183694504,1,1,1,0.9029876360421671,2.8251912238883897e-05,0.0969841120455942
CCn1cc(C(=O)O)c(=O)c2c1nc(N1CCNCC1)c(c2)F,non-penetrating,0.30900000000000005,0.3125145556182565,0,0,0,0.0018917101174329158,0.5905019635651868,0.4076063263173807
O=C1CCCN1CCCCN1CCN(CC1)c1nccc(c1)C(F)(F)F,penetrating,0.934,0.9087921057690808,1,1,1,0.8721681907631719,3.868064931428964e-05,0.1277931285875139
Clc1ccc2c(c1)[C@H]1CNC[C@H]1c1c(O2)cccc1,penetrating,0.95,0.9444758980302264,1,1,1,0.9136353809278644,2.4207613499626305e-05,0.08634041145863569
CCCN(S(=O)(=O)c1ccc(cc1)C(=O)O)CCC,non-penetrating,0.33599999999999997,0.5242654606785525,0,0,1,0.011986328869369458,0.05800992521389338,0.9300037459167374
CN(CCCN1c2ccccc2Sc2c1cc(Cl)cc2)C,penetrating,0.988,0.9459335832112252,1,1,1,0.9440252173492294,1.5695202183630418e-05,0.05595908744858702
CN1CCN(CC1)CCCN1c2ccccc2Sc2c1cc(cc2)C(F)(F)F,penetrating,0.97,0.9843561168633608,1,1,1,0.9626031457956434,9.024502803572168e-06,0.037387829701552855
COc1ccc2c3c1O[C@@H]1[C@@]43CCN([C@H](C2)[C@@H]4C=C[C@@H]1O)C,penetrating,0.959,0.7487827646187306,1,1,1,0.7570143861860843,7.792727823717583e-05,0.2429076865356785
Oc1ccc2c(c1)[C@]1(C)CCN([C@H](C2)[C@H]1C)CC1CC1,penetrating,0.97,0.9925115890760738,1,1,1,0.9694803887927783,6.795737290441385e-06,0.03051281546993123
O[C@H]1CCN(C1)C[C@H]1CN(CCN1C(=O)Cc1cccc(c1)N(=O)=O)C(=O)C,non-penetrating,0.129,0.10908029788370621,0,0,0,0.0005765972992275568,0.8310485163141228,0.1683748863866501
O=C(Nc1ccccc1)Oc1ccc2c(c1)[C@]1(C)CCN([C@@H]1N2C)C,penetrating,0.882,0.9184447354564012,1,1,1,0.841129314059808,4.8195515125602197e-05,0.15882249042506635
OC(=O)c1cc(c(cc1NCc1ccco1)Cl)S(=O)(=O)N,non-penetrating,0.0,0.01896730672116964,0,0,0,4.9229934091484634e-05,0.9843612335754744,0.01558953649043394
OCC(c1onc(n1)c1ncn2-c3cccc(c3C(=O)N(Cc12)C)Cl)(CO)C,non-penetrating,0.257,0.26558434843431333,1,0,0,0.0041795185080644075,0.07381894666739423,0.9220015348245418
OC[C@H]1O[C@H]([C@@H]([C@@H]1O)O)n1ccc(nc1=O)N,penetrating,0.5920000000000001,0.7986101302814725,1,1,1,0.5544621444015453,0.00019628667532014876,0.4453415689231346
C[C@@H](Cc1ccccc1)N,penetrating,0.901,0.7174549666302087,1,1,1,0.6955221145309527,0.00011252030074711543,0.30436536516830004
CN1C(=O)C[NH+]=C(c2c1ccc(c2)[N+](=O)[O-])c1ccccc1F,penetrating,0.973,0.9512920992939174,1,1,1,0.9370362879206018,1.743831527768685e-05,0.06294627376412054
CCn1cc(C(=O)O)c(=O)c2c1cc(N1CCN(CC1)C)c(c2)F,non-penetrating,0.30799999999999994,0.3274317174259995,0,0,0,0.001954528827572718,0.5818062779123633,0.416239193260064
O=C1Nc2c(C)ccnc2N(c2c1cccn2)C1CC1,penetrating,0.883,0.966796539141449,1,1,1,0.8797232820535008,3.0505130123755277e-05,0.12024621281637549
NC(=O)c1cnccn1,penetrating,0.8390000000000001,0.944142895246216,1,1,1,0.828258590492792,4.812129152367078e-05,0.1716932882156843
C[C@@]1(CC)CC(=O)NC1=O,penetrating,0.948,0.9652328321940769,1,1,1,0.9292873309048535,1.8503648765529412e-05,0.07069416544638096
OCCN1CCN(CC1)CCCN1c2ccccc2Sc2c1cc(cc2)C(F)(F)F,penetrating,0.911,0.9603442575943976,1,1,1,0.8964556602864657,2.7282921387499765e-05,0.10351705679214684
CC(=O)Nc1ccc(cc1)O,penetrating,0.856,0.9204275648721788,1,1,1,0.823175653610094,5.367736661699893e-05,0.17677066902328897
Cn1c(=O)n(C)c2c(c1=O)[nH]cn2,penetrating,0.949,0.9636658060689816,1,1,1,0.9287701700567036,1.877171132373147e-05,0.07121105823197271
OCCN1CCN([C@H](C1)CN1CC[C@H](C1)O)C(=O)Cc1ccc(c(c1)Cl)Cl,non-penetrating,0.245,0.07648549803683857,1,0,0,0.0025989336232882013,0.0886484265972852,0.9087526397794268
COc1cc(CN[C@@H]2CCCN[C@H]2c2ccccc2)c2c(c1)CCO2,penetrating,0.5820000000000001,0.7836808723530957,1,1,1,0.539251472837777,0.0002098109623664576,0.46053871619985653
Clc1ccc(cc1)C1(O)CCN(CC1)CCC(C(=O)N(C)C)(c1ccccc1)c1ccccc1,non-penetrating,0.657,0.18479134961636579,1,0,0,0.00543590819089652,0.04575420142148432,0.9488098903876191
OC(=O)[C-]1N2C(=O)[C@@H]([C@H]2SC1(C)C)NC(=O)[C@@H](c1cscc1)C(=O)O,penetrating,0.363,0.4373542191179193,0,1,0,0.04380312281762125,0.043800378936730236,0.9123964982456483
O=C(N1CCn2c([C@H]1CN1CCCC1)ncn2)Cc1ccc(c(c1)Cl)Cl,penetrating,0.944,0.8264084906493991,1,1,1,0.8116084944975553,6.085026854988832e-05,0.18833065523389503
CN1Cc2c(ncn2-c2c(C1=O)c(Cl)ccc2)c1noc(n1)C(C)C,penetrating,0.498,0.8712620185160805,0,0,0,0.00585663750155058,0.16072418799441535,0.8334191745040342
ClCCN(C(=O)NC1CCCCC1)N=O,penetrating,0.94,0.9564150307607756,1,1,1,0.9157848881621041,2.272637202712183e-05,0.08419238546586871
CN(Cc1ccc(o1)CSCCNc1[nH]cc(c(=O)n1)Cc1ccc2c(c1)cccc2)C,non-penetrating,0.391,0.5059320460213831,0,0,0,0.003149597038469522,0.4086921607969549,0.5881582421645754
OC[C@@H](c1ccccc1)C(=O)OC1C[C@@H]2CC[C@H](C1)[N+]2(C)C(C)C,non-penetrating,0.624,0.00016742582092144076,1,1,0,0.0417473589638693,0.005050204600761043,0.95320243643537
Cc1ccc2c(c1)N(C)[C@@H](CNC(=O)c1ccc(cc1)C)CN=C2c1ccc(cc1)F,penetrating,0.64,0.9003572934354298,1,1,1,0.6488262868825551,0.00011733501547108076,0.35105637810197377
NS(=O)(=O)Cc1noc2c1cccc2,penetrating,0.677,0.3904552549505016,1,1,1,0.38457706639003436,0.00039568919512410504,0.6150272444148415
O=C(N1CCc2c([C@H]1CN1CCCC1)nc[nH]2)Cc1ccc(c(c1)Cl)Cl,non-penetrating,0.684,0.5993126968275663,1,0,1,0.03682529425117158,0.0034008280190088135,0.9597738777298199
OC(=O)[C@H](Cc1ccc(c(c1)O)O)N,penetrating,0.0,0.4176403504524897,1,1,0,0.045970562271254144,0.006790696754870225,0.9472387409738756
CCn1cc(C(=O)O)c(=O)c2c1nc(C)cc2,non-penetrating,0.42799999999999994,0.49880563516982024,0,0,0,0.0032703095679866363,0.4249857332506442,0.5717439571813694
Clc1cc2NCNS(=O)(=O)c2cc1S(=O)(=O)N,non-penetrating,0.20499999999999996,0.017663011373508453,0,1,0,0.013694471373813442,0.07623736836340399,0.9100681602627828
CC(Nc1cccnc1N1CCN(CC1)C(=O)c1cc2c([nH]1)ccc(c2)NS(=O)(=O)C)C,non-penetrating,0.675,0.07833212094235942,1,0,0,0.004223878634618672,0.048702950936322494,0.9470731704290588
O=C1CC[C@]2(C(=C1)CC[C@@H]1[C@@H]2CC[C@]2([C@H]1CC[C@@H]2C(=O)C)C)C,penetrating,0.648,0.9848034812938566,0,1,1,0.36112412766892216,0.000732379735836543,0.6381434925952416
O=CN1[C@H](CNc2ccc(cc2)C(=O)N[C@H](C(=O)[O-])CCC(=O)[O-])CNc2c1c(O)nc(n2)N,penetrating,0.0,0.01204270201803237,0,1,0,0.008823445674667918,0.0895185125687129,0.9016580417566189
CC[C@@H](c1ccccc1)NC(=O)c1c(OCCNC(=O)[C@@H]2CCCN2)c(nc2c1cccc2)c1ccccc1,non-penetrating,0.263,0.052436915464249,0,0,0,0.0006449473416639805,0.7819382415582679,0.21741681110006816
O=C(c1ccc(cc1)Cl)NCCN1CCOCC1,penetrating,0.603,0.7481258239748477,1,1,1,0.5321069410340135,0.0002247688451724887,0.4676682901208139
CN1CCN2[C@@H](C1)c1ccccc1Cc1c2cccc1,penetrating,0.975,0.984909254909154,1,1,1,0.9670448418298063,8.005810269640943e-06,0.03294715235992407
NC(=O)N1c2ccccc2C=Cc2c1cccc2,penetrating,0.972,0.9964334860682168,1,1,1,0.9743937419193444,5.400141905480167e-06,0.02560085793875022
OC(=O)COCCN1CCN(CC1)[C@@H](c1ccc(cc1)Cl)c1ccccc1,non-penetrating,0.7709999999999999,0.4029890876049399,1,1,1,0.43199697833516887,0.00031442377704489185,0.5676885978877859
Cn1cnc2c1c(=O)n(C)c(=O)n2C,penetrating,0.906,0.9880262201780629,1,1,1,0.9146759215648315,1.892499682246412e-05,0.0853051534383461
CN1CCCC[C@H]1CCN1c2ccccc2Sc2c1cc(cc2)[S@](=O)C,penetrating,0.949,0.9543819284548266,1,1,1,0.9210770965495676,2.1505182988330528e-05,0.07890139826744413
Clc1ccc(cc1)C1CCC(CC1)C1=C(O)C(=O)c2c(C1=O)cccc2,non-penetrating,0.64,0.3514006509353831,1,0,0,0.007322502569693902,0.03984112726150436,0.9528363701688014
OC(=O)[C@H](c1cccc(c1)C(=O)c1ccccc1)C,penetrating,0.597,0.7487634800601304,1,1,0,0.14934774697570802,0.0018277801886696704,0.848824472835622
CC[C@@H](NCCN[C@@H](CO)CC)CO,non-penetrating,0.5579999999999999,0.5681399500990402,1,1,0,0.11399152835237066,0.0028367259927102365,0.8831717456549188
CN(Cc1ccc(o1)CSCCNc1[nH]cc(c(=O)n1)Cc1ccc(nc1)C)C,non-penetrating,0.0,0.31526703551576096,0,0,0,0.0008182804025800855,0.7509924206310618,0.248189298966358
Clc1ccc2c(c1)N(C(=O)CC(=O)N2C)c1ccccc1,penetrating,0.8809999999999999,0.9691254915904086,1,1,1,0.8799780378337873,3.0043422192705428e-05,0.11999191874402004
C#C[C@]1(O)CC[C@@H]2[C@]1(C)CC[C@H]1[C@H]2[C@H](C)CC2=C1CCC(=O)C2,penetrating,0.634,0.7063316446419937,0,1,1,0.26872399229461347,0.0022477843226836568,0.7290282233827028
COC(=O)N1CCN([C@H](C1)CN1CCCC1)C(=O)Cc1ccc(c(c1)Cl)Cl,penetrating,0.923,0.7699845213457015,1,1,1,0.7514950599291164,8.593612483722289e-05,0.24841900394604643
O[C@@H](COc1cccc2c1cc[nH]2)CNC(C)C,penetrating,0.907,0.5238113720676968,1,1,1,0.5443743910923295,0.00017506829915171055,0.455450540608519
OC(=O)C(c1ccc(cc1)C(=O)CCCN1CCC(CC1)OC(c1ccccc1)c1ccccc1)(C)C,non-penetrating,0.132,0.23922082388593702,1,0,0,0.003218230099316915,0.08383691076837493,0.9129448591323082
CC(=O)Oc1ccccc1C(=O)O,penetrating,0.393,0.8128365437483206,0,0,0,0.004827228182196008,0.21547443796225596,0.779698333855548
OC(=O)c1ccccc1O,non-penetrating,0.5710000000000001,0.6305558970482077,1,0,1,0.03366088473672067,0.003865516423193751,0.9624735988400855
Clc1ccc2c(c1)C(=NCC(=O)N2C)c1ccccc1,penetrating,0.967,0.9637480039369182,1,1,1,0.942884038865906,1.5240830600684745e-05,0.057100720303493335
Oc1ccc2c(c1)CC[C@@H]1[C@@H]2CC[C@]2([C@H]1CC[C@@H]2O)C,penetrating,0.7659999999999999,0.9274406259499229,1,1,1,0.7605789103648131,7.177970385020642e-05,0.23934930993133674
FCCn1cc(C(=O)O)c(=O)c2c1c(F)c(N1CCN(CC1)C)c(c2)F,non-penetrating,0.33999999999999997,0.16018335392781236,0,0,0,0.0012936332693596,0.6656768072798477,0.3330295594507924
CNC(=O)Oc1ccc2c(c1)[C@]1(C)CCN([C@@H]1N2C)C,penetrating,0.952,0.9312199067176752,1,1,1,0.904156945113995,2.764210995717616e-05,0.09581541277604766
O=C(N1CCc2c([C@H]1CN1CCCC1)cco2)Cc1ccc(c(c1)Cl)Cl,penetrating,1.0,0.7444615681569233,1,1,1,0.7791380105363996,6.211475831200054e-05,0.22079987470528828
CN1CCCC[C@H]1CCN1c2ccccc2Sc2c1cc(cc2)S(=O)(=O)C,penetrating,0.912,0.9408969694981264,1,1,1,0.8816195338599235,3.3535185914119986e-05,0.11834693095416238
OC[C@@H](c1ccccc1)C(=O)OC1C[C@@H]2CC[C@H](C1)N2C,penetrating,0.45499999999999996,0.7357457879950979,1,1,1,0.4779278912404258,0.0003001761093572417,0.5217719326502169
Nc1c2CCCCc2nc2c1cccc2,penetrating,0.8640000000000001,0.8848232851516725,0,1,1,0.4095579417391504,0.0007367229781508224,0.5897053352826986
NCCc1scc(n1)c1ccccc1,non-penetrating,0.481,0.45866025955867507,1,0,1,0.027584665812674873,0.0066499916843452515,0.9657653425029797
CCOC(=O)N1CCN([C@H](C1)CN1CCCC1)C(=O)Cc1ccc(c(c1)Cl)Cl,penetrating,0.797,0.7123263321158345,1,1,1,0.6284924761806628,0.0001608704887109918,0.3713466533306261
OC[C@@H]1CC[C@@H](O1)n1cnc2c1ncnc2O,non-penetrating,0.8809999999999999,0.6343210172632341,1,1,1,0.6183911257597389,0.00015154715918420329,0.38145732708107694
NCCc1nccs1,penetrating,0.897,0.41834652406724593,0,1,1,0.2536594845410089,0.0020925974335555993,0.7442479180254353
CCC(=C)C(=O)c1ccc(c(c1Cl)Cl)OCC(=O)O,non-penetrating,0.669,0.6558017754972099,0,0,0,0.0053388421337793035,0.19949349753883625,0.7951676603273846
O[C@@H]([C@@H](NC(=O)c1cccc(c1C)O)CSc1ccccc1)CN1C[C@H]2CCCC[C@H]2C[C@H]1C(=O)NC(C)(C)C,non-penetrating,0.30799999999999994,0.03342400503732679,1,0,0,0.0024806508339122995,0.0869703663357707,0.9105489828303168
OCCCCn1ccc(=O)c(c1CC)O,non-penetrating,0.655,0.6783473227531068,1,1,0,0.1472676416822459,0.0019552052038517647,0.8507771531139023
CCC[C@H](C1(CC)C(=O)NC(=S)NC1=O)C,penetrating,0.972,0.9232718548568492,1,1,1,0.9125970722436606,2.5246743375615542e-05,0.08737768101296384
Cc1c(O)c(=O)ccn1CCCCCC,penetrating,0.94,0.9833206617306194,1,1,1,0.9379116391054112,1.456063953822834e-05,0.062073800255050604
OCCN1CCN(CC1)CC/C=C/1\c2ccccc2Sc2c1cc(cc2)C(F)(F)F,penetrating,0.86,0.92831652849816,1,1,1,0.8322247279208105,4.9693794703477294e-05,0.1677255782844861
O[C@@H](COc1ccc(cc1)CC(=O)N)CNC(C)C,non-penetrating,0.802,0.37787563998189255,1,0,1,0.03237028220415178,0.003892619780597463,0.9637370980152506
CCCOC(=O)N1CCN([C@H](C1)CN1CCCC1)C(=O)Cc1ccc(c(c1)Cl)Cl,penetrating,0.925,0.7173520985826403,1,1,1,0.7100514682227796,0.00010192496820204605,0.2898466068090183
Cc1c(O)c(=O)ccn1CCCC,penetrating,0.928,0.9518894336374109,1,1,1,0.9027983340739831,2.6580957449154776e-05,0.09717508496856775
CN1CCN(CC1)c1c(F)cc2c3c1SCCn3cc(c2=O)C(=O)O,non-penetrating,0.21999999999999997,0.3124662801169009,0,0,0,0.0015802877864025968,0.6373839578356418,0.36103575437795543
CCCN(CCC)CCc1ccc(c2c1CC(=C)N2)O,penetrating,0.944,0.9933946057403896,1,1,1,0.9494001155198034,1.0843401895786932e-05,0.05058904107830087
CN(Cc1ccc(o1)CSCCNc1[nH]cc(c1N(=O)=O)Cc1ccccc1)C,penetrating,0.394,0.6655381208091794,0,1,1,0.20930652026805266,0.0036423959770799787,0.7870510837548672
O[C@@H]1CCN(C1)C[C@H](N(C(=O)Cc1ccccc1N)C)c1ccccc1,non-penetrating,0.623,0.14421468330185738,1,0,0,0.004750743293534477,0.05023695943465116,0.9450122972718141
CCc1ccccc1,penetrating,1.0,0.9594799012257555,1,1,1,0.9649463059053152,9.849384000627276e-06,0.035043844710684224
CN([C@@H]1C(=C(C(=O)N)C(=O)[C@@]2([C@H]1C[C@@H]1Cc3c(C(=O)C1=C2O)c(O)ccc3N(C)C)O)O)C,penetrating,0.3390000000000001,0.13895836671372308,1,1,0,0.04878447135659655,0.006881017869695946,0.9443345107737074
FC([C@@]1(C#CC2CC2)OC(=O)Nc2c1cc(Cl)cc2)(F)F,non-penetrating,1.0,0.8800539618221583,1,0,1,0.06775938529619366,0.0007067809074473375,0.9315338337963592
CCn1cc(C(=O)O)c(=O)c2c1cc(N1CCNCC1)c(c2)F,non-penetrating,0.0,0.17984014659700975,0,0,0,0.00046677784538024056,0.8576560765051225,0.14187714564949738
COc1ccc2c(c1)c(CC(=O)O)c(n2C(=O)c1ccc(cc1)Cl)C,non-penetrating,0.43200000000000005,0.16899868845173938,1,0,1,0.015689350988358775,0.009522926473357366,0.9747877225382838
CCCCCC,penetrating,1.0,0.9865307251389568,1,1,1,0.9883223009095534,3.274031019903005e-06,0.011674425059426952
CC[C@@H](c1ccccc1)NC(=O)c1c(C)c(nc2c1cccc2)c1ccccc1,penetrating,0.264,0.45378160539706025,0,1,1,0.14111025177995384,0.006235564210651075,0.8526541840093947
O=C1CC[C@]2([C@]34[C@@H]1Oc1c4c(C[C@@H]2N(CC3)CC2CC2)ccc1O)O,penetrating,0.7879999999999999,0.8495556475101457,1,1,1,0.7213796237967364,0.0001022487522039881,0.27851812745105964
CN/C(=C\[N+](=O)[O-])/NCCS[CH2+]c1ccc(o1)CN(C)C,non-penetrating,0.6559999999999999,0.7916433361774889,0,0,1,0.022765332211832065,0.020578655480243888,0.9566560123079241
CNC[C@@H](c1ccc(c(c1)O)O)O,non-penetrating,0.43100000000000005,0.7648957257516271,1,0,0,0.010164599493396287,0.026916512174784184,0.9629188883318195
OC[C@H]1O[C@H](C[C@@H]1N=[N+]=N)N1[CH+][C](C)C(=O)NC1=O,penetrating,0.898,0.9068608989219864,1,1,1,0.8439221649801741,4.835410253146896e-05,0.1560294809172944
OCC(=O)[C@H]1CC[C@@H]2[C@]1(C)C[C@@H](O)[C@H]1[C@H]2CCC2=CC(=O)CC[C@]12C,non-penetrating,0.32200000000000006,0.34152150174352647,1,0,1,0.019093699858683998,0.008908585661253979,0.971997714480062
CC[N+](Cc1ccccc1Br)(C)C,non-penetrating,0.737,0.0017922823077464178,1,1,1,0.16844514118184034,0.000527196355585631,0.8310276624625741
OC[C@H]1O[C@H](O[C@H]2[C@H](N)C[C@@H]([C@H](C2O)O[C@H]2O[C@H](CN)[C@H]([C@@H]([C@H]2O)O)O)N)[C@@H]([C@H]([C@@H]1O)N)O,non-penetrating,0.736,0.13037914802353434,1,0,1,0.01871213885756183,0.0057431766531991744,0.9755446844892393
CC[C@@]1(O)C(=O)OCc2c1cc1-c3nc4ccc(c(c4cc3Cn1c2=O)CN(C)C)O,penetrating,0.366,0.06087714816671819,1,1,0,0.040813635196703994,0.007182521031797471,0.9520038437714984
CCC(C)(C)C,penetrating,1.0,0.9751396907978724,1,1,1,0.9784787278374465,6.042895726150608e-06,0.021515229266827363
O=C(N1CC(=O)N2[C@H](C1)c1ccccc1CC2)C1CCCCC1,penetrating,0.696,0.7084897241425933,1,1,1,0.5648537044047911,0.0002082258293461966,0.4349380697658626
ClCCN(c1ccc(cc1)CCCC(=O)OC(C)(C)C)CCCl,penetrating,0.387,0.9195343284569298,0,1,1,0.27168134323789883,0.001636159260647238,0.7266824975014539
O=C1CN=C(c2c(N1)ccc(c2)Cl)c1ccccc1,penetrating,0.943,0.9596118818684144,1,1,1,0.9207462477807089,2.115920075683858e-05,0.07923259301853425
CN(CC/C=C/1\c2ccccc2CCc2c1cccc2)C,penetrating,0.92,0.9440290747272726,1,1,1,0.8902670207402632,3.077890900020737e-05,0.10970220035073663
Cc1ccccc1,penetrating,0.938,0.9737134591568014,1,1,1,0.9284363189538898,1.7845940504151944e-05,0.07154583510560608
C1CCCCC1,penetrating,0.852,0.9898100299983654,1,1,1,0.8729837248819359,2.7425350244944994e-05,0.1269888497678192
NNC(=O)c1ccncc1,penetrating,0.909,0.7585260997988571,1,1,1,0.7332829961169615,9.52305585082049e-05,0.2666217733245301
c1ccccc1,penetrating,0.725,0.9852241463402166,1,1,1,0.7684940342979921,5.121848455539882e-05,0.23145474721745252
OC[C@](c1onc(n1)c1ncn2-c3cccc(c3C(=O)N(Cc12)C)Cl)(O)C,non-penetrating,0.31299999999999994,0.7386407984644808,1,0,0,0.008508971749006836,0.032122106946113074,0.9593689213048803
CCOC(=O)C1(CCN(CC1)C)c1ccccc1,penetrating,0.863,0.9757281843406408,1,1,1,0.8709409344699762,3.093676376969706e-05,0.12902812876625414
CCCCC,penetrating,1.0,0.9838690727668288,1,1,1,0.986022231501186,3.92100960787063e-06,0.01397384748920616
CC([C@@H](N(C(=O)Cc1ccc(c(c1)Cl)Cl)C)CN1CCCC1)C,penetrating,0.978,0.9320629356116708,1,1,1,0.9245721210477419,2.150164321153776e-05,0.07540637730904665
NCCC[C@H]1NC(=O)[C@H](CCCCNC(=O)[C@H]([C@H](CC)C)NC(=O)[C@H](NC(=O)[C@@H](NC(=O)[C@@H]2CSC(=N2)[C@@H]([C@@H](CC)C)N)CC(C)C)CCC(=O)O)NC(=O)[C@H](CC(=O)N)NC(=O)[C@@H](CC(=O)O)NC(=O)[C@@H](NC(=O)[C@H](NC(=O)[C@@H](NC1=O)[C@H](CC)C)Cc1ccccc1)Cc1nc[nH]c1,non-penetrating,0.245,8.422076766845255e-05,0,0,0,0.0003971939077760269,0.8281675145126814,0.17143529157954296
CN1CCN([C@H](C1)CN1CCCC1)C(=O)Cc1ccc(c(c1)Cl)Cl,penetrating,0.815,0.9031676601080928,1,1,1,0.7797265621455757,7.086434626015013e-05,0.22020257350816397
CO[C@@H]([C@@H]1Cc2cc3cc(O[C@@H]4O[C@H](C)[C@@H]([C@@H](C4)O[C@H]4C[C@@H](O)[C@@H]([C@H](O4)C)O)O)c(c(c3c(c2C(=O)[C@H]1OC1O[C@H](C)[C@H]([C@@H](C1)O[C@@H]1O[C@H](C)[C@H]([C@@H](C1)O[C@@H]1O[C@H](C)[C@H]([C@@](C1)(C)O)O)O)O)O)O)C)C(=O)[C@H]([C@H](O)C)O,penetrating,0.20700000000000007,0.46080002882213433,0,0,0,0.0021042712323213362,0.5442851586929482,0.45361057007473027
FCOC(C(F)(F)F)C(F)(F)F,penetrating,0.873,0.9994825255139186,1,1,1,0.8972548044624957,2.0297205747588812e-05,0.10272489833175669
OCc1ncc2n1-c1ccc(cc1C(=NC2)c1ccccc1F)Cl,penetrating,0.812,0.7121124706833566,1,1,1,0.6374151514043223,0.00015424292498773194,0.3624306056706901
S=C(N1CCC(CC1)c1c[nH]cn1)NC1CCCCC1,penetrating,0.87,0.9222614059304456,1,1,0,0.23593875166760692,0.0005540470658527301,0.7635072012665403
CCC(CC)C,penetrating,1.0,0.9793341533597018,1,1,1,0.9821033766172914,5.02333077696615e-06,0.01789160005193169
OC(=O)CCCCCCCC(=O)O,non-penetrating,0.595,0.3224306268871494,1,1,0,0.0886731454801313,0.00391864768099097,0.9074082068388778
Fc1ccc2c(c1)onc2C1CCN(CC1)CCc1c(C)nc2n(c1=O)CCCC2,penetrating,0.872,0.6933946729056786,1,1,1,0.6592170210851014,0.00013431236900587695,0.34064866654589276
Cn1ccc(=O)c(c1C)O,penetrating,0.7509999999999999,0.9334191233581526,1,1,1,0.753383274888788,7.229805560756295e-05,0.24654442705560442
OC(=O)CNC(=O)c1ccccc1O,penetrating,0.374,0.47033367576722707,0,1,0,0.046532239030370966,0.041590227433900465,0.9118775335357281
O=C(N1CCn2c([C@H]1CN1CCCC1)ncc2)Cc1ccc(c(c1)Cl)Cl,penetrating,0.63,0.6464747788427615,1,1,1,0.4874627984362932,0.00027622983595670253,0.5122609717277502
C=CC[C@@H](c1ccccc1c1noc2c1cccc2)N,penetrating,1.0,0.8275641077984793,1,1,1,0.8509511485662727,4.191468849190177e-05,0.14900693674523535
OCC(C)C,penetrating,0.877,0.9959459617603618,1,1,1,0.8977222719226191,2.0959583689695278e-05,0.10225676849369147
COc1ccc(cc1OC)CCN(CCC[C@@](c1ccc(c(c1)OC)OC)(C(C)C)C#N)C,penetrating,0.39,0.9672289386916778,1,1,0,0.1575172656055023,0.0011219191333446444,0.8413608152611532
Nc1ccn(c(=O)n1)[C@H]1CC[C@H](O1)CO,penetrating,0.7879999999999999,0.5381110476133861,1,1,1,0.49820678093394416,0.000244442674779295,0.5015487763912767
Clc1ccc2-n3c(CN=C(c2c1)c1ccccc1)nnc3C,penetrating,0.958,0.986995124276006,1,1,1,0.9552705034706142,1.0360164497158735e-05,0.04471913636488867
CN([C@H](CN1c2ccccc2Sc2c1cccc2)C)C,penetrating,0.937,0.9164886640358983,1,1,1,0.8807078325176303,3.5571056544154215e-05,0.11925659642582553
