SMILES,True,CPSign,Jaqpot,Lazar,Weka,Bel_P,Bel_N,Uncertainty
Cn1cnc2c1c(=O)n(C)c(=O)n2C,penetrating,0.906,0.9880262201780629,1,1,0.9995509949405638,0.00014871875650136307,0.0003002863029347713
CN1CCN([C@H](C1)CN1CCCC1)C(=O)Cc1ccc(c(c1)Cl)Cl,penetrating,0.815,0.9031676601080928,1,1,0.9989950018324897,0.0006529206927986243,0.000352077474711332
FC([C@@]1(C#CC2CC2)OC(=O)Nc2c1cc(Cl)cc2)(F)F,non-penetrating,1.0,0.8800539618221583,1,0,0.927147454687601,0.06972725468110792,0.0031252906312904116
Clc1cccc(c1)C(=O)[C@@H](NC(C)(C)C)C,penetrating,0.6609999999999999,0.9248302800444326,1,1,0.9985649869735808,0.0010312545493612066,0.00040375847705775847
C[C@@H](Cc1ccccc1)N,penetrating,0.901,0.7174549666302087,1,1,0.9984438619305953,0.0011616390612130356,0.00039449900819155115
C=C[C@H]1CN2CC[C@H]1C[C@@H]2[C@H](c1ccnc2c1cc(OC)cc2)O,penetrating,0.15900000000000003,0.6769958070113582,0,1,0.8168852903259752,0.172717868902562,0.010396840771463634
NN[C@](C(=O)O)(Cc1ccc(c(c1)O)O)C,non-penetrating,0.396,0.37859572118380025,1,0,0.2733656163747714,0.7196984626072557,0.006935921017976299
Fc1ccc(cc1)C(=O)CCCN1CCC(CC1)(O)c1ccc(cc1)Br,penetrating,0.8540000000000001,0.8131878922371684,1,1,0.9986973341834467,0.0009317432020609357,0.00037092261449223063
O=C(c1ncn2-c3cccc(c3C(=O)N3[C@H](c12)CCC3)Br)OC(C)(C)C,penetrating,0.799,0.9555255143546816,1,1,0.9991988596730348,0.00046040386907520244,0.0003407364578897898
O[C@@H]1CCN(C1)C[C@H]1N(CCn2c1ncc2)C(=O)Cc1ccc(c(c1)Cl)Cl,non-penetrating,0.3540000000000001,0.06538692464696794,1,0,0.11331495688740661,0.8806665937289244,0.006018449383670882
O[C@@H](c1ccc(cc1)C(C)(C)C)CCCN1CCC(CC1)C(c1ccccc1)(c1ccccc1)O,non-penetrating,0.2829999999999999,0.7242581064007846,1,0,0.4536216477926239,0.540736173351344,0.005642178856042013
OC(=O)[C@H](c1cccc(c1)C(=O)c1ccccc1)C,penetrating,0.597,0.7487634800601304,1,1,0.9964073579993757,0.0030746664310825063,0.0005179755695414734
OCC(=O)[C@H]1CC[C@@H]2[C@]1(C=O)C[C@H](O)[C@H]1[C@H]2CCC2=CC(=O)CC[C@]12C,non-penetrating,0.273,0.23181882973282186,0,0,0.007558768655146926,0.9887261104818368,0.00371512086301633
C1CCN(CC1)Cc1cccc(c1)OCCCNc1ccccn1,penetrating,0.966,0.9742862929118066,1,1,0.9996165689999924,9.458638084540974e-05,0.0002888446191621208
CCC1(CCC(C)C)C(=O)NC(=O)NC1=O,penetrating,0.962,0.9784466909380346,1,1,0.9996199795439507,9.127645304281959e-05,0.00028874400300626935
COc1cccc2c1C(=O)c1c(C2=O)c(O)c2c(c1O)[C@@H](O[C@H]1C[C@H](N)[C@@H]([C@@H](O1)C)O)C[C@](C2)(O)C(=O)C,non-penetrating,0.248,0.09154048028228245,0,0,0.003564711095254693,0.9932187304255753,0.0032165584791695127
Nc1ccc(cc1)S(=O)(=O)Nc1ncccn1,penetrating,0.758,0.5500802302966679,1,1,0.995698254489098,0.0037455268010165364,0.0005562187098850924
NC(=O)c1cnccn1,penetrating,0.8390000000000001,0.944142895246216,1,1,0.9992509799363183,0.00041749362587911406,0.00033152643780254287
O=C(Nc1ccccc1)Oc1ccc2c(c1)[C@]1(C)CCN([C@@H]1N2C)C,penetrating,0.882,0.9184447354564012,1,1,0.9992618023613863,0.00041174201600140586,0.00032645562261235384
CN1CCCC[C@H]1CCN1c2ccccc2Sc2c1cc(cc2)[S@](=O)C,penetrating,0.949,0.9543819284548266,1,1,0.9995339891125173,0.00016781708239907615,0.0002981938050834465
COc1cc(CN[C@@H]2CCCN[C@H]2c2ccccc2)c2c(c1)CCO2,penetrating,0.5820000000000001,0.7836808723530957,1,1,0.9967028585558064,0.0027891570347501086,0.0005079844094435515
O=C(C1=C(O)c2sccc2S(=O)(=O)N1C)Nc1ccccn1,non-penetrating,0.242,0.16876468884706686,0,0,0.005252989324063397,0.9913279786226843,0.0034190320532520007
CCCN(CCC)CCc1cccc2c1CC(=O)N2,penetrating,0.958,0.9948775671570476,1,1,0.9996537996785986,6.061635231019616e-05,0.00028558396909117434
O[C@H]1C=C[C@@H]2[C@@]34[C@H]1Oc1c4c(C[C@H]2N(CC3)C)ccc1O,penetrating,0.882,0.5540847859394374,1,1,0.9971854575117218,0.0023218025765548165,0.0004927399117231612
O=C(C1c2ccccc2Oc2c1cccc2)OCC[N+](C(C)C)(C(C)C)C,non-penetrating,0.557,0.0012394989299655546,1,0,0.13764929266232975,0.8574603609199746,0.004890346417694952
Cc1onc(c1)NC(=O)C1=C(O)c2ccccc2S(=O)(=O)N1C,non-penetrating,0.254,0.5243723523526707,0,0,0.020299010721523864,0.9762512259856057,0.0034497632928711212
CC[C@@H](c1ccccc1)NC(=O)c1c(OCCNC(=O)[C@@H]2CCCN2)c(nc2c1cccc2)c1ccccc1,non-penetrating,0.263,0.052436915464249,0,0,0.0029074562465112226,0.9939372939162396,0.0031552498372494488
O=C(N1CCn2c([C@H]1CN1CCCC1)ncn2)Cc1ccc(c(c1)Cl)Cl,penetrating,0.944,0.8264084906493991,1,1,0.9991230206186841,0.0005386930424023075,0.00033828633891364035
NCC1(CCCCC1)CC(=O)O,penetrating,0.603,0.7716894971179891,1,1,0.9967457333945791,0.00275250287078628,0.0005017637346346193
Brc1cnc(c(c1)C)CCCCNc1[nH]cc(c(=O)n1)Cc1ccc(nc1)C,non-penetrating,0.347,0.4384574326358833,0,0,0.01830538229305652,0.9767932256015956,0.0049013921053479015
OC(=O)CCCCCCCC(=O)O,non-penetrating,0.595,0.3224306268871494,1,1,0.9872877768107399,0.01136077673466771,0.0013514464545921756
Clc1ccc2c(c1)[C@H]1CNC[C@H]1c1c(O2)cccc1,penetrating,0.95,0.9444758980302264,1,1,0.9995089442907543,0.00019043996855791644,0.00030061574068773744
COc1cccc(c1)CC(=O)N1CCN(C[C@@H]1CN1CC[C@H](C1)O)C(=O)C,non-penetrating,0.07899999999999996,0.13321694808423212,0,0,0.002241580717501465,0.9948365026679785,0.0029219166145198375
NCC[C@@H](C(=O)N[C@@H]1C[C@H](N)[C@H]([C@@H]([C@H]1O[C@H]1O[C@H](CO)[C@H]([C@@H]([C@H]1O)N)O)O)O[C@H]1O[C@H](CN)[C@H]([C@@H]([C@H]1O)O)O)O,penetrating,0.06399999999999995,0.06393802178720942,0,1,0.344642888990719,0.6317013188310467,0.023655792178235657
CN1Cc2c(ncn2-c2c(C1=O)c(Cl)ccc2)c1noc(n1)C(C)C,penetrating,0.498,0.8712620185160805,0,0,0.11393081744192408,0.8773603183262109,0.00870886423186544
CCN(CCC[C@H](Nc1ccnc2c1ccc(c2)Cl)C)CC,penetrating,0.933,0.9652180276939404,1,1,0.9995329611748052,0.00016770037217911805,0.00029933845301566286
CCn1cc(C(=O)O)c(=O)c2c1cc(N1CCN(CC1)C)c(c2)F,non-penetrating,0.30799999999999994,0.3274317174259995,0,0,0.011733567008667298,0.984064657923541,0.004201775067791734
Clc1ccc2c(c1)[C@H]1CN(C[C@H]1c1c(O2)cccc1)C,penetrating,0.972,0.96358857459392,1,1,0.999601185620128,0.0001086588202845339,0.0002901555595873351
CC[C@@H](c1ccccc1)NC(=O)c1c(C)c(nc2c1cccc2)c1ccccc1,penetrating,0.264,0.45378160539706025,0,1,0.7434134520096505,0.24055584779660732,0.016030700193741865
CCn1cc(C(=O)O)c(=O)c2c1nc(N1CCNCC1)c(c2)F,non-penetrating,0.30900000000000005,0.3125145556182565,0,0,0.0111955051252244,0.9846622675552265,0.004142227319549189
CC[C@H](n1ncn(c1=O)c1ccc(cc1)N1CCN(CC1)c1ccc(cc1)OC[C@@H]1CO[C@@](O1)(Cn1cncn1)c1ccc(cc1Cl)Cl)C,non-penetrating,0.31200000000000006,0.03365974308889075,1,0,0.09238646432888332,0.901836236379701,0.005777299291415572
Nc1ccc(c(c1)O)C(=O)O,non-penetrating,0.645,0.2412123831207429,0,0,0.02384878267651288,0.9721476342235317,0.004003583099955577
NCCc1nc2n(c1)cccc2,non-penetrating,0.551,0.5497586306535752,1,0,0.4678992252213103,0.5284594399108287,0.0036413348678607793
CN1CCN(CC1)CC(=O)N1c2ccccc2C(=O)Nc2c1nccc2,penetrating,0.705,0.941964270785594,1,1,0.9988466423724329,0.0007742748135911515,0.00037908281397580623
ClCCNC(=O)N(CCCl)N=O,penetrating,0.922,0.9134662945976666,1,1,0.999350255219414,0.0003330228374253983,0.00031672194316045843
O[C@H](CN1CCN(C[C@H]1C(=O)NC(C)(C)C)Cc1cccnc1)C[C@H](C(=O)N[C@@H]1[C@H](O)Cc2c1cccc2)Cc1ccccc1,penetrating,0.0,0.009392646722602649,0,1,0.25441664617052895,0.7209862088652467,0.02459714496422344
OCc1cc(ccc1O)[C@@H](CNC(C)(C)C)O,non-penetrating,0.638,0.47490215350768183,1,0,0.4724503167523377,0.5221339987348992,0.005415684512766361
CC1CCCC1,penetrating,1.0,0.9807758284226744,1,1,0.9996864910154392,3.4160690388173643e-05,0.00027934829417253226
OCC(=O)[C@@]1(O)CC[C@@H]2[C@]1(C)C[C@H](O)[C@H]1[C@H]2CCC2=CC(=O)CC[C@]12C,non-penetrating,0.2659999999999999,0.4533793926078937,0,0,0.015518197048033935,0.9798243118589618,0.004657491093004177
CCOCC,penetrating,0.971,0.9969644237434341,1,1,0.9996780010849712,3.998219068697993e-05,0.0002820167243418048
CC(=O)Nc1ccc(cc1)O,penetrating,0.856,0.9204275648721788,1,1,0.9991978947120866,0.0004685488767554697,0.0003335564111577316
CCCCC1C(=O)N(N(C1=O)c1ccccc1)c1ccccc1,penetrating,0.7090000000000001,0.9364278980208068,1,1,0.9988248463831756,0.0007957634835800209,0.00037939013324472803
COc1cc(Cc2cnc(nc2N)N)cc(c1OC)OC,penetrating,0.366,0.7136595718012836,0,1,0.8908261802776755,0.10115973984569404,0.008014079876631719
Clc1ccc2-n3c(CN=C(c2c1)c1ccccc1Cl)nnc3C,penetrating,0.812,0.9793215758138956,1,1,0.9993367136264356,0.00033375941154370443,0.00032952696202070975
Oc1ccc2c(c1)c(CCCCN1CCC(=CC1)c1ccccc1)c[nH]2,penetrating,0.696,0.881878232892543,1,1,0.9983986178631341,0.001196699503201754,0.0004046826336639997
NNC(=O)c1ccncc1,penetrating,0.909,0.7585260997988571,1,1,0.9986929974780917,0.0009327316830586828,0.00037427083884955525
Cc1cccc(c1)C,penetrating,0.974,0.9797288082875348,1,1,0.9996428722154944,7.155145155329493e-05,0.00028557633295223095
Oc1ccc2c(c1)CC[C@@H]1[C@@H]2CC[C@]2([C@H]1CC[C@@H]2O)C,penetrating,0.7659999999999999,0.9274406259499229,1,1,0.9989610821169873,0.0006779863203120336,0.0003609315627005616
O[C@@H]([C@@H](NC(=O)c1cccc(c1C)O)CSc1ccccc1)CN1C[C@H]2CCCC[C@H]2C[C@H]1C(=O)NC(C)(C)C,non-penetrating,0.30799999999999994,0.03342400503732679,1,0,0.0915255811935621,0.9027133159418466,0.005761102864592221
CC(Cc1ccc(cc1)[C@@H](C(=O)O)C)C,penetrating,0.7859999999999999,0.9608368092032128,1,1,0.999190742025707,0.0004658510221495176,0.0003434069521434102
CNCCCN1c2ccccc2CCc2c1cccc2,penetrating,0.957,0.9909703082470416,1,1,0.999642710369699,7.049752918707663e-05,0.0002867921011138197
Cc1cn([C@@H]2O[C@@H](C=C2)CO)c(=O)[nH]c1=O,penetrating,0.875,0.8861111460183136,1,1,0.9991136227856021,0.0005477400283912724,0.000338637186006463
NCCc1ccc(c(c1)O)O,non-penetrating,0.598,0.8055408293505543,1,1,0.9970952575972502,0.0024175739298528173,0.0004871684728969816
NC(=O)C[C@@H](C(=O)N[C@H]([C@@H](CN1C[C@H]2CCCC[C@H]2C[C@H]1C(=O)NC(C)(C)C)O)Cc1ccccc1)NC(=O)c1ccc2c(n1)cccc2,non-penetrating,0.0,0.04308800406479241,0,0,0.00040945948753315305,0.9970279701642105,0.0025625703482560665
Cc1ccc2c(c1)N(C)[C@@H](CNC(=O)c1ccc(cc1)C)CN=C2c1ccc(cc1)F,penetrating,0.64,0.9003572934354298,1,1,0.9982788259774761,0.0012983425921856016,0.00042283143033794435
Fc1ccc2c(c1)onc2C1CCN(CC1)CCc1c(C)nc2n(c1=O)CCC[C@H]2O,penetrating,0.7559999999999999,0.4261706484320751,1,1,0.993896276340578,0.005133316992506875,0.0009704066669149469
CCC[C@@H](CC)C,penetrating,1.0,0.9832467251585004,1,1,0.9996915500735004,2.9705624889977743e-05,0.0002787443016095681
O[C@@H]1CCN(C1)C[C@H]1N(CCc2c1nc[nH]2)C(=O)Cc1ccc(c(c1)Cl)Cl,non-penetrating,0.14500000000000002,0.05535290162340656,1,0,0.06888241834265761,0.9258675383789343,0.005250043278406238
O=C(c1ccc(cc1)C(C)(C)C)CCCN1CCC(CC1)OC(c1ccccc1)c1ccccc1,non-penetrating,0.0,0.6546174546675179,1,0,0.24023430094330722,0.7543426894391821,0.005423009617508662
Clc1ccc2c(c1)C(=NCC(=O)N2C)c1ccccc1,penetrating,0.967,0.9637480039369182,1,1,0.9995924992271423,0.00011618824751832615,0.0002913125253390936
CCCCCCC,penetrating,1.0,0.9893387318518924,1,1,0.9997039302384583,1.880350732185827e-05,0.0002772662542198656
c1ccccc1,penetrating,0.725,0.9852241463402166,1,1,0.9991638236873833,0.0004788908209132507,0.00035728549170321866
CC(=O)NCCCOc1cccc(c1)CN1CCCCC1,penetrating,0.935,0.987216264048497,1,1,0.999597716032568,0.00010918142012484417,0.00029310254730696705
CCOC(=O)C1(CCN(CC1)C)c1ccccc1,penetrating,0.863,0.9757281843406408,1,1,0.9994293774791286,0.0002552913798142822,0.0003153311410570847
CC[C@@H](c1ccccc1)NC(=O)c1c(OCCNC(=O)Cc2ccccn2)c(nc2c1cccc2)c1ccccc1,non-penetrating,0.1190000000000001,0.020098709068970932,0,0,0.0010156956157968088,0.9962425824777356,0.002741721906467474
CC[N+](Cc1ccccc1Br)(C)C,non-penetrating,0.737,0.0017922823077464178,1,1,0.9755093710255238,0.021997819951794652,0.0024928090226808974
CCC(=C)C(=O)c1ccc(c(c1Cl)Cl)OCC(=O)O,non-penetrating,0.669,0.6558017754972099,0,0,0.08639046633092776,0.908941081925815,0.004668451743256821
Clc1ccc2-n3c(CN=C(c2c1)c1ccccc1F)cnc3C,penetrating,0.959,0.9234734183694504,1,1,0.9994709809517006,0.00022486916577559672,0.00030414988252369657
CN(CC/C=C/1\c2ccccc2CCc2c1cccc2)C,penetrating,0.92,0.9440290747272726,1,1,0.9994430346809979,0.00024847705002532436,0.0003084882689766699
Nc1ccc(cc1)S(=O)(=O)Nc1noc(c1)C,penetrating,0.7090000000000001,0.8195936070219043,1,1,0.9979896092365349,0.001585957934064761,0.0004244328294003008
C=CCN1CC[C@@]23[C@@H]([C@H]1Cc1c3cc(cc1)O)CCCC2,penetrating,0.98,0.9883383418918174,1,1,0.9996719297051597,4.60254050976848e-05,0.0002820448897424832
CCOC(=O)N1CC/C(=C/2\c3ccc(cc3CCc3c2nccc3)Cl)/CC1,non-penetrating,0.84,0.9391027627459364,1,0,0.8995131248078543,0.09719262660207943,0.0032942485900641083
NCCCN1c2ccccc2CCc2c1cccc2,penetrating,0.8640000000000001,0.9839387864418836,1,1,0.9994610160001524,0.00022619580020155443,0.00031278819964575266
OC(=O)[C-]1N2C(=O)[C@@H]([C@H]2SC1(C)C)NC(=O)[C@@H](c1cscc1)C(=O)O,penetrating,0.363,0.4373542191179193,0,1,0.7763746081608597,0.2086615189040494,0.014963872935091937
Cc1c(O)c(=O)ccn1CCCCC,penetrating,0.944,0.9760713769344772,1,1,0.9995830375485603,0.00012322886493132735,0.00029373358650841563
O[C@@H]1CCN(C1)C[C@H]1CN(CCN1C(=O)Cc1cc(F)cc(c1)F)C(=O)C,non-penetrating,0.20499999999999996,0.1335251907500693,0,0,0.003875527630451242,0.9929069333930388,0.003217538976510044
CNCCc1ccccn1,penetrating,0.917,0.8255465682102356,1,1,0.9990177840147945,0.0006357747687527437,0.00034644121645266424
CCCO,penetrating,0.86,0.9972289526523144,1,1,0.9995010488146573,0.00018862932079492025,0.0003103218645477135
CCc1ccccc1,penetrating,1.0,0.9594799012257555,1,1,0.9996419624282021,7.337308334509354e-05,0.00028466448845265724
OCCN1CCN(CC1)CCCN1c2ccccc2Sc2c1cc(Cl)cc2,penetrating,0.8109999999999999,0.8543801348617529,1,1,0.9987279330217814,0.0009016987046175376,0.00037036827360070745
Clc1ccc2-n3c(CN=C(c2c1)c1ccccc1)nnc3C,penetrating,0.958,0.986995124276006,1,1,0.9996344941330669,7.79594855992458e-05,0.00028754638133376975
CC[C@@]1(O)C(=O)OCc2c1cc1-c3nc4ccc(c(c4cc3Cn1c2=O)CN(C)C)O,penetrating,0.366,0.06087714816671819,1,1,0.9514398210004162,0.04416943861300872,0.004390740386575498
OCCCCn1ccc(=O)c(c1CC)O,non-penetrating,0.655,0.6783473227531068,1,1,0.9961141052458173,0.00336075755477773,0.0005251371994042797
C=CCN1CC[C@]23[C@H]4[C@@H]1Cc1c3c(O[C@@H]2[C@H](C=C4)O)c(cc1)O,penetrating,0.8370000000000001,0.5212762925536205,1,1,0.9963560688372638,0.0031062315758253003,0.0005376995869101897
COc1ccc(cc1)CC(=O)N1CCN(C[C@@H]1CN1CC[C@H](C1)O)C(=O)C,non-penetrating,0.0,0.13364997947896673,0,0,0.0013699879099472712,0.9958658145686725,0.002764197521380039
O=C1CC[C@]2(C(=C1)CC[C@@H]1[C@@H]2CC[C@]2([C@H]1CC[C@@H]2O)C)C,penetrating,0.747,0.9725181032438888,0,1,0.9855674310342116,0.011367539415323268,0.0030650295504655034
Cn1c(=O)n(C)c2c(c1=O)nc[nH]2,penetrating,0.924,0.953264214665434,1,1,0.9994799451254041,0.00021517200661622907,0.00030488286797969444
CN1CCCC[C@H]1CCN1c2ccccc2Sc2c1cc(cc2)S(=O)(=O)C,penetrating,0.912,0.9408969694981264,1,1,0.9994151168417235,0.00027337692926928406,0.000311506229007108
CC[C@@H](c1ccccc1)NC(=O)c1c(OCCNC(=O)Cc2ccccc2C(=O)O)c(nc2c1cccc2)c1ccccc1,non-penetrating,0.11199999999999999,0.005375051078945647,0,0,0.0007664972502338953,0.9965374070770187,0.0026960956727475342
CN(c1nccc(c1)c1n[nH]c(n1)N)C,non-penetrating,0.991,0.6862086961841691,0,1,0.9800818159048391,0.01664310688152258,0.003275077213638178
NC(=O)N,penetrating,0.84,0.9838509898138416,1,1,0.999413697248848,0.00026656087725592377,0.0003197418738958291
CCCC(=O)Nc1ccc(c(c1)C(=O)C)OC[C@@H](CNC(C)C)O,penetrating,0.708,0.5770006889637088,1,1,0.9954012782651771,0.004034841469488489,0.0005638802653341601
O=C(N1CC(=O)N2[C@H](C1)c1ccccc1CC2)C1CCCCC1,penetrating,0.696,0.7084897241425933,1,1,0.9968719516077517,0.002643015961157534,0.00048503243109121463
COc1ccc(cc1)CCN1CCC(CC1)Nc1nc2c(n1Cc1ccc(cc1)F)cccc2,non-penetrating,0.727,0.5329991966826351,1,0,0.5784307961433572,0.4178011246329066,0.0037680792237353433
O=C1CCCN1CCCCN1CCN(CC1)c1nc(Cl)cc(c1)C(F)(F)F,penetrating,0.954,0.807071693167598,1,1,0.999092661099556,0.0005651646144029713,0.0003421742860409971
O=C(N1CCc2c([C@H]1CN1CCCC1)scc2)Cc1ccc(c(c1)Cl)Cl,penetrating,0.958,0.8973204929996349,1,1,0.9993946018842893,0.00029346664330834576,0.0003119314724023825
OCCCOc1cccc(c1)CN1CCCCC1,penetrating,0.929,0.9695322007520284,1,1,0.9995377283015807,0.00016305886502224908,0.0002992128333969557
O=C(c1ccccc1)NCCCOc1cccc(c1)CN1CCCCC1,penetrating,0.873,0.9659260115357231,1,1,0.9994146501661835,0.00027012565815284377,0.0003152241756634311
CO[C@]12CC[C@]3(C[C@@H]1[C@@](C(C)(C)C)(O)C)[C@@]14[C@H]2Oc2c4c(C[C@H]3N(CC1)CC1CC1)ccc2O,penetrating,0.913,0.7686577796132283,1,1,0.9987595500091193,0.0008715348672160144,0.0003689151236646593
OC(=O)C(c1ccc(cc1)C(=O)CCCN1CCC(CC1)OC(c1ccccc1)c1ccccc1)(C)C,non-penetrating,0.132,0.23922082388593702,1,0,0.11939093189749535,0.8748163416156023,0.00579272648690092
CC[C@H]1OC(=O)[C@@H](C)[C@H](O[C@H]2O[C@@H](C)[C@@H]([C@](C2)(C)OC)O)[C@@H](C)[C@H](O[C@@H]2O[C@H](C)C[C@@H]([C@H]2O)N(C)C)[C@](C[C@H](CN([C@@H](C([C@@]1(C)O)O)C)C)C)(C)O,non-penetrating,0.371,0.6451518111666914,0,0,0.03938681395529884,0.9559718400157116,0.00464134602898892
CC(=O)Oc1ccccc1C(=O)O,penetrating,0.393,0.8128365437483206,0,0,0.07330787749542837,0.9198934915411737,0.006798630963397598
Clc1ccc(cc1)C1(O)CCN(CC1)CCC(C(=O)N(C)C)(c1ccccc1)c1ccccc1,non-penetrating,0.657,0.18479134961636579,1,0,0.2955119995568507,0.6990176233502469,0.005470377092902379
CC(Nc1cccnc1N1CCN(CC1)C(=O)c1cc2c([nH]1)ccc(c2)NS(=O)(=O)C)C,non-penetrating,0.675,0.07833212094235942,1,0,0.2344489966243845,0.7599656429333502,0.005585360442260268
OC(=O)CNC(=O)c1ccccc1O,penetrating,0.374,0.47033367576722707,0,1,0.7950886120623686,0.19048560660270814,0.014425781334923116
O=C(C1=C(O)c2ccccc2S(=O)(=O)N1C)Nc1ccccn1,non-penetrating,0.16000000000000003,0.3532164903290669,0,0,0.008293982398262702,0.9878753387695745,0.0038306788321628357
O=C(N1CCc2c([C@H]1CN1CCCC1)nc[nH]2)Cc1ccc(c(c1)Cl)Cl,non-penetrating,0.684,0.5993126968275663,1,0,0.5974802661558916,0.39880482309060455,0.003714910753506828
O=CN1[C@H](CNc2ccc(cc2)C(=O)N[C@H](C(=O)[O-])CCC(=O)[O-])CNc2c1c(O)nc(n2)N,penetrating,0.0,0.01204270201803237,0,1,0.25678849292221717,0.7186409442723224,0.02457056280545905
O[C@@H]1CCN(C1)C[C@H]1CN(CCN1C(=O)Cc1ccc(cc1)C(F)(F)F)C(=O)C,non-penetrating,0.245,0.44454338266157667,0,0,0.01427622953277594,0.9811919550378411,0.004531815429382864
Cc1ccc(cc1)C,penetrating,0.912,0.9795751761906756,1,1,0.9995359908315293,0.0001630685325225405,0.00030094063594798826
NCCC[C@H]1NC(=O)[C@H](CCCCNC(=O)[C@H]([C@H](CC)C)NC(=O)[C@H](NC(=O)[C@@H](NC(=O)[C@@H]2CSC(=N2)[C@@H]([C@@H](CC)C)N)CC(C)C)CCC(=O)O)NC(=O)[C@H](CC(=O)N)NC(=O)[C@@H](CC(=O)O)NC(=O)[C@@H](NC(=O)[C@H](NC(=O)[C@@H](NC1=O)[C@H](CC)C)Cc1ccccc1)Cc1nc[nH]c1,non-penetrating,0.245,8.422076766845255e-05,0,0,0.0016927631780828032,0.9953243385192787,0.002982898302638423
O[C@@H]1CCN(C1)C[C@H]1N(CCc2c1cco2)C(=O)Cc1ccc(c(c1)Cl)Cl,penetrating,0.25,0.08692452612389956,1,1,0.9433248196378066,0.0519517805049596,0.004723399857233801
Nc1ccc(cc1)S(=O)(=O)Nc1onc(c1C)C,penetrating,0.919,0.5674508106086058,1,1,0.9976529455074711,0.0018786167708251592,0.00046843772170379605
CCCN(CCC)CCc1ccc(c2c1CC(=C)N2)O,penetrating,0.944,0.9933946057403896,1,1,0.9996285769343632,8.209997980477304e-05,0.00028932308583207167
Cc1c(O)c(=O)ccn1CCCCCC,penetrating,0.94,0.9833206617306194,1,1,0.9995955499802763,0.00011159179868307056,0.00029285822104052617
O=C1CC[C@]2(C(=C1)CC[C@@H]1[C@@H]2CC[C@]2([C@H]1CC[C@@H]2C(=O)C)C)C,penetrating,0.648,0.9848034812938566,0,1,0.9822768110772176,0.014363835195308997,0.0033593537274737573
OC[C@](c1onc(n1)c1ncn2-c3cccc(c3C(=O)N(Cc12)C)Cl)(O)C,non-penetrating,0.31299999999999994,0.7386407984644808,1,0,0.48304757203456633,0.5112826581990338,0.005669769766394883
Fc1ccc(c(c1)F)C(Cn1cncn1)(Cn1cncn1)O,penetrating,0.7959999999999999,0.7497389198343782,1,1,0.9979971497948374,0.0015840626438061373,0.00041878756135638184
Cc1cnc(s1)NC(=O)C1=C(O)c2ccccc2S(=O)(=O)N1C,non-penetrating,0.19299999999999995,0.3650859975228331,0,0,0.00957082062181641,0.986450007426269,0.003979171951914346
ClCCN(C(=O)NC1CCCCC1)N=O,penetrating,0.94,0.9564150307607756,1,1,0.9995217165575486,0.0001783696493200804,0.00029991379313121236
O=C1CC[C@]2([C@]34[C@@H]1Oc1c4c(C[C@@H]2N(CC3)CC2CC2)ccc1O)O,penetrating,0.7879999999999999,0.8495556475101457,1,1,0.9986016776026025,0.0010179085365815232,0.0003804138608158869
OC[C@H]([C@H]([C@@H]([C@@H](CO)O)O)O)O,non-penetrating,0.2929999999999999,0.33584657294262454,1,1,0.9753565330364272,0.02194396770241456,0.0026994992611590884
O=C1Nc2c(C)ccnc2N(c2c1cccn2)C1CC1,penetrating,0.883,0.966796539141449,1,1,0.9994385966922592,0.0002492181093865347,0.0003121851983541868
O[C@@H]1CCN(C1)C[C@H]1CN(CCN1C(=O)Cc1ccccc1)C(=O)C,non-penetrating,0.13,0.1461463870346824,0,0,0.0030867122475247964,0.9938445858811769,0.00306870187129822
C[C@@H]([C@@H](c1cccc(c1)O)O)N,non-penetrating,0.765,0.5517677284056982,1,0,0.619951535177096,0.3762668318651295,0.003781632957778447
O=C(N1CCn2c([C@H]1CN1CCCC1)ncc2)Cc1ccc(c(c1)Cl)Cl,penetrating,0.63,0.6464747788427615,1,1,0.9953817239517496,0.004057041431679659,0.0005612346165707605
COc1cc(NCc2ccc3c(c2C)c(N)nc(n3)N)cc(c1OC)OC,non-penetrating,0.631,0.6122129068575085,1,0,0.5708203448068963,0.4254770147711705,0.003702640421931136
CC[C@@H](C(=O)O[C@H]1C[C@@H](O)C=C2[C@H]1[C@@H](CC[C@H](C[C@H](CC(=O)O)O)O)[C@H](C=C2)C)C,non-penetrating,0.476,0.03221597555347144,0,0,0.005122169624962877,0.9910911284845563,0.0037867018904809346
C1CCN(CC1)Cc1cccc(c1)OCCCNc1nc2c(o1)cccc2,penetrating,0.956,0.993538001661265,1,1,0.9996474841266295,6.612346660620031e-05,0.0002863924067643131
O=C([C@H](C1=CCC=CC1)N)N[C@H]1C(=O)N2[C@H]1SCC(=C2C(=O)O)C,non-penetrating,0.639,0.24254469142757418,1,0,0.32229360111043165,0.6723141748636439,0.005392224025923209
O=C(N([C@H](c1ccccc1)CN1CCCC1)C)Cc1ccc(c(c1)Cl)Cl,penetrating,0.845,0.9153862108613684,1,1,0.9991449439613375,0.0005165548580381266,0.00033850118062428436
OC(=O)CC[C@@H](C(=O)O)NC(=O)c1ccc(cc1)N(Cc1cnc2c(n1)c(N)nc(n2)N)C,non-penetrating,0.397,0.026643085901724817,1,0,0.10700085992898782,0.8868828087970001,0.0061163312740118575
CCC[C@H](C1(CC)C(=O)NC(=S)NC1=O)C,penetrating,0.972,0.9232718548568492,1,1,0.9995002057351676,0.00019883904070409892,0.00030095522412820763
C=C[C@H]1CN2CC[C@H]1C[C@H]2[C@@H](c1ccnc2c1cc(OC)cc2)O,non-penetrating,0.889,0.6769958070113582,1,1,0.9981364064957513,0.0014456888958868574,0.0004179046083616633
CN([C@@H]1C(=C(C(=O)N)C(=O)[C@@]2([C@H]1C[C@@H]1Cc3c(C(=O)C1=C2O)c(O)ccc3N(C)C)O)O)C,penetrating,0.3390000000000001,0.13895836671372308,1,1,0.9606582815574144,0.035632784989819435,0.0037089334527660167
CN(CCCN1c2ccccc2Sc2c1cc(Cl)cc2)C,penetrating,0.988,0.9459335832112252,1,1,0.999589533466264,0.00011950711108404018,0.000290959422651893
CCn1cc(C(=O)O)c(=O)c2c1cc(N1CCNCC1)c(c2)F,non-penetrating,0.0,0.17984014659700975,0,0,0.001920535732208578,0.9951996997330027,0.002879764534788256
NC1[C@@H]2[C@@H]1CN(C2)c1nc2c(cc1F)c(=O)c(cn2c1ccc(cc1F)F)C(=O)O,penetrating,0.18799999999999994,0.9848015677006096,0,1,0.9482715706983418,0.04335701446020006,0.008371414841458424
NC(=O)N1c2ccccc2[C@@H]2[C@@H](c3c1cccc3)O2,penetrating,0.98,0.9719262974990828,1,1,0.9996348248755893,7.904013026223984e-05,0.0002861349941484237
C#C[C@]1(O)CC[C@@H]2[C@]1(C)CC[C@H]1[C@H]2[C@H](C)CC2=C1CCC(=O)C2,penetrating,0.634,0.7063316446419937,0,1,0.9389901876882332,0.056689920672892906,0.004319891638873918
CCCC(C)C,penetrating,1.0,0.9791557779854106,1,1,0.9996831621130075,3.7092160672095904e-05,0.00027974572632039063
Clc1ccc2c(c1)[C@H]1CCNC[C@@H]1c1c(O2)cccc1,penetrating,0.882,0.9660529884010198,1,1,0.9994339565809317,0.0002533747846910526,0.00031266863437717785
CC#C[C@]1(O)CC[C@@H]2[C@]1(C)C[C@H](c1ccc(cc1)N(C)C)C1=C3CCC(=O)C=C3CC[C@@H]21,non-penetrating,0.718,0.3630584628693071,1,0,0.4560294510578519,0.5383269283245792,0.005643620617572731
CC[C@@H](c1ccccc1)NC(=O)c1c(O)c(nc2c1cccc2)c1ccccc1,penetrating,0.39,0.15915836917061177,0,1,0.62333524075235,0.35728488629493166,0.019379872952719035
COc1ccc(cc1OC)CCN(CCC[C@@](c1ccc(c(c1)OC)OC)(C(C)C)C#N)C,penetrating,0.39,0.9672289386916778,1,1,0.9977759289034384,0.001460955376176596,0.0007631157203850103
CCCNC(=O)c1ccc2c(c1)N([C@H](CN1CCCC1)C)c1c(S2)cccc1,penetrating,0.96,0.9779282227588408,1,1,0.9996153359059302,9.530846801970202e-05,0.0002893556260500363
O=C(N([C@H]1CCCC[C@H]1N1CCCC1)C)Cc1ccc(c(c1)Cl)Cl,penetrating,0.884,0.980987597028573,1,1,0.9994887785041284,0.00020318840583261,0.00030803309003857304
Fc1ccc2c(c1)onc2C1CCN(CC1)CCc1c(C)nc2n(c1=O)CCCC2,penetrating,0.872,0.6933946729056786,1,1,0.9981213649209123,0.0014625364521017542,0.0004160986269858835
CCn1ccc(=O)c(c1C)O,penetrating,0.847,0.9531050087764236,1,1,0.999307519832893,0.0003660300867879257,0.00032645008031895184
OCCN1CCN(CC1)CC/C=C/1\c2ccccc2Sc2c1cc(cc2)C(F)(F)F,penetrating,0.86,0.92831652849816,1,1,0.9992409803726792,0.0004290768975878411,0.00032994272973296823
CSc1ccc(cc1)CC(=O)N1CCN(C[C@@H]1CN1CC[C@H](C1)O)C(=O)C,non-penetrating,0.0,0.10061781008689508,0,0,0.0010026155712280537,0.9963103030493105,0.00268708137946127
Clc1cc2NCNS(=O)(=O)c2cc1S(=O)(=O)N,non-penetrating,0.20499999999999996,0.017663011373508453,0,1,0.38599449956211584,0.5902089719438742,0.023796528494010927
CC[C@@H](c1ccccc1)NC(=O)c1c(OCC(=O)O)c(nc2c1cccc2)c1ccccc1,non-penetrating,0.29500000000000004,0.05972046885037963,0,0,0.0034424413669707343,0.9932957371150966,0.0032618215179327156
O[C@H]1CCN(C1)C[C@H]1CN(CCN1C(=O)Cc1cccc(c1)N(=O)=O)C(=O)C,non-penetrating,0.129,0.10908029788370621,0,0,0.002446983716155636,0.9945826958861937,0.0029703203976505417
Clc1cccc(c1NC1=NCCN1)Cl,penetrating,0.7,0.9134186293176402,1,1,0.9986394263161198,0.0009693928007286886,0.00039118088315137634
CSCc1cnc(c(c1CNCC)O)C,penetrating,0.545,0.7755041146506768,1,1,0.9962431546898902,0.0032205289149422472,0.000536316395167491
OC[C@H]1O[C@H](CC1O)n1cnc2c1nc(Cl)nc2N,penetrating,0.9,0.509900957975976,1,1,0.9969892847295083,0.002493714644306952,0.0005170006261849824
CN1CCN2[C@@H](C1)c1ccccc1Cc1c2nccc1,penetrating,0.968,0.9818737300619746,1,1,0.9996381656043263,7.538276969929923e-05,0.0002864516259744043
CN1C[C@@H](C[C@H]2[C@H]1Cc1c[nH]c3c1c2ccc3)C(=O)NC1(C)O[C@@]2(N(C1=O)[C@@H](Cc1ccccc1)C(=O)N1[C@H]2CCC1)O,non-penetrating,0.38,0.015918898116682012,1,0,0.09906966017743651,0.8949113219289522,0.006019017893612366
NC(=O)NO,penetrating,0.913,0.9366639052087354,1,1,0.9994037039639742,0.00028385850491895447,0.00031243753110687944
Fc1ccc(cc1)C(=O)CCCN1CCC(CC1)(O)c1ccc(cc1)Cl,penetrating,0.7070000000000001,0.7831411540470781,1,1,0.9976733040685244,0.001885012567120803,0.0004416833643547946
ClCC(F)(F)F,penetrating,0.962,0.9998370201194,1,1,0.9996716225505545,4.495835098699915e-05,0.00028341909845841506
CN1CC[C@]2([C@H](C1)c1cccc(c1Oc1c2cccc1)C)O,penetrating,0.976,0.9226800896265978,1,1,0.9995077306298299,0.00019213661840870912,0.0003001327517615504
CN1C(=O)C[NH+]=C(c2c1ccc(c2)[N+](=O)[O-])c1ccccc1F,penetrating,0.973,0.9512920992939174,1,1,0.9995731067165518,0.00013376799547453204,0.0002931252879736501
Cc1ccccc1,penetrating,0.938,0.9737134591568014,1,1,0.999565998712307,0.00013816223523554618,0.00029583905245744724
Nc1ccn(c(=O)n1)[C@H]1CC[C@H](O1)CO,penetrating,0.7879999999999999,0.5381110476133861,1,1,0.9959358957723481,0.003514672834618232,0.0005494313930336503
CCCOC(=O)N1CCN([C@H](C1)CN1CCCC1)C(=O)Cc1ccc(c(c1)Cl)Cl,penetrating,0.925,0.7173520985826403,1,1,0.9985826631154155,0.0010308592409303387,0.0003864776436538486
COc1ccc(cc1)CN(c1ccccn1)CCN(C)C,penetrating,0.787,0.8694558595832619,1,1,0.998713265255319,0.0009132927594551224,0.0003734419852257087
NCCc1nccs1,penetrating,0.897,0.41834652406724593,0,1,0.9369104300536357,0.055931899579316484,0.0071576703670481745
O=C1NC(=O)[C@]2(N1)CCN([C@H](C2)CN1CCCC1)C(=O)Cc1ccc(c(c1)Cl)Cl,non-penetrating,0.44100000000000006,0.20041210446642643,1,1,0.9737734335901181,0.02334287242851219,0.0028836939813694507
OCC(=O)[C@@]1(O)C[C@H](O[C@H]2C[C@H](N)[C@@H]([C@@H](O2)C)O)c2c(C1)c(O)c1c(c2O)C(=O)c2c(C1=O)cccc2OC,non-penetrating,0.0,0.0575350197277148,0,0,0.000553184509033045,0.9968540754266293,0.0025927400643373172
CC[C@@H](c1ccccc1)NC(=O)c1c(OCCCN(C)C)c(nc2c1cccc2)c1ccccc1,penetrating,0.397,0.2773910491630842,1,0,0.22141681576493502,0.7719029397529159,0.006680244482152126
Clc1cc2N=CNS(=O)(=O)c2cc1S(=O)(=O)N,non-penetrating,0.363,0.022671674744540016,0,1,0.48238232801753456,0.4944995248781391,0.023118147104327025
CN(CCc1ccccn1)C,penetrating,0.967,0.9146119458137936,1,1,0.9994656329011854,0.0002297343292761569,0.00030463276953840435
CN1CCN(CC1)c1c(F)cc2c3c1OC[C@@H](n3cc(c2=O)C(=O)O)C,penetrating,0.3490000000000001,0.3266812891324671,0,1,0.7139840775417602,0.2693417581280722,0.016674164330167884
CN1CC[C@H]2[C@H](C1)c1ccccc1Oc1c2cc(Cl)cc1,penetrating,0.968,0.977754261011482,1,1,0.9996283232867893,8.418790894752633e-05,0.00028748880426310297
CN(CCCN1c2ccccc2CCc2c1cccc2)C,penetrating,1.0,0.9945924394369734,1,1,0.9997145018581947,9.494015756694822e-06,0.00027600412604866786
CN(Cc1ccc(o1)CSCCNC1=NCC(=CN1)Cc1ccc(nc1)C)C,non-penetrating,0.22199999999999998,0.7310599272308824,0,0,0.03702887049524263,0.9580688143757287,0.004902315129028993
CN(Cc1ccc(o1)CSCCNc1[nH]cc(c1N(=O)=O)Cc1ccccc1)C,penetrating,0.394,0.6655381208091794,0,1,0.8808241683745199,0.11107090112409179,0.008104930501389274
OCCOCCN1CCN(CC1)[C@@H](c1ccc(cc1)Cl)c1ccccc1,penetrating,0.29599999999999993,0.6815546743363855,1,1,0.9908708734914314,0.00798156713775803,0.001147559370810125
NC(=O)N1c2ccccc2C=Cc2c1cccc2,penetrating,0.972,0.9964334860682168,1,1,0.9996782462539505,3.983971887135897e-05,0.0002819140271780318
Clc1ccc2c(c1)[nH]c(=O)n2C1CCN(CC1)CCCn1c(=O)[nH]c2c1cccc2,penetrating,0.536,0.29698587788386255,1,1,0.9840354587955414,0.01444998171586608,0.0015145594885924707
CN(CCCN1c2ccccc2CCc2c1cc(Cl)cc2)C,penetrating,0.95,0.9936333947432242,1,1,0.9996385034862059,7.368781936085328e-05,0.00028780869443334467
O=c1cc(n(n1c1ccccc1)C)C,penetrating,0.953,0.9568553294473601,1,1,0.9995484891325974,0.0001549717325357541,0.00029653913486671346
O[C@H]1CCN(C1)C[C@H]1CN(CCN1C(=O)Cc1ccc(cc1)S(=O)(=O)C)C(=O)C,non-penetrating,0.0,0.032490761735485596,0,0,0.0003061422586527195,0.9971529749978596,0.0025408827434876334
CN1CCN(CC1)c1c(F)cc2c3c1SCCn3cc(c2=O)C(=O)O,non-penetrating,0.21999999999999997,0.3124662801169009,0,0,0.008687275133604299,0.9874651045008722,0.003847620365523193
CC([C@@H](N(C(=O)Cc1ccc(c(c1)Cl)Cl)C)CN1CCCC1)C,penetrating,0.978,0.9320629356116708,1,1,0.9995357778435894,0.00016715532646515858,0.00029706682994534717
Cc1cc(nc(c1C)C)C(SC(CNc1[nH]ccc1[N+](=O)[O-])(C)C)(C)C,penetrating,0.755,0.9182181029139362,1,1,0.9988726755919273,0.000759308704279435,0.00036801570379330073
CCc1nccc(c1)C(=S)N,penetrating,0.967,0.6949202319434821,1,1,0.9987200355053889,0.0008970482301305214,0.00038291626448028193
OCc1ncc2n1-c1ccc(cc1C(=NC2)c1ccccc1F)Cl,penetrating,0.812,0.7121124706833566,1,1,0.9978332597021755,0.0017365285477964985,0.0004302117500278868
CN1Cc2c(ncn2-c2c(C1=O)scc2)C(=O)OC(C)(C)C,penetrating,0.882,0.9830710923966413,1,1,0.999492019580102,0.00019996176673281777,0.0003080186531650986
COc1ccc2c(c1)nc([nH]2)[S@](=O)Cc1ncc(c(c1C)OC)C,non-penetrating,0.7559999999999999,0.658286113634722,0,0,0.11012013941371175,0.8844909190354445,0.005388941550844101
OC[C@H]1O[C@H](C[C@@H]1N=[N+]=N)N1[CH+][C](C)C(=O)NC1=O,penetrating,0.898,0.9068608989219864,1,1,0.9992628948569163,0.0004117298301193766,0.00032537531296428224
CN1Cc2c(ncn2-c2c(C1=O)c(Cl)ccc2)c1noc(n1)C(O)(C)C,non-penetrating,0.529,0.7718488102338064,1,0,0.6322464518136275,0.36390899766313767,0.003844550523228407
CNC[C@@H](c1ccc(c(c1)O)O)O,non-penetrating,0.43100000000000005,0.7648957257516271,1,0,0.5710556575656341,0.4233333359667091,0.005611006467656998
COC(=O)N1CCN([C@H](C1)CN1CCCC1)C(=O)Cc1ccc(c(c1)Cl)Cl,penetrating,0.923,0.7699845213457015,1,1,0.9988133660106981,0.0008213922351407666,0.00036524175416097204
O=C(N1CCc2c([C@H]1CN1CCCC1)ccs2)Cc1ccc(c(c1)Cl)Cl,penetrating,1.0,0.8992866564807191,1,1,0.9995064153664365,0.00019273740590519098,0.0003008472276582186
O[C@@H](COc1cccc2c1cccc2)CNC(C)C,penetrating,0.598,0.7425349960245763,1,1,0.9963376366068266,0.003141458386507829,0.0005209050066655729
COc1cccnc1CCCCNc1[nH]cc(c(=O)n1)Cc1ccc(nc1)C,non-penetrating,0.16099999999999992,0.3910645854828976,0,0,0.009438914124378162,0.9865668629669027,0.003994222908719052
Clc1ccc2c(c1)C(=N[C@H](C(=O)N2C)O)c1ccccc1,penetrating,0.957,0.9431491420874928,1,1,0.9995199864054374,0.00018079057824672045,0.0002992230163159082
CNC(=O)Oc1ccc2c(c1)[C@]1(C)CCN([C@@H]1N2C)C,penetrating,0.952,0.9312199067176752,1,1,0.9994765097944227,0.0002197320902198674,0.00030375811535710007
O[C@@H](c1cc(nc2c1cccc2C(F)(F)F)C(F)(F)F)[C@H]1CCCCN1,penetrating,0.748,0.8692270071857653,1,1,0.9985464903669691,0.0010653196015385181,0.00038819003149237474
OCC(CO)(CO)N,non-penetrating,0.48,0.7318927325860397,1,1,0.9948291847011242,0.004303416308448255,0.000867398990427426
O=C(N1CCCC[C@H]1CN1CCCC1)Cc1ccc(c(c1)Cl)Cl,penetrating,0.871,0.9770797829440072,1,1,0.9994502350048058,0.00023706899254210813,0.00031269600265204645
CN([C@@H]1C(=C(C(=O)N)C(=O)[C@@]2([C@H]1[C@@H](O)[C@@H]1[C@@H](C)c3cccc(c3C(=O)C1=C2O)O)O)O)C,penetrating,0.257,0.3142250936060703,1,0,0.18692791683033697,0.806690152873192,0.006381930296471244
CC/C(=C(/c1ccccc1)\c1ccc(cc1)OCCN(C)C)/c1ccccc1,penetrating,0.588,0.9027494905734312,1,1,0.998036134504398,0.0015156352548949853,0.0004482302407066152
OC[C@H]1O[C@@H](Oc2c3cc4cc2Oc2ccc(cc2Cl)[C@@H](O)[C@@H]2NC(=O)[C@H](NC(=O)[C@@H]4NC(=O)[C@H](CC(=O)N)NC(=O)[C@@H]([C@@H](c4ccc(O3)c(Cl)c4)O)NC(=O)[C@@H](CC(C)C)NC)c3ccc(c(-c4c(O)cc(cc4[C@H](NC2=O)C(=O)O)O)c3)O)[C@@H]([C@H]([C@@H]1O)O)O[C@H]1O[C@@H](C)[C@@H]([C@@](C1)(C)N)O,non-penetrating,0.11499999999999999,0.046016932469377436,0,0,0.0013455311000511805,0.995864098701764,0.0027903701981846487
CCn1cc(C(=O)O)c(=O)c2c1nc(C)cc2,non-penetrating,0.42799999999999994,0.49880563516982024,0,0,0.02646464452834895,0.9678713714160962,0.005663984055555411
CN1CCN(CC1)c1c(F)c(C(=O)O)c2c3c1OC[C@H](n3ccc2=O)C,penetrating,0.5870000000000001,0.41897574814076477,0,1,0.8503054996355659,0.14075015462754636,0.008944345736887849
O=C1CC(=O)N(c2c(N1)ccc(c2)Cl)c1ccccc1,penetrating,0.835,0.9675504675008764,1,1,0.9993381505466796,0.00033598956087475904,0.0003258598924456013
CN(Cc1ccc(o1)CSCCNc1[nH]cc(c(=O)n1)Cc1ccc(nc1)C)C,non-penetrating,0.0,0.31526703551576096,0,0,0.0038371330360529093,0.9928807841974713,0.003282082766475681
CC[C@@H](c1ccccc1)NC(=O)c1c(Cn2ccnc2)c(nc2c1cccc2)c1ccccc1,non-penetrating,0.478,0.10037297197838613,0,0,0.007572028681668431,0.9884220339553866,0.004005937362944298
CCc1c(O)c(=O)ccn1CC,penetrating,0.624,0.9468396432445068,1,1,0.9985876819188274,0.0009996766876568016,0.0004126413935157114
CCCN(CCC)CCc1ccc(c2c1CC(=O)N2)O,penetrating,0.865,0.9307069934260838,1,1,0.9992637105944836,0.0004085527441841998,0.0003277366613322341
OC(=O)[C@H](Cc1ccc(c(c1)O)O)N,penetrating,0.0,0.4176403504524897,1,1,0.95886067017272,0.03721073352973575,0.003928596297545273
OC[C@H]1O[C@H]([C@@H]([C@@H]1O)O)n1ncc(n1)C(=O)N,penetrating,0.574,0.7795921652399748,1,1,0.9965787579878372,0.0029060951073897586,0.0005151469047728341
CN(Cc1ccc(o1)CSCCNc1[nH]cc(c(=O)n1)Cc1ccc2c(c1)cccc2)C,non-penetrating,0.391,0.5059320460213831,0,0,0.026517100041200718,0.9697137823902893,0.003769117568510151
OC(=O)COCCN1CCN(CC1)[C@@H](c1ccc(cc1)Cl)c1ccccc1,non-penetrating,0.7709999999999999,0.4029890876049399,1,1,0.99380648357158,0.005204611194780088,0.0009889052336405912
Cn1ccc(=O)c(c1C)O,penetrating,0.7509999999999999,0.9334191233581526,1,1,0.998946229060941,0.0006893964198559304,0.0003643745192026815
OCCN1CCN(CC1)CCCN1c2ccccc2Sc2c1cc(cc2)C(F)(F)F,penetrating,0.911,0.9603442575943976,1,1,0.999474892039829,0.0002187401222642618,0.00030636783790671807
CCC1(C(=O)NC(=O)NC1=O)c1ccccc1,penetrating,0.763,0.9480270912520424,1,1,0.9990630465333167,0.0005816525081834282,0.00035530095849967136
CN([C@@H]1C(=C(C(=O)N)C(=O)[C@@]2([C@H]1C[C@H]1C(=C2O)C(=O)c2c([C@H]1O)c(Cl)ccc2O)O)O)C,non-penetrating,0.605,0.06960405499729438,1,0,0.1954955041667214,0.7993185652516342,0.005185930581643516
OCCOCn1cnc2c1nc(N)[nH]c2=O,penetrating,0.856,0.6412911366146453,1,1,0.9976447285533817,0.0019057584715314296,0.0004495129750866633
FC(O[C@@H](C(F)(F)F)Cl)F,penetrating,0.984,0.99754118495627,1,1,0.999697972206956,2.3137639472321045e-05,0.0002788901535716315
ClCCN(c1ccc(cc1)CCCC(=O)O)CCCl,non-penetrating,0.623,0.4212513027815332,1,1,0.9909363171037259,0.00793917004750487,0.0011245128487689104
OC[C@@H]1CC[C@@H](O1)n1cnc2c1ncnc2O,non-penetrating,0.8809999999999999,0.6343210172632341,1,1,0.9977979391542677,0.0017586248053253761,0.00044343604040653073
COc1ccc2c3c1O[C@@H]1[C@@]43CCN([C@H](C2)[C@@H]4C=C[C@@H]1O)C,penetrating,0.959,0.7487827646187306,1,1,0.998897918710718,0.0007394726199263647,0.0003626086693556685
Clc1ccc2-n3c(C)ncc3[C@H](N=C(c2c1)c1ccccc1F)O,penetrating,0.949,0.9137654177545488,1,1,0.9994195150812248,0.0002710140730911426,0.00030947084568389016
CN(CCCN1c2ccccc2Sc2c1cccc2)C,penetrating,1.0,0.9565419250444691,1,1,0.9996356858979287,7.890026906458422e-05,0.00028541383300650924
C1CCCCC1,penetrating,0.852,0.9898100299983654,1,1,0.9994596052574073,0.0002257921645520098,0.00031460257804061253
OC[C@H]1O[C@H]([C@@H]([C@@H]1O)O)n1ccc(nc1=O)N,penetrating,0.5920000000000001,0.7986101302814725,1,1,0.9969673967376368,0.002538429312648074,0.000494173949714849
CSc1ccc2c(c1)N(CC[C@@H]1CCCCN1)c1c(S2)cccc1,non-penetrating,0.915,0.923846138585474,1,1,0.9993665738373776,0.0003178416418061952,0.00031558452081614785
CCO,penetrating,0.7040000000000001,0.9986733406085734,1,1,0.9991895664767705,0.0004494504378851317,0.00036098308534460166
Oc1ncnc2c1cn[nH]2,penetrating,0.863,0.8237149029870826,1,1,0.9987896128168905,0.0008464044844352679,0.0003639826986741035
CN(CCOC(c1ccccc1)c1ccccc1)C,penetrating,0.89,0.9286681284783432,1,0,0.9100215701663469,0.08676278482787517,0.0032156450057736485
CO[C@@H]([C@@H]1Cc2cc3cc(O[C@@H]4O[C@H](C)[C@@H]([C@@H](C4)O[C@H]4C[C@@H](O)[C@@H]([C@H](O4)C)O)O)c(c(c3c(c2C(=O)[C@H]1OC1O[C@H](C)[C@H]([C@@H](C1)O[C@@H]1O[C@H](C)[C@H]([C@@H](C1)O[C@@H]1O[C@H](C)[C@H]([C@@](C1)(C)O)O)O)O)O)O)C)C(=O)[C@H]([C@H](O)C)O,penetrating,0.20700000000000007,0.46080002882213433,0,0,0.013478395344523693,0.9820384750426598,0.00448312961281677
CCCCC,penetrating,1.0,0.9838690727668288,1,1,0.9996928208571607,2.8586557986066393e-05,0.0002785925848530768
ClCCN(c1ccc(cc1)CCCC(=O)OC(C)(C)C)CCCl,penetrating,0.387,0.9195343284569298,0,1,0.9518047574463604,0.04146017823569042,0.006735064317948125
C1CCN(CC1)Cc1cccc(c1)OCCCNc1nc2c(s1)cccc2,penetrating,0.91,0.9486777369553708,1,1,0.9994357338786088,0.00025440841385808275,0.0003098577075328901
CSc1ccc2c(c1)N(CC[C@@H]1CCCCN1C)c1c(S2)cccc1,penetrating,0.8809999999999999,0.9370875481716896,1,1,0.999328535888365,0.00035026445989313104,0.0003211996517417104
O[C@@H]1CCN(C1)C[C@H](N(C(=O)Cc1ccccc1N)C)c1ccccc1,non-penetrating,0.623,0.14421468330185738,1,0,0.2503476686723689,0.7443496412498779,0.005302690077750971
CC[C@@H](NCCN[C@@H](CO)CC)CO,non-penetrating,0.5579999999999999,0.5681399500990402,1,1,0.9928265179357958,0.006497287277857933,0.0006761947863461737
CN(CCO[C@](c1ccccn1)(c1ccccc1)C)C,penetrating,0.911,0.8997072965388091,1,1,0.9992738761197646,0.00040223862832879705,0.0003238852519065194
OC[C@H]1O[C@@H](O)[C@@H]([C@H]([C@@H]1O)O)NC(=O)N(N=O)C,non-penetrating,0.46399999999999997,0.8093902986015238,1,0,0.6284337591494777,0.3658971431752416,0.005669097675281232
O=C1CCCN1CCCCN1CCN(CC1)c1nccc(c1)C(F)(F)F,penetrating,0.934,0.9087921057690808,1,1,0.9993664076599388,0.0003187248718033496,0.0003148674682575958
O[C@@H](COc1ccc(cc1)CC(=O)N)CNC(C)C,non-penetrating,0.802,0.37787563998189255,1,0,0.5308163736783256,0.4632889658402213,0.005894660481451486
C1CCN(CC1)Cc1cccc(c1)OCCCNc1nccs1,penetrating,0.978,0.9759856770907538,1,1,0.9996407918433516,7.362899445259997e-05,0.0002855791621957371
Cc1c(O)c(=O)ccn1CCCO,non-penetrating,0.65,0.6049792431573724,1,1,0.9950228690788613,0.004398817660259612,0.0005783132608783159
CCCC(C(=O)[O-])CCC,penetrating,0.868,0.9527051191419434,1,1,0.9993552841917159,0.0003243165064183149,0.00032039930186567034
FC(c1ccc(nc1Cl)N1CCNCC1)(F)F,penetrating,0.7709999999999999,0.9790910542661488,1,1,0.9992428790140435,0.00041420666441705867,0.00034291432153932266
[O-][N+](=O)c1cc[nH]c1NCCSCc1ccccn1,penetrating,0.593,0.7825187898654473,1,1,0.9967864328818334,0.0027116207696252386,0.0005019463485411713
NS(=O)(=O)Cc1noc2c1cccc2,penetrating,0.677,0.3904552549505016,1,1,0.9915500918964608,0.0073414718745402835,0.0011084362289982552
CN1CCN2[C@@H](C1)c1ccccc1Cc1c2cccc1,penetrating,0.975,0.984909254909154,1,1,0.9996564385132152,5.9510772340961074e-05,0.00028405071444370655
CN/C(=C\[N+](=O)[O-])/NCCS[CH2+]c1ccc(o1)CN(C)C,non-penetrating,0.6559999999999999,0.7916433361774889,0,0,0.12810251966061906,0.865922305302506,0.005975175036875419
Clc1ccc(cc1)Nc1cc2-c(c/c/1=N/C(C)C)n(c1c(n2)cccc1)c1ccc(cc1)Cl,non-penetrating,0.43799999999999994,0.3988171691750466,1,0,0.3034056243907107,0.689503350879779,0.007091024729509288
CC(NC[C@H](c1ccc(cc1)NS(=O)(=O)C)O)C,penetrating,0.41100000000000003,0.3982696438483544,0,1,0.7766922602064201,0.20836442379794162,0.014943315995639028
CCOC(=O)c1ncn2-c3ccc(cc3C(=O)N(Cc12)C)F,penetrating,0.544,0.9755345889550222,1,0,0.822564541663369,0.17341616975224527,0.00401928858438827
OCCn1ccc(=O)c(c1CC)O,non-penetrating,0.7090000000000001,0.6634231403971056,1,1,0.9965050123581829,0.002990493423415908,0.0005044942184010415
NCCc1scc(n1)c1ccccc1,non-penetrating,0.481,0.45866025955867507,1,0,0.35920446041333515,0.6334745229948511,0.007321016591811724
O[C@@H]1CCN(C1)C[C@H]1CN(CCN1C(=O)Cc1ccc(c(c1)Cl)Cl)C(=O)C,non-penetrating,0.21799999999999997,0.07467719669567985,0,0,0.00285100100045319,0.9940539749242027,0.0030950240753441494
CNCCCN1c2ccccc2Sc2c1cccc2,penetrating,0.923,0.9316147889898656,1,1,0.9994109832645864,0.0002778242190802298,0.0003111925163332696
CCOC(=O)N1CCN([C@H](C1)CN1CCCC1)C(=O)Cc1ccc(c(c1)Cl)Cl,penetrating,0.797,0.7123263321158345,1,1,0.9977270534947666,0.0018366712026957807,0.0004362753025378696
O=C(N1CCC(C[C@@H]1CN1CCCC1)(C)C)Cc1ccc(c(c1)Cl)Cl,penetrating,0.856,0.9768411058966197,1,1,0.9994192759556657,0.0002636955546611018,0.00031702848967307684
F[C@H](CC(F)(F)F)Br,penetrating,0.987,0.9994426862598571,1,1,0.9997062496254159,1.599672386313461e-05,0.0002777536507209133
Cc1c(O)c(=O)ccn1CCCC,penetrating,0.928,0.9518894336374109,1,1,0.9994841658313236,0.00021161648106749893,0.00030421768760879875
O=C(N1CCN(C[C@@H]1CN1CCCC1)C(=O)C)Cc1ccc(c(c1)Cl)Cl,penetrating,0.619,0.6763293824119263,1,1,0.9956762055693733,0.003775588187246209,0.000548206243380922
CCCN(S(=O)(=O)c1ccc(cc1)C(=O)O)CCC,non-penetrating,0.33599999999999997,0.5242654606785525,0,0,0.024746760975621528,0.9715628528595177,0.0036903861648612604
Fc1cc2c(cc1N1CCNCC1)n(cc(c2=O)C(=O)O)C1CC1,non-penetrating,0.14300000000000002,0.11950759792832,0,0,0.0027888300104466947,0.994182407926614,0.0030287620629392015
COc1c(OC)cc2c(-c3ccc(c(=O)cc3[C@H](CC2)NC(=O)C)OC)c1OC,non-penetrating,0.5870000000000001,0.8580283843986544,1,0,0.7392596370720631,0.2569181636952443,0.003822199232691781
OCC(=O)[C@H]1CC[C@@H]2[C@]1(C)C[C@@H](O)[C@H]1[C@H]2CCC2=CC(=O)CC[C@]12C,non-penetrating,0.32200000000000006,0.34152150174352647,1,0,0.22373132201552187,0.7696291669380574,0.006639511046419994
CN(/N=N/c1[nH]cnc1C(=O)N)C,penetrating,0.777,0.9611225549839514,1,1,0.9991688944520106,0.00048475878408582807,0.0003463467639035489
CCOC(=O)[C@@H](N[C@H](C(=O)N1CCC[C@H]1C(=O)O)C)CCc1ccccc1,non-penetrating,0.55,0.3706194989067937,1,0,0.3476402700100473,0.647193105211194,0.005166624778756013
O=C(N1CCc2c([C@H]1CN1CCCC1)cco2)Cc1ccc(c(c1)Cl)Cl,penetrating,1.0,0.7444615681569233,1,1,0.9990748452320554,0.0005727830967267786,0.00035237167121782154
C=CC[C@@H](c1ccccc1c1noc2c1cccc2)N,penetrating,1.0,0.8275641077984793,1,1,0.999323322091071,0.00035397147837136684,0.00032270643055754
COCCc1ccc(cc1)OC[C@@H](CNC(C)C)O,penetrating,0.43299999999999994,0.8607285853207549,1,1,0.9965111865590042,0.0026887418189975184,0.000800071621998022
C/C(=C/CN1CC[C@@]2([C@H]([C@H]1Cc1c2cc(cc1)O)C)C)/C,penetrating,0.958,0.9753299058955616,1,1,0.9996054320155511,0.0001040674335415722,0.0002905005509072911
CCC(C)(C)C,penetrating,1.0,0.9751396907978724,1,1,0.9996748688103442,4.4395339666222704e-05,0.00028073584998966616
CCn1cc(C(=O)O)c(=O)c2c1c(F)c(N1CCN[C@@H](C1)C)c(c2)F,non-penetrating,0.237,0.13079623727806644,0,0,0.004281303852515222,0.9924242631121173,0.0032944330353675087
CN1CCN(CC1)CCCN1c2ccccc2Sc2c1cc(cc2)C(F)(F)F,penetrating,0.97,0.9843561168633608,1,1,0.9996472487390078,6.739216542757071e-05,0.0002853590955645968
NCCCN1c2ccccc2Sc2c1cc(Cl)cc2,penetrating,0.884,0.8969337398710725,1,1,0.9991849524540506,0.0004825457597048759,0.0003325017862444435
CNCCCN1c2ccccc2Sc2c1cc(Cl)cc2,penetrating,0.944,0.9426183454581004,1,1,0.9994910474386455,0.00020630971015479045,0.00030264285119974144
Cc1ccccc1C,penetrating,1.0,0.9797403281306156,1,1,0.999684364346587,3.603345976828231e-05,0.00027960219364442374
Cn1cnc2c1c(=O)[nH]c(=O)n2C,penetrating,0.942,0.9856982480686296,1,1,0.9996052167870513,0.00010302564920720247,0.000291757563741446
OCCN1CCN([C@H](C1)CN1CC[C@H](C1)O)C(=O)Cc1ccc(c(c1)Cl)Cl,non-penetrating,0.245,0.07648549803683857,1,0,0.09383828301982954,0.9005238654030729,0.005637851577094358
O=C1Nc2ccc(cc2C(=N[C@@H]1O)c1ccccc1)Cl,penetrating,0.85,0.908096193284808,1,1,0.9991283518828473,0.0005323973072010081,0.0003392508099515634
COc1cc(cc(c1O)OC)[C@H]1[C@H]2C(=O)OC[C@@H]2[C@@H](c2c1cc1OCOc1c2)O[C@@H]1O[C@@H]2CO[C@H](O[C@H]2[C@@H]([C@H]1O)O)C,non-penetrating,0.8440000000000001,0.6168374387540039,1,0,0.720846842294003,0.27542228493910426,0.0037308727668929897
OC[C@@H](c1ccccc1)C(=O)OC1C[C@@H]2CC[C@H](C1)N2C,penetrating,0.45499999999999996,0.7357457879950979,1,1,0.9946176536585283,0.004494521236871141,0.0008878251046005037
COc1cc(cc(c1O)O)[C@@H]1[C@H]2C(=O)OC[C@@H]2[C@H](c2c1cc1OCOc1c2)O[C@H]1O[C@H]2CO[C@@H](O[C@@H]2[C@H]([C@@H]1O)O)c1cccs1,penetrating,0.09599999999999997,0.6815804785479279,0,0,0.02229920974430432,0.9736618313066022,0.004038958949093362
O=C(N1CCCC[C@H]1CN1CCCC1)Cc1ccc(cc1)C(F)(F)F,penetrating,0.858,0.9857473855215504,1,1,0.9994560690933815,0.0002299344552838337,0.0003139964513345639
O[C@H]1CC[C@@H](O)[C@@H](O)C[C@@H](O)C[C@@]2(O)C[C@@H](O)[C@@H]([C@H](O2)C[C@H](C=CC=CC=CC=CC=CC=CC=C[C@@H]([C@H]([C@H]([C@H](OC(=O)C[C@@H](C1)O)C)C)O)C)O[C@H]1O[C@@H](C)[C@@H]([C@H]([C@@H]1O)N)O)C(=O)O,non-penetrating,0.15599999999999992,0.02360827233733742,0,0,0.0013580505086134105,0.9958137558881783,0.002828193603208291
CN([C@H](CN1c2ccccc2Sc2c1cccc2)C)C,penetrating,0.937,0.9164886640358983,1,1,0.9993979080938373,0.0002902684912312984,0.00031182341493118937
Cc1cccc2c1Oc1ccccc1[C@@]1([C@@H]2CNCC1)O,penetrating,0.861,0.895988393608617,1,1,0.9991104440409995,0.0005498350598751867,0.00033972089912526204
O=C1NC(=O)[C@@](C(=O)N1C)(C)C1=CCCCC1,penetrating,0.769,0.9692700159557791,1,1,0.9991891796785342,0.0004642489929393617,0.000346571328526446
O=C(N1CCc2c([C@H]1CN1CCCC1)cccc2)Cc1ccc(c(c1)Cl)Cl,penetrating,1.0,0.9404104342110576,1,1,0.9996006260127196,0.00010977441264637303,0.0002895995746340363
C[n+]1cccc(c1)OC(=O)N(C)C,penetrating,1.0,0.9820677997875336,1,1,0.9996891390046528,3.18288402210756e-05,0.0002790321551260355
CN1CCc2c3[C@@H]1Cc1ccc(c(c1-c3ccc2)O)O,penetrating,0.682,0.8316565010294699,1,1,0.9979292506319438,0.0016392579313502318,0.0004314914367056222
C[C@@]1(CC)CC(=O)NC1=O,penetrating,0.948,0.9652328321940769,1,1,0.9995613110405214,0.00014312228216470534,0.0002955666773138965
OC[C@H]1O[C@H](O[C@H]2[C@H](N)C[C@@H]([C@H](C2O)O[C@H]2O[C@H](CN)[C@H]([C@@H]([C@H]2O)O)O)N)[C@@H]([C@H]([C@@H]1O)N)O,non-penetrating,0.736,0.13037914802353434,1,0,0.3065023166459592,0.687568259862905,0.005929423491135066
CC[C@@H](c1ccccc1)NC(=O)c1c(OCCCC(=O)O)c(nc2c1cccc2)c1ccccc1,non-penetrating,0.247,0.02155943852704245,0,0,0.0021183687924787855,0.9948435834526083,0.00303804775491318
CCC(CC)C,penetrating,1.0,0.9793341533597018,1,1,0.9996835291052119,3.676898305912324e-05,0.00027970191172888015
OC[C@@H]1C=C[C@@H](C1)n1cnc2c1nc(N)nc2NC1CC1,penetrating,0.8140000000000001,0.4540708300470253,1,1,0.9952721968837953,0.003844938401066961,0.0008828647151375435
OC[C@H]1O[C@H](CC1O)n1cnc2c1N=CNC[C@H]2O,penetrating,0.498,0.8673672671685235,1,1,0.9970518506948493,0.0022084564291036893,0.0007396928760471377
O=C1NC(=O)[C@@]2(N1)CCN([C@H](C2)CN1CCCC1)C(=O)Cc1ccc(c(c1)Cl)Cl,non-penetrating,0.516,0.20041210446642643,1,1,0.9778039437039073,0.020333315870288624,0.0018627404258038105
CCc1nc(N)nc(c1c1ccc(cc1)Cl)N,penetrating,0.813,0.6008614282868672,1,1,0.9969070708734276,0.00260047556834644,0.0004924535582259137
FCOC(C(F)(F)F)C(F)(F)F,penetrating,0.873,0.9994825255139186,1,1,0.9995312913049333,0.00016259652444952804,0.00030611217061704554
OCC(c1onc(n1)c1ncn2-c3cccc(c3C(=O)N(Cc12)C)Cl)(CO)C,non-penetrating,0.257,0.26558434843431333,1,0,0.16661077987171022,0.8271647036950972,0.006224516433191968
OC[C@H]1O[C@H]([C@@H]([C@@H]1O)O)n1cnc2c1ncnc2N,penetrating,0.611,0.8278760919420931,1,1,0.9974340462401382,0.0020969419648987934,0.00046901179496339207
CO[C@H]1CN(CCCOc2ccc(cc2)F)CC[C@@H]1NC(=O)c1cc(Cl)c(cc1OC)N,penetrating,0.63,0.3301047918014979,1,1,0.9886838745366963,0.010033840236704355,0.0012822852265998996
C=COCC(F)(F)F,penetrating,0.96,0.9998072848909244,1,1,0.9996686509199542,4.745157060235591e-05,0.0002838975094433538
COc1ccc2c(c1)c(CC(=O)O)c(n2C(=O)c1ccc(cc1)Cl)C,non-penetrating,0.43200000000000005,0.16899868845173938,1,0,0.1806243988583938,0.8128158843262778,0.006559716815330935
Cn1c(=O)n(C)c2c(c1=O)[nH]cn2,penetrating,0.949,0.9636658060689816,1,1,0.9995589931598756,0.00014527622825634377,0.00029573061186793925
Clc1ccc2c(c1)N(C(=O)CC(=O)N2C)c1ccccc1,penetrating,0.8809999999999999,0.9691254915904086,1,1,0.999442527999004,0.0002453759776824656,0.0003120960233133907
O[C@H]1CCN(C1)C[C@H]1CN(CCN1C(=O)Cc1ccc(cc1)[S@](=O)C)C(=O)C,non-penetrating,0.0,0.03088415440472625,0,0,0.0002906311950350839,0.9971717420316663,0.0025376267732983185
CN(CCCN1c2ccccc2Sc2c1cc(cc2)C(F)(F)F)C,penetrating,1.0,0.98102684567693,1,1,0.9996870059630873,3.370722148690726e-05,0.00027928681542566114
COc1ccc2c(c1)[C@]13CCCC[C@@H]3[C@@H](C2)N(CC1)C,penetrating,0.943,0.9838935631892484,1,1,0.9996021037899132,0.0001059247963596629,0.0002919714137270546
CCCCCC,penetrating,1.0,0.9865307251389568,1,1,0.9996982401635999,2.3814253567065076e-05,0.00027794558283300574
Nc1c2CCCCc2nc2c1cccc2,penetrating,0.8640000000000001,0.8848232851516725,0,1,0.9842712193870756,0.012761718784374093,0.0029670618285498884
O[C@@H](COc1cccc2c1cc[nH]2)CNC(C)C,penetrating,0.907,0.5238113720676968,1,1,0.997190036606116,0.002306515567136728,0.0005034478267470499
OC(=O)[C@@H]1CCn2c1ccc2C(=O)c1ccccc1,non-penetrating,0.614,0.3767421580814936,1,0,0.3924724799497379,0.6021887690412804,0.005338751008981124
Oc1ccc2c(c1)[C@]1(C)CCN([C@H](C2)[C@H]1C)CC1CC1,penetrating,0.97,0.9925115890760738,1,1,0.9996662709543227,5.038931608204901e-05,0.00028333972959515563
OCC(C)C,penetrating,0.877,0.9959459617603618,1,1,0.9995262344324133,0.00016781438747543096,0.00030595118011123024
O=C(c1ccc(cc1)Cl)NCCN1CCOCC1,penetrating,0.603,0.7481258239748477,1,1,0.996457923072548,0.0030273953553397073,0.0005146815721125408
CN1CCN(CC1)c1cc2c(cc1F)c(=O)c(cn2c1ccc(cc1)F)C(=O)O,non-penetrating,0.43799999999999994,0.5345708888980125,0,0,0.03226557303494485,0.9636299287466897,0.004104498218365248
C1CC1,penetrating,0.957,0.9879742324898688,1,1,0.9996353217034805,7.71377850705343e-05,0.0002875405114489693
Cn1cnc2c1c(=O)n(c(=O)[nH]2)C,penetrating,0.917,0.9814684123932286,1,1,0.9995505990924708,0.00015025361481940615,0.00029914729270974494
CN(c1c(C)n(n(c1=O)c1ccccc1)C)C,penetrating,0.904,0.9521245317544867,1,1,0.9994338186727613,0.0002556686415162404,0.0003105126857223528
OC(=O)c1ccccc1O,non-penetrating,0.5710000000000001,0.6305558970482077,1,0,0.5442983100390121,0.4519974330608415,0.003704256900143643
OC[C@@H](c1ccccc1)C(=O)OC1C[C@@H]2CC[C@H](C1)[N+]2(C)C(C)C,non-penetrating,0.624,0.00016742582092144076,1,1,0.966175139958595,0.031015715732707647,0.0028091443086962764
FCCn1cc(C(=O)O)c(=O)c2c1c(F)c(N1CCN(CC1)C)c(c2)F,non-penetrating,0.33999999999999997,0.16018335392781236,0,0,0.006822330966461224,0.9894864787819762,0.003691190251562354
Clc1ccc(cc1)C1CCC(CC1)C1=C(O)C(=O)c2c(C1=O)cccc2,non-penetrating,0.64,0.3514006509353831,1,0,0.39346315240161917,0.6011298174402598,0.00540703015812366
OC(=O)c1cc(c(cc1NCc1ccco1)Cl)S(=O)(=O)N,non-penetrating,0.0,0.01896730672116964,0,0,0.00017680874831104193,0.9973094572624409,0.0025137339892479077
Cl[C@H](C(F)(F)F)Br,penetrating,1.0,0.999546823287722,1,1,0.99972438337338,7.922383033342928e-07,0.00027482438831683
O=C1CN=C(c2c(N1)ccc(c2)Cl)c1ccccc1,penetrating,0.943,0.9596118818684144,1,1,0.999536521310198,0.00016517695246497164,0.0002983017373370256
O=C(C([C+]1CCCCC1)(c1ccccc1)O)O[C@H]1C[N+]2(C)CCC1CC2,non-penetrating,0.392,0.0006624833492617777,0,0,0.003101526997892266,0.9934972485972546,0.0034012244048531146
Clc1ccc(c(c1)Cl)[C@]1(OC[C@@H](O1)COc1ccc(cc1)N1CCN(CC1)C(=O)C)Cn1cncc1,non-penetrating,0.3440000000000001,0.03476431813177683,0,0,0.0034322550819637925,0.9932278875641365,0.0033398573538993555
O[C@H]1CCN(C1)C[C@H]1CN(CCN1C(=O)Cc1ccc(cc1)N(=O)=O)C(=O)C,non-penetrating,0.12,0.14746810732630833,0,0,0.0029774143052561587,0.993973350519504,0.0030492351752398786
S=C(N1CCC(CC1)c1c[nH]cn1)NC1CCCCC1,penetrating,0.87,0.9222614059304456,1,1,0.999243937030799,0.0004272542915509718,0.00032880867765006094
C[C@@H]1N[C@H](C)CN(C1)c1c(F)c(N)c2c(c1F)n(cc(c2=O)C(=O)O)C1CC1,non-penetrating,0.385,0.17369685434648974,0,0,0.008208082951692378,0.9879000632437146,0.0038918538045926866
