SMILES,Bel_D,Bel_Y,Pls_D,Pls_Y,Pred_D,Pred_Y,Uncertainty_D,Uncertainty_Y,True,Lazar,Jaqpot,CVAP
OC[C@](c1onc(n1)c1ncn2-c3cccc(c3C(=O)N(Cc12)C)Cl)(O)C,0.9562411748882456,0.5094824680000001,0.9730027770010332,0.9856159594839999,penetrating,penetrating,0.016761602112787655,0.47613349148399986,non-penetrating,penetrating,penetrating,non-penetrating
NCCc1nc2n(c1)cccc2,0.9744381431749596,0.631054212,0.9832471534314774,0.989150717812,penetrating,penetrating,0.008809010256517813,0.35809650581200003,non-penetrating,penetrating,penetrating,penetrating
CCCN(CCC)CCc1ccc(c2c1CC(=C)N2)O,0.9926176097256414,0.948991212,0.9985846544747887,0.9986468601280001,penetrating,penetrating,0.005967044749147332,0.04965564812800005,penetrating,penetrating,penetrating,penetrating
Fc1ccc2c(c1)onc2C1CCN(CC1)CCc1c(C)nc2n(c1=O)CCC[C@H]2O,0.9856516830461268,0.7968992119999999,0.9927076994268048,0.994104176272,penetrating,penetrating,0.007056016380677987,0.19720496427200007,penetrating,penetrating,penetrating,penetrating
Clc1ccc2-n3c(CN=C(c2c1)c1ccccc1)nnc3C,0.9930513062972486,0.960317212,0.9989505519889408,0.998985145096,penetrating,penetrating,0.005899245691692201,0.03866793309600003,penetrating,penetrating,penetrating,penetrating
CN(CC/C=C/1\c2ccccc2CCc2c1cccc2)C,0.9074770529788078,0.28592737799999995,0.9291073491690468,0.9776631820000001,penetrating,equivocal,0.02163029619023904,0.6917358040000001,penetrating,penetrating,non-penetrating,penetrating
Oc1ncnc2c1cn[nH]2,0.8875167446477663,0.2714940089999999,0.9097959071473029,0.9724063000000001,penetrating,equivocal,0.022279162499536542,0.7009122910000001,penetrating,penetrating,non-penetrating,penetrating
O=c1cc(n(n1c1ccccc1)C)C,0.9928975506498599,0.9562722119999999,0.9988208327039626,0.998864329036,penetrating,penetrating,0.005923282054102752,0.04259211703600008,penetrating,penetrating,penetrating,penetrating
CC(=O)Oc1ccccc1C(=O)O,0.5718546330661349,0.253535205,0.6621448614123874,0.8502098840000001,penetrating,equivocal,0.09029022834625244,0.5966746790000002,penetrating,non-penetrating,penetrating,non-penetrating
ClCCNC(=O)N(CCCl)N=O,0.9919155750429423,0.9311932119999999,0.9979923676962784,0.998115269464,penetrating,penetrating,0.0060767926533361605,0.06692205746400004,penetrating,penetrating,penetrating,penetrating
Cn1cnc2c1c(=O)n(C)c(=O)n2C,0.9913885643515247,0.9182492119999999,0.9975477437021188,0.9977286580720001,penetrating,penetrating,0.006159179350594179,0.07947944607200019,penetrating,penetrating,penetrating,penetrating
NC(=O)N1c2ccccc2C=Cc2c1cccc2,0.9934752580536729,0.9716432119999999,0.9993082280785193,0.999323430064,penetrating,penetrating,0.005832970024846396,0.027680218064000117,penetrating,penetrating,penetrating,penetrating
ClCCN(c1ccc(cc1)CCCC(=O)O)CCCl,0.9789604159633074,0.689302212,0.987062466901543,0.9908904690760001,penetrating,penetrating,0.008102050938235572,0.3015882570760001,non-penetrating,penetrating,penetrating,penetrating
CN(CCCN1c2ccccc2Sc2c1cc(Cl)cc2)C,0.9939482578980023,0.984587212,0.9997072846507055,0.9997100414560001,penetrating,penetrating,0.0057590267527031225,0.015122829456000075,penetrating,penetrating,penetrating,penetrating
Clc1cccc(c1NC1=NCCN1)Cl,0.983057001949221,0.7515952119999999,0.9905186404728521,0.9927510364000001,penetrating,penetrating,0.007461638523631131,0.24115582440000016,penetrating,penetrating,penetrating,penetrating
COc1ccc2c3c1O[C@@H]1[C@@]43CCN([C@H](C2)[C@@H]4C=C[C@@H]1O)C,0.9930819078044278,0.961126212,0.9989763696138408,0.999009308308,penetrating,penetrating,0.005894461809412999,0.03788309630800002,penetrating,penetrating,penetrating,penetrating
CNCCCN1c2ccccc2CCc2c1cccc2,0.9930206550780105,0.959508212,0.9989246924233847,0.9989609818840001,penetrating,penetrating,0.005904037345374147,0.03945276988400004,penetrating,penetrating,penetrating,penetrating
OC[C@@H]1CC[C@@H](O1)n1cnc2c1ncnc2O,0.8939481599609409,0.2760519149999999,0.916018251105035,0.974066368,penetrating,equivocal,0.022070091144094084,0.6980144530000001,non-penetrating,penetrating,non-penetrating,penetrating
Clc1ccc2c(c1)[nH]c(=O)n2C1CCN(CC1)CCCn1c(=O)[nH]c2c1cccc2,0.9733948289470783,0.618919212,0.982366938766541,0.9887882696320001,penetrating,penetrating,0.008972109819462726,0.36986905763200006,penetrating,penetrating,penetrating,penetrating
OCCOCCN1CCN(CC1)[C@@H](c1ccc(cc1)Cl)c1ccccc1,0.954587728984476,0.49756546800000007,0.9717211050098862,0.9852600225279999,penetrating,equivocal,0.017133376025410207,0.48769455452799987,penetrating,penetrating,penetrating,non-penetrating
CC(Cc1ccc(cc1)[C@@H](C(=O)O)C)C,0.986928932548867,0.8211692119999998,0.9937852786575392,0.9948290726319999,penetrating,penetrating,0.00685634610867214,0.17365986063200012,penetrating,penetrating,penetrating,penetrating
COc1cccnc1CCCCNc1[nH]cc(c(=O)n1)Cc1ccc(nc1)C,0.4230501145146532,0.17043025300000003,0.5224162747820078,0.8076003,equivocal,equivocal,0.09936616026735462,0.637170047,non-penetrating,non-penetrating,penetrating,non-penetrating
CN(CCCN1c2ccccc2CCc2c1cccc2)C,0.994295212,0.9942952120000003,1.0,1.0,penetrating,penetrating,0.005704787999999961,0.005704787999999739,penetrating,penetrating,penetrating,penetrating
COc1ccc2c(c1)c(CC(=O)O)c(n2C(=O)c1ccc(cc1)Cl)C,0.6909688074557423,0.177704498,0.7324527858033422,0.9311917660000002,penetrating,equivocal,0.04148397834759987,0.7534872680000002,non-penetrating,penetrating,non-penetrating,non-penetrating
CN1Cc2c(ncn2-c2c(C1=O)c(Cl)ccc2)c1noc(n1)C(C)C,0.6306208559884909,0.29114735999999997,0.7173267964132776,0.869494394,penetrating,equivocal,0.08670594042478663,0.578347034,penetrating,non-penetrating,penetrating,non-penetrating
CN(Cc1ccc(o1)CSCCNc1[nH]cc(c(=O)n1)Cc1ccc(nc1)C)C,0.30088269536895773,0.112758282,0.40770012922623,0.7780307179999999,non-penetrating,equivocal,0.10681743385727227,0.6652724359999999,non-penetrating,non-penetrating,penetrating,non-penetrating
COc1ccc(cc1)CN(c1ccccn1)CCN(C)C,0.9869702637645317,0.8219782120000002,0.9938201486335977,0.9948532358440001,penetrating,penetrating,0.006849884869066014,0.1728750238439999,penetrating,penetrating,penetrating,penetrating
CN1CCN2[C@@H](C1)c1ccccc1Cc1c2cccc1,0.9935648685016112,0.974070212,0.9993838298754649,0.9993959197000001,penetrating,penetrating,0.005818961373853737,0.02532570770000009,penetrating,penetrating,penetrating,penetrating
Clc1ccc2-n3c(CN=C(c2c1)c1ccccc1F)cnc3C,0.9930819078044278,0.961126212,0.9989763696138408,0.999009308308,penetrating,penetrating,0.005894461809412999,0.03788309630800002,penetrating,penetrating,penetrating,penetrating
CN1CCN2[C@@H](C1)c1ccccc1Cc1c2nccc1,0.9933551041367715,0.9684072119999999,0.9992068576218728,0.9992267772160001,penetrating,penetrating,0.005851753485101252,0.030819565216000155,penetrating,penetrating,penetrating,penetrating
O=C1Nc2c(C)ccnc2N(c2c1cccn2)C1CC1,0.9906054534660045,0.8996422119999999,0.9968870552275584,0.997172904196,penetrating,penetrating,0.006281601761553901,0.09753069219600008,penetrating,penetrating,penetrating,penetrating
FC(c1ccc(nc1Cl)N1CCNCC1)(F)F,0.98629947334202,0.8090342119999998,0.9932542217524961,0.994466624452,penetrating,penetrating,0.006954748410476164,0.18543241245200015,penetrating,penetrating,penetrating,penetrating
Clc1ccc2c(c1)[C@H]1CNC[C@H]1c1c(O2)cccc1,0.9175225314253868,0.29352388799999996,0.9388262709103559,0.980429962,penetrating,equivocal,0.02130373948496911,0.686906074,penetrating,penetrating,non-penetrating,penetrating
Cc1cccc2c1Oc1ccccc1[C@@]1([C@@H]2CNCC1)O,0.9898266962945038,0.881844212,0.9962300398582086,0.996641313532,penetrating,penetrating,0.006403343563704755,0.11479710153200007,penetrating,penetrating,penetrating,penetrating
C=CC[C@@H](c1ccccc1c1noc2c1cccc2)N,0.994295212,0.9942952120000003,1.0,1.0,penetrating,penetrating,0.005704787999999961,0.005704787999999739,penetrating,penetrating,penetrating,penetrating
CN1CC[C@]2([C@H](C1)c1cccc(c1Oc1c2cccc1)C)O,0.9259864317418528,0.3001075299999999,0.9470150281944838,0.982827838,penetrating,equivocal,0.021028596452631,0.682720308,penetrating,penetrating,non-penetrating,penetrating
Clc1ccc2c(c1)[C@H]1CN(C[C@H]1c1c(O2)cccc1)C,0.924698551703304,0.29909466199999996,0.9457690143412448,0.9824589339999998,penetrating,equivocal,0.02107046263794088,0.6833642719999999,penetrating,penetrating,non-penetrating,penetrating
O=C1Nc2ccc(cc2C(=N[C@@H]1O)c1ccccc1)Cl,0.9894258873032726,0.8729452119999999,0.9958918886641657,0.9963755182,penetrating,penetrating,0.006466001360893037,0.12343030620000017,penetrating,penetrating,penetrating,penetrating
CN/C(=C\[N+](=O)[O-])/NCCS[CH2+]c1ccc(o1)CN(C)C,0.7362458394740372,0.34321928199999996,0.7910996413847599,0.90261591,penetrating,equivocal,0.054853801910722644,0.559396628,non-penetrating,non-penetrating,penetrating,penetrating
Fc1ccc2c(c1)onc2C1CCN(CC1)CCc1c(C)nc2n(c1=O)CCCC2,0.9902198118810481,0.890743212,0.9965617003446127,0.9969071088640002,penetrating,penetrating,0.006341888463564538,0.1061638968640003,penetrating,penetrating,penetrating,penetrating
CCC[C@@H](C1([CH-]C)C(=O)NC(=[O-])NC1=O)C,0.9923652777343862,0.9425192119999999,0.9983717691204056,0.998453554432,penetrating,penetrating,0.006006491386019386,0.05593434243200013,penetrating,penetrating,penetrating,penetrating
CNC(=O)Oc1ccc2c(c1)[C@]1(C)CCN([C@@H]1N2C)C,0.9928666490439011,0.9554632120000001,0.9987947618942218,0.998840165824,penetrating,penetrating,0.005928112850320688,0.043376953823999975,penetrating,penetrating,penetrating,penetrating
CN(CCCN1c2ccccc2Sc2c1cccc2)C,0.994295212,0.9942952120000003,1.0,1.0,penetrating,penetrating,0.005704787999999961,0.005704787999999739,penetrating,penetrating,penetrating,penetrating
OC(=O)c1ccccc1O,0.7630727285768081,0.19755464499999997,0.7893972959910839,0.945476308,penetrating,equivocal,0.0263245674142758,0.7479216630000001,non-penetrating,penetrating,non-penetrating,penetrating
Brc1cnc(c(c1)C)CCCCNc1[nH]cc(c(=O)n1)Cc1ccc(nc1)C,0.5445506850675407,0.237057499,0.6365062443837449,0.841761432,penetrating,equivocal,0.09195555931620425,0.6047039329999999,non-penetrating,non-penetrating,penetrating,non-penetrating
Cn1c(=O)n(C)c2c(c1=O)[nH]cn2,0.9171925713782839,0.293270671,0.9385070371483598,0.9803377360000001,penetrating,equivocal,0.021314465770075897,0.6870670650000001,penetrating,penetrating,non-penetrating,penetrating
CSc1ccc2c(c1)N(CC[C@@H]1CCCCN1C)c1c(S2)cccc1,0.8939481599609409,0.2760519149999999,0.916018251105035,0.974066368,penetrating,equivocal,0.022070091144094084,0.6980144530000001,penetrating,penetrating,non-penetrating,penetrating
C#C[C@]1(O)CC[C@@H]2[C@]1(C)CC[C@H]1[C@H]2[C@H](C)CC2=C1CCC(=O)C2,0.7236155360942109,0.33412450400000004,0.778995811896559,0.897952834,penetrating,equivocal,0.055380275802348056,0.56382833,penetrating,non-penetrating,penetrating,penetrating
N#C/[NH]=C(/NCCSCc1csc(n1)NC(=[NH2])N)\NC,0.9611311940938622,0.5480374680000001,0.9767932854402397,0.9867675202239999,penetrating,penetrating,0.015662091346377527,0.43873005222399986,penetrating,penetrating,penetrating,non-penetrating
CCCC(C(=O)[O-])CCC,0.9900777368761887,0.8875072120000002,0.996441835686913,0.996810456016,penetrating,penetrating,0.006364098810724306,0.10930324401599989,penetrating,penetrating,penetrating,penetrating
C1CCN(CC1)Cc1cccc(c1)OCCCNc1nc2c(s1)cccc2,0.9915216521860756,0.921485212,0.9976600261387671,0.99782531092,penetrating,penetrating,0.006138373952691567,0.07634009892000004,penetrating,penetrating,penetrating,penetrating
OCc1ncc2n1-c1ccc(cc1C(=NC2)c1ccccc1F)Cl,0.8686144353754643,0.25857994199999995,0.8915080709307923,0.9677027739999999,penetrating,equivocal,0.022893635555327974,0.709122832,penetrating,penetrating,non-penetrating,penetrating
ClCC(F)(F)F,0.9931734152600687,0.9635532120000001,0.9990535718624575,0.9990817979440001,penetrating,penetrating,0.00588015660238872,0.03552858594399999,penetrating,penetrating,penetrating,penetrating
CCCC(C)C,0.994295212,0.9942952120000003,1.0,1.0,penetrating,penetrating,0.005704787999999961,0.005704787999999739,penetrating,penetrating,penetrating,penetrating
OCC(C)C,0.990396017161737,0.8947882119999999,0.9967103597493795,0.997027924924,penetrating,penetrating,0.0063143425876425185,0.10223971292400014,penetrating,penetrating,penetrating,penetrating
CCC(C)(C)C,0.994295212,0.9942952120000003,1.0,1.0,penetrating,penetrating,0.005704787999999961,0.005704787999999739,penetrating,penetrating,penetrating,penetrating
CCC[C@@H](CC)C,0.994295212,0.9942952120000003,1.0,1.0,penetrating,penetrating,0.005704787999999961,0.005704787999999739,penetrating,penetrating,penetrating,penetrating
CCC(CC)C,0.994295212,0.9942952120000003,1.0,1.0,penetrating,penetrating,0.005704787999999961,0.005704787999999739,penetrating,penetrating,penetrating,penetrating
Clc1ccc2-n3c(C)ncc3[C@H](N=C(c2c1)c1ccccc1F)O,0.9927736410586357,0.9530362120000001,0.9987162936912596,0.998767676188,penetrating,penetrating,0.005942652632623835,0.04573146418799989,penetrating,penetrating,penetrating,penetrating
CC(=O)Nc1ccc(cc1)O,0.9896454776195682,0.8777992119999999,0.996077150794707,0.996520497472,penetrating,penetrating,0.006431673175138819,0.11872128547200012,penetrating,penetrating,penetrating,penetrating
CN(c1c(C)n(n(c1=O)c1ccccc1)C)C,0.9913216815441127,0.9166312120000001,0.9974913165717847,0.9976803316480001,penetrating,penetrating,0.0061696350276719825,0.08104911964799999,penetrating,penetrating,penetrating,penetrating
CCC1(CCC(C)C)C(=O)NC(=O)NC1=O,0.9931734152600687,0.9635532120000001,0.9990535718624575,0.9990817979440001,penetrating,penetrating,0.00588015660238872,0.03552858594399999,penetrating,penetrating,penetrating,penetrating
O[C@@H](COc1ccc(cc1)CC(=O)N)CNC(C)C,0.8647851686752733,0.256047772,0.8878032853813862,0.9667805140000001,penetrating,equivocal,0.023018116706112868,0.710732742,non-penetrating,penetrating,non-penetrating,penetrating
c1ccccc1,0.984251280796415,0.7718202120000001,0.9915262197114275,0.9933551167000003,penetrating,penetrating,0.007274938915012519,0.22153490470000026,penetrating,penetrating,penetrating,penetrating
O=C(c1ncn2-c3cccc(c3C(=O)N3[C@H](c12)CCC3)Br)OC(C)(C)C,0.987460230182107,0.8316862119999999,0.994233519423098,0.995143194388,penetrating,penetrating,0.006773289240990965,0.1634569823880001,penetrating,penetrating,penetrating,penetrating
Fc1ccc(cc1)C(=O)CCCN1CCC(CC1)(O)c1ccc(cc1)Br,0.989572540375919,0.8761812120000002,0.9960156157079955,0.996472171048,penetrating,penetrating,0.006443075332076442,0.1202909590479998,penetrating,penetrating,penetrating,penetrating
Clc1ccc2c(c1)N(C(=O)CC(=O)N2C)c1ccccc1,0.9905358831066433,0.8980242119999998,0.9968283606857625,0.997124577772,penetrating,penetrating,0.006292477579119216,0.09910036577200021,penetrating,penetrating,penetrating,penetrating
C1CCCCC1,0.9894993440647332,0.8745632119999999,0.9959538620533407,0.996423844624,penetrating,penetrating,0.006454517988607522,0.12186063262400015,penetrating,penetrating,penetrating,penetrating
C1CC1,0.9930206550780105,0.959508212,0.9989246924233847,0.9989609818840001,penetrating,penetrating,0.005904037345374147,0.03945276988400004,penetrating,penetrating,penetrating,penetrating
NCCCN1c2ccccc2CCc2c1cccc2,0.9899346632333854,0.884271212,0.9963211285066639,0.9967138031680001,penetrating,penetrating,0.006386465273278463,0.11244259116800004,penetrating,penetrating,penetrating,penetrating
Clc1ccc2c(c1)C(=NCC(=O)N2C)c1ccccc1,0.9933249446468995,0.9675982120000002,0.9991814129144558,0.999202614004,penetrating,penetrating,0.0058564682675563695,0.03160440200399983,penetrating,penetrating,penetrating,penetrating
CCOCC,0.9934452919475902,0.970834212,0.9992829465235283,0.999299266852,penetrating,penetrating,0.0058376545759381004,0.028465054852000016,penetrating,penetrating,penetrating,penetrating
CCO,0.9832521889783556,0.7548312119999999,0.9906833142411746,0.992847689248,penetrating,penetrating,0.007431125262818972,0.23801647724800012,penetrating,penetrating,penetrating,penetrating
CCc1ccccc1,0.994295212,0.9942952120000003,1.0,1.0,penetrating,penetrating,0.005704787999999961,0.005704787999999739,penetrating,penetrating,penetrating,penetrating
CCOC(=O)c1ncn2-c3ccc(cc3C(=O)N(Cc12)C)F,0.9739560239897392,0.6253912119999999,0.9828404031296629,0.988981575328,penetrating,penetrating,0.008884379139923682,0.3635903633280001,penetrating,penetrating,penetrating,penetrating
CN1C(=O)C[NH+]=C(c2c1ccc(c2)[N+](=O)[O-])c1ccccc1F,0.9935051761044298,0.972452212,0.999333469090593,0.9993475932760001,penetrating,penetrating,0.005828292986163164,0.026895381276000108,penetrating,penetrating,penetrating,penetrating
OCCN1CCN(CC1)CCCN1c2ccccc2Sc2c1cc(cc2)C(F)(F)F,0.9915547837745017,0.9222942120000001,0.9976879783215573,0.9978494741320001,penetrating,penetrating,0.0061331945470556315,0.07555526213200003,penetrating,penetrating,penetrating,penetrating
C=COCC(F)(F)F,0.9931124597203892,0.961935212,0.999002145400035,0.99903347152,penetrating,penetrating,0.005889685679645762,0.03709825952000001,penetrating,penetrating,penetrating,penetrating
Fc1ccc(cc1)C(=O)CCCN1CCC(CC1)(O)c1ccc(cc1)Cl,0.9833975348312817,0.7572582120000001,0.9908059384207499,0.9929201788840001,penetrating,penetrating,0.00740840358946826,0.23566196688399998,penetrating,penetrating,penetrating,penetrating
Cl[C@H](C(F)(F)F)Br,0.994295212,0.9942952120000003,1.0,1.0,penetrating,penetrating,0.005704787999999961,0.005704787999999739,penetrating,penetrating,penetrating,penetrating
CCCCCCC,0.994295212,0.9942952120000003,1.0,1.0,penetrating,penetrating,0.005704787999999961,0.005704787999999739,penetrating,penetrating,penetrating,penetrating
CCCCCC,0.994295212,0.9942952120000003,1.0,1.0,penetrating,penetrating,0.005704787999999961,0.005704787999999739,penetrating,penetrating,penetrating,penetrating
O=C1NC(=O)[C@@](C(=O)N1C)(C)C1=CCCCC1,0.9862141776925686,0.807416212,0.9931822602288286,0.9944182980280001,penetrating,penetrating,0.006968082536260023,0.18700208602800006,penetrating,penetrating,penetrating,penetrating
O[C@H](CN1CCN(C[C@H]1C(=O)NC(C)(C)C)Cc1cccnc1)C[C@H](C(=O)N[C@@H]1[C@H](O)Cc2c1cccc2)Cc1ccccc1,0.30088269536895773,0.112758282,0.40770012922623,0.7780307179999999,non-penetrating,equivocal,0.10681743385727227,0.6652724359999999,penetrating,non-penetrating,penetrating,non-penetrating
FC(O[C@@H](C(F)(F)F)Cl)F,0.9285468987886092,0.30213326599999996,0.9494922600138502,0.983565646,penetrating,equivocal,0.020945361225241044,0.68143238,penetrating,penetrating,non-penetrating,penetrating
CN1CCCC[C@H]1CCN1c2ccccc2Sc2c1cc(cc2)[S@](=O)C,0.9927736410586357,0.9530362120000001,0.9987162936912596,0.998767676188,penetrating,penetrating,0.005942652632623835,0.04573146418799989,penetrating,penetrating,penetrating,penetrating
CC1CCCC1,0.994295212,0.9942952120000003,1.0,1.0,penetrating,penetrating,0.005704787999999961,0.005704787999999739,penetrating,penetrating,penetrating,penetrating
CNCCCN1c2ccccc2Sc2c1cc(Cl)cc2,0.9926176097256414,0.948991212,0.9985846544747887,0.9986468601280001,penetrating,penetrating,0.005967044749147332,0.04965564812800005,penetrating,penetrating,penetrating,penetrating
NCCCN1c2ccccc2Sc2c1cc(Cl)cc2,0.9906401485403314,0.900451212,0.9969163264791214,0.9971970674080001,penetrating,penetrating,0.006276177938789984,0.09674585540800007,penetrating,penetrating,penetrating,penetrating
CSc1ccc2c(c1)N(CC[C@@H]1CCCCN1)c1c(S2)cccc1,0.9916867528968882,0.9255302120000001,0.9977993169324371,0.9979461269800001,penetrating,penetrating,0.006112564035548829,0.07241591498,penetrating,penetrating,penetrating,penetrating
O=C1CCCN1CCCCN1CCN(CC1)c1nccc(c1)C(F)(F)F,0.9923016725912753,0.940901212,0.998318107262611,0.998405228008,penetrating,penetrating,0.006016434671335724,0.057504016008000036,penetrating,penetrating,penetrating,penetrating
Cn1cnc2c1c(=O)n(c(=O)[nH]2)C,0.9917524050840903,0.9271482120000001,0.9978547058233543,0.9979944534040001,penetrating,penetrating,0.006102300739263988,0.07084624140399998,penetrating,penetrating,penetrating,penetrating
CCCCC,0.994295212,0.9942952120000003,1.0,1.0,penetrating,penetrating,0.005704787999999961,0.005704787999999739,penetrating,penetrating,penetrating,penetrating
CCCCC1C(=O)N(N(C1=O)c1ccccc1)c1ccccc1,0.9834939392770151,0.7588762120000001,0.9908872721212132,0.992968505308,penetrating,penetrating,0.007393332844198075,0.23409229330799985,penetrating,penetrating,penetrating,penetrating
[O-]=C1NC(=O)[C@](N1)(c1[c-]cccc1)c1ccccc1,0.9757716201247555,0.647234212,0.9843721701667985,0.989633982052,penetrating,penetrating,0.008600550042042965,0.34239977005200006,penetrating,penetrating,penetrating,penetrating
CCCO,0.9897905803864411,0.881035212,0.996199569889464,0.9966171503200001,penetrating,penetrating,0.006408989503022933,0.11558193832000008,penetrating,penetrating,penetrating,penetrating
O[C@@H](COc1cccc2c1cccc2)CNC(C)C,0.9774748019254219,0.6690772119999999,0.985809096413883,0.9902863887760001,penetrating,penetrating,0.008334294488461125,0.32120917677600014,penetrating,penetrating,penetrating,penetrating
CN1Cc2c(ncn2-c2c(C1=O)scc2)C(=O)OC(C)(C)C,0.9905706983733988,0.898833212,0.9968577333402734,0.9971487409840001,penetrating,penetrating,0.0062870349668745495,0.09831552898400009,penetrating,penetrating,penetrating,penetrating
CCCN(CCC)CCc1cccc2c1CC(=O)N2,0.9930513062972486,0.960317212,0.9989505519889408,0.998985145096,penetrating,penetrating,0.005899245691692201,0.03866793309600003,penetrating,penetrating,penetrating,penetrating
CCCN(CCC)CCc1ccc(c2c1CC(=O)N2)O,0.9899705258416962,0.8850802120000001,0.9963513847735818,0.99673796638,penetrating,penetrating,0.006380858931885558,0.11165775437999992,penetrating,penetrating,penetrating,penetrating
OC(=O)CNC(=O)c1ccccc1O,0.5606976997397926,0.24672919599999998,0.6516684152668367,0.846720306,penetrating,equivocal,0.09097071552704417,0.59999111,penetrating,non-penetrating,penetrating,non-penetrating
CN1CCCC[C@H]1CCN1c2ccccc2Sc2c1cc(cc2)S(=O)(=O)C,0.9915878594988616,0.9231032119999999,0.9977158833734171,0.997873637344,penetrating,penetrating,0.006128023874555466,0.07477042534400014,penetrating,penetrating,penetrating,penetrating
F[C@H](CC(F)(F)F)Br,0.9939190470211493,0.9837782119999999,0.9996826402612258,0.999685878244,penetrating,penetrating,0.00576359324007647,0.015907666244000085,penetrating,penetrating,penetrating,penetrating
Cn1cnc2c1c(=O)[nH]c(=O)n2C,0.9925548379541607,0.947373212,0.9985316957090354,0.998598533704,penetrating,penetrating,0.005976857754874776,0.05122532170399996,penetrating,penetrating,penetrating,penetrating
CCC[C@H](C1(CC)C(=O)NC(=S)NC1=O)C,0.9934752580536729,0.9716432119999999,0.9993082280785193,0.999323430064,penetrating,penetrating,0.005832970024846396,0.027680218064000117,penetrating,penetrating,penetrating,penetrating
Cc1ccccc1,0.9924286729855554,0.944137212,0.9984252538983135,0.998501880856,penetrating,penetrating,0.0059965809127581204,0.054364668856,penetrating,penetrating,penetrating,penetrating
Clc1ccc2-n3c(CN=C(c2c1)c1ccccc1Cl)nnc3C,0.8686144353754643,0.25857994199999995,0.8915080709307923,0.9677027739999999,penetrating,equivocal,0.022893635555327974,0.709122832,penetrating,penetrating,non-penetrating,penetrating
CN1CCN(CC1)CCCN1c2ccccc2Sc2c1cc(cc2)C(F)(F)F,0.9934152776703068,0.9700252119999998,0.9992576243278597,0.99927510364,penetrating,penetrating,0.005842346657552899,0.029249891640000247,penetrating,penetrating,penetrating,penetrating
CNCCc1ccccn1,0.9917524050840903,0.9271482120000001,0.9978547058233543,0.9979944534040001,penetrating,penetrating,0.006102300739263988,0.07084624140399998,penetrating,penetrating,penetrating,penetrating
CN(CCc1ccccn1)C,0.9933249446468995,0.9675982120000002,0.9991814129144558,0.999202614004,penetrating,penetrating,0.0058564682675563695,0.03160440200399983,penetrating,penetrating,penetrating,penetrating
NCCc1nccs1,0.8603641228821107,0.442848441,0.9100442536843398,0.9536977879999999,penetrating,equivocal,0.049680130802229105,0.510849347,penetrating,non-penetrating,penetrating,penetrating
NCCc1scc(n1)c1ccccc1,0.9694039827247805,0.6272504680000001,0.9832059545531237,0.9891334541079999,penetrating,penetrating,0.013801971828343196,0.36188298610799985,non-penetrating,penetrating,penetrating,non-penetrating
OC[C@H]1O[C@H](C[C@@H]1N=[N+]=N)N1[CH+][C](C)C(=O)NC1=O,0.8999124137982216,0.28035660399999995,0.9217886199926985,0.9756342100000001,penetrating,equivocal,0.021876206194476833,0.6952776060000001,penetrating,penetrating,non-penetrating,penetrating
Cc1cccc(c1)C,0.9935350462153646,0.9732612119999999,0.9993586696571964,0.999371756488,penetrating,penetrating,0.005823623441831849,0.026110544488000098,penetrating,penetrating,penetrating,penetrating
Cc1ccccc1C,0.994295212,0.9942952120000003,1.0,1.0,penetrating,penetrating,0.005704787999999961,0.005704787999999739,penetrating,penetrating,penetrating,penetrating
Cc1ccc(cc1)C,0.9915878594988616,0.9231032119999999,0.9977158833734171,0.997873637344,penetrating,penetrating,0.006128023874555466,0.07477042534400014,penetrating,penetrating,penetrating,penetrating
NC(=O)N1c2ccccc2[C@@H]2[C@@H](c3c1cccc3)O2,0.9937132665665008,0.9781152120000001,0.9995090291198281,0.99951673576,penetrating,penetrating,0.005795762553327255,0.02140152375999993,penetrating,penetrating,penetrating,penetrating
CC[C@@H](c1ccccc1)NC(=O)c1c(C)c(nc2c1cccc2)c1ccccc1,0.492648919426516,0.20732598600000002,0.5877700875301979,0.826517486,equivocal,equivocal,0.09512116810368187,0.6191914999999999,penetrating,non-penetrating,penetrating,non-penetrating
ClCCN(c1ccc(cc1)CCCC(=O)OC(C)(C)C)CCCl,0.5683494659369667,0.251385939,0.6588534825374072,0.849107912,penetrating,equivocal,0.0905040166004405,0.5977219730000001,penetrating,non-penetrating,penetrating,non-penetrating
CC(Nc1cccnc1N1CCN(CC1)C(=O)c1cc2c([nH]1)ccc(c2)NS(=O)(=O)C)C,0.9817998100473985,0.731370212,0.9894579832719331,0.9921469561,penetrating,penetrating,0.007658173224534659,0.26077674410000007,non-penetrating,penetrating,penetrating,penetrating
O=C(c1ccc(cc1)C(C)(C)C)CCCN1CCC(CC1)OC(c1ccccc1)c1ccccc1,0.9066442571208945,0.29006946800000005,0.9345576242417469,0.9790625319999999,penetrating,equivocal,0.02791336712085246,0.6889930639999999,non-penetrating,penetrating,penetrating,non-penetrating
CN1CCN(CC1)CC(=O)N1c2ccccc2C(=O)Nc2c1nccc2,0.9833007365565343,0.755640212,0.9907242724579016,0.9928718524600002,penetrating,penetrating,0.007423535901367351,0.23723164046000023,penetrating,penetrating,penetrating,penetrating
CN([C@H](CN1c2ccccc2Sc2c1cccc2)C)C,0.992397001531476,0.943328212,0.9983985335895172,0.9984777176440001,penetrating,penetrating,0.006001532058041215,0.05514950564400001,penetrating,penetrating,penetrating,penetrating
S=C(N1CCC(CC1)c1c[nH]cn1)NC1CCCCC1,0.9901488985537459,0.8891252119999999,0.996501872778801,0.99685878244,penetrating,penetrating,0.006352974225055097,0.10773357044000009,penetrating,penetrating,penetrating,penetrating
CN1CC[C@H]2[C@H](C1)c1ccccc1Oc1c2cc(Cl)cc1,0.9933551041367715,0.9684072119999999,0.9992068576218728,0.9992267772160001,penetrating,penetrating,0.005851753485101252,0.030819565216000155,penetrating,penetrating,penetrating,penetrating
O=C1CCCN1CCCCN1CCN(CC1)c1nc(Cl)cc(c1)C(F)(F)F,0.9929284019336279,0.9570812119999998,0.9988468610582963,0.998888492248,penetrating,penetrating,0.005918459124668485,0.04180728024800018,penetrating,penetrating,penetrating,penetrating
Clc1ccc2c(c1)[C@H]1CCNC[C@@H]1c1c(O2)cccc1,0.9905706983733988,0.898833212,0.9968577333402734,0.9971487409840001,penetrating,penetrating,0.0062870349668745495,0.09831552898400009,penetrating,penetrating,penetrating,penetrating
[O-][N+](=O)c1cc[nH]c1NCCSCc1ccccn1,0.9771673998333821,0.665032212,0.9855497499751834,0.990165572716,penetrating,penetrating,0.008382350141801331,0.3251333607160001,penetrating,penetrating,penetrating,penetrating
Cc1cc(nc(c1C)C)C(SC(CNc1[nH]ccc1[N+](=O)[O-])(C)C)(C)C,0.9856078256217085,0.7960902120000001,0.992670698159969,0.99408001306,penetrating,penetrating,0.007062872538260545,0.19798980105999997,penetrating,penetrating,penetrating,penetrating
N/C(=[NH]/c1scc(n1)c1ccccc1)/N,0.5553539290870241,0.24350529699999995,0.6466505735517014,0.8450673479999999,penetrating,equivocal,0.09129664446467733,0.6015620509999999,penetrating,non-penetrating,penetrating,non-penetrating
Nc1cccc(c1)c1csc(n1)/[NH]=C(/N)\N,0.9810664214495028,0.7200442119999999,0.9888392440831887,0.991808671132,penetrating,penetrating,0.007772822633685839,0.2717644591320001,non-penetrating,penetrating,penetrating,penetrating
CC(=O)Nc1cccc(c1)c1csc(n1)/[NH]=C(/N)\N,0.9745743927108942,0.6326722119999999,0.9833621033060364,0.9891990442360001,penetrating,penetrating,0.008787710595142162,0.35652683223600024,non-penetrating,penetrating,penetrating,penetrating
N#C/[NH]=C(/Nc1cccc(c1)c1csc(n1)/[NH]=C(/N)\N)\NC,0.9699791823583861,0.633559468,0.9836518217314992,0.9893218913199999,penetrating,penetrating,0.013672639373113138,0.35576242331999997,non-penetrating,penetrating,penetrating,non-penetrating
N/C(=[NH]/c1scc(n1)C)/N,0.994295212,0.9942952120000003,1.0,1.0,penetrating,penetrating,0.005704787999999961,0.005704787999999739,penetrating,penetrating,penetrating,penetrating
O=C(c1ccccc1)NCCCOc1cccc(c1)CN1CCCCC1,0.9902551758192779,0.8915522119999999,0.9965915358977068,0.9969312720760001,penetrating,penetrating,0.00633636007842886,0.10537906007600017,penetrating,penetrating,penetrating,penetrating
C1CCN(CC1)Cc1cccc(c1)OCCCNc1ccccn1,0.9932947365185827,0.9667892120000001,0.9991559271721606,0.9991784507920001,penetrating,penetrating,0.00586119065357793,0.03238923879199995,penetrating,penetrating,penetrating,penetrating
C1CCN(CC1)Cc1cccc(c1)OCCCNc1nc2c(o1)cccc2,0.9929899540254795,0.9586992119999999,0.9988987908148907,0.998936818672,penetrating,penetrating,0.0059088367894112315,0.04023760667200016,penetrating,penetrating,penetrating,penetrating
CN(Cc1ccc(o1)CSCCNC1=NCC(=CN1)Cc1ccc(nc1)C)C,0.4649995879162335,0.19228112399999997,0.5618071527294648,0.818803682,equivocal,equivocal,0.09680756481323127,0.626522558,non-penetrating,non-penetrating,penetrating,non-penetrating
Cn1c(=O)n(C)c2c(c1=O)nc[nH]2,0.9919804617087981,0.932811212,0.998047110738517,0.9981635958880001,penetrating,penetrating,0.0060666490297189846,0.06535238388800013,penetrating,penetrating,penetrating,penetrating
CCc1cccc(c1)N/C(=[NH]/c1cccc(c1)CC)/C,0.9865534128089736,0.8138882119999999,0.9934684632885985,0.994611603724,penetrating,penetrating,0.006915050479624929,0.1807233917240001,penetrating,penetrating,penetrating,penetrating
OC[C@@H]1C=C[C@@H](C1)n1cnc2c1nc(N)nc2NC1CC1,0.8693753240363421,0.25908637599999995,0.8922442247524591,0.967887226,penetrating,equivocal,0.022868900716117024,0.70880085,penetrating,penetrating,non-penetrating,penetrating
CCCC(=O)Nc1ccc(c(c1)C(=O)C)OC[C@@H](CNC(C)C)O,0.9834457861324056,0.7580672119999999,0.9908466466769172,0.9929443420960002,penetrating,penetrating,0.007400860544511612,0.2348771300960003,penetrating,penetrating,penetrating,penetrating
OCCOCn1cnc2c1nc(N)[nH]c2=O,0.9896454776195682,0.8777992119999999,0.996077150794707,0.996520497472,penetrating,penetrating,0.006431673175138819,0.11872128547200012,penetrating,penetrating,penetrating,penetrating
C[C@@H](Cc1ccccc1)N,0.9912209304760462,0.9142042119999999,0.9974063157491657,0.9976078420120003,penetrating,penetrating,0.006185385273119515,0.08340363001200035,penetrating,penetrating,penetrating,penetrating
NCC[C@@H](C(=O)N[C@@H]1C[C@H](N)[C@H]([C@@H]([C@H]1O[C@H]1O[C@H](CO)[C@H]([C@@H]([C@H]1O)N)O)O)O[C@H]1O[C@H](CN)[C@H]([C@@H]([C@H]1O)O)O)O,0.35119201669062894,0.13550468049999997,0.45494096862438793,0.7896932550000002,non-penetrating,equivocal,0.10374895193375899,0.6541885745000002,penetrating,non-penetrating,penetrating,non-penetrating
Nc1ccc(c(c1)O)C(=O)O,0.14859512907944963,0.083459057115,0.20298646234412682,0.552354113,non-penetrating,equivocal,0.05439133326467718,0.468895055885,non-penetrating,non-penetrating,non-penetrating,penetrating
OC[C@H]1O[C@H]([C@@H]([C@@H]1O)O)n1ccc(nc1=O)N,0.9771054935275433,0.664223212,0.9854975213782803,0.990141409504,penetrating,penetrating,0.008392027850737005,0.325918197504,penetrating,penetrating,penetrating,penetrating
CN(/N=N/c1[nH]cnc1C(=O)N)C,0.9865534128089736,0.8138882119999999,0.9934684632885985,0.994611603724,penetrating,penetrating,0.006915050479624929,0.1807233917240001,penetrating,penetrating,penetrating,penetrating
CN([C@@H]1C(=C(C(=O)N)C(=O)[C@@]2([C@H]1C[C@H]1C(=C2O)C(=O)c2c([C@H]1O)c(Cl)ccc2O)O)O)C,0.9778992905966423,0.674740212,0.9861672254832683,0.9904555312600001,penetrating,penetrating,0.008267934886626027,0.31571531926000007,non-penetrating,penetrating,penetrating,penetrating
O=C1CC(=O)N(c2c(N1)ccc(c2)Cl)c1ccccc1,0.9888665175271667,0.860810212,0.9954199642267404,0.9960130700200001,penetrating,penetrating,0.006553446699573695,0.1352028580200001,penetrating,penetrating,penetrating,penetrating
O=C1CN=C(c2c(N1)ccc(c2)Cl)c1ccccc1,0.99258624962627,0.9481822119999999,0.9985581968471412,0.998622696916,penetrating,penetrating,0.005971947220871243,0.05044048491600017,penetrating,penetrating,penetrating,penetrating
CNCCCN1c2ccccc2Sc2c1cccc2,0.9919480454763386,0.9320022119999999,0.9980197620812954,0.998139432676,penetrating,penetrating,0.006071716604956756,0.06613722067600014,penetrating,penetrating,penetrating,penetrating
COc1ccc2c(c1)[C@]13CCCC[C@@H]3[C@@H](C2)N(CC1)C,0.99258624962627,0.9481822119999999,0.9985581968471412,0.998622696916,penetrating,penetrating,0.005971947220871243,0.05044048491600017,penetrating,penetrating,penetrating,penetrating
CN1C[C@@H](C[C@H]2[C@H]1Cc1c[nH]c3c1c2ccc3)C(=O)NC1(C)O[C@@]2(N(C1=O)[C@@H](Cc1ccccc1)C(=O)N1[C@H]2CCC1)O,0.6653725084064515,0.16629502199999996,0.7080605254394733,0.9270362380000001,penetrating,equivocal,0.04268801703302183,0.7607412160000002,non-penetrating,penetrating,non-penetrating,non-penetrating
OCC(=O)[C@@]1(O)C[C@H](O[C@H]2C[C@H](N)[C@@H]([C@@H](O2)C)O)c2c(C1)c(O)c1c(c2O)C(=O)c2c(C1=O)cccc2OC,0.30088269536895773,0.112758282,0.40770012922623,0.7780307179999999,non-penetrating,equivocal,0.10681743385727227,0.6652724359999999,non-penetrating,non-penetrating,penetrating,non-penetrating
CN([C@@H]1C(=C(C(=O)N)C(=O)[C@@]2([C@H]1[C@@H](O)[C@@H]1[C@@H](C)c3cccc(c3C(=O)C1=C2O)O)O)O)C,0.950502525588528,0.47022646800000006,0.9685544511999318,0.984443461276,penetrating,equivocal,0.018051925611403785,0.5142169932759999,penetrating,penetrating,penetrating,non-penetrating
FC([C@@]1(C#CC2CC2)OC(=O)Nc2c1cc(Cl)cc2)(F)F,0.994295212,0.9942952120000003,1.0,1.0,penetrating,penetrating,0.005704787999999961,0.005704787999999739,non-penetrating,penetrating,penetrating,penetrating
CCOC(=O)[C@@H](N[C@H](C(=O)N1CCC[C@H]1C(=O)O)C)CCc1ccccc1,0.974369770425146,0.630245212,0.9831894692789378,0.9891265546000001,penetrating,penetrating,0.008819698853791746,0.35888134260000004,non-penetrating,penetrating,penetrating,penetrating
CNC[C@@H](c1ccc(c(c1)O)O)O,0.6904901951275689,0.177485085,0.7319966871892541,0.9311118520000001,penetrating,equivocal,0.04150649206168522,0.7536267670000001,non-penetrating,penetrating,non-penetrating,non-penetrating
CCC(=C)C(=O)c1ccc(c(c1Cl)Cl)OCC(=O)O,0.15873391495762043,0.08656451040299999,0.21475202540955318,0.571770113,non-penetrating,equivocal,0.05601811045193275,0.485205602597,non-penetrating,non-penetrating,non-penetrating,penetrating
CC[C@@H](NCCN[C@@H](CO)CC)CO,0.7564730621701224,0.19426282399999995,0.7830121704177802,0.94427737,penetrating,equivocal,0.026539108247657706,0.7500145460000001,non-penetrating,penetrating,non-penetrating,penetrating
CCc1nccc(c1)C(=S)N,0.9933249446468995,0.9675982120000002,0.9991814129144558,0.999202614004,penetrating,penetrating,0.0058564682675563695,0.03160440200399983,penetrating,penetrating,penetrating,penetrating
C[C@@]1(CC)CC(=O)NC1=O,0.9927425369276499,0.952227212,0.9986900520168893,0.9987435129760001,penetrating,penetrating,0.005947515089239408,0.04651630097600001,penetrating,penetrating,penetrating,penetrating
COc1cc(cc(c1O)OC)[C@H]1[C@H]2C(=O)OC[C@@H]2[C@@H](c2c1cc1OCOc1c2)O[C@@H]1O[C@@H]2CO[C@H](O[C@H]2[C@@H]([C@H]1O)O)C,0.9892039403414686,0.868091212,0.9957046382985546,0.9962305389280001,penetrating,penetrating,0.006500697957085966,0.12813932692800012,non-penetrating,penetrating,penetrating,penetrating
N/C(=[NH]/c1scc(n1)CSCC/C(=[NH]/S(=O)(=O)N)/N)/N,0.986469089043976,0.8122702119999999,0.9933973217163186,0.9945632773,penetrating,penetrating,0.006928232672342549,0.1822930653000001,penetrating,penetrating,penetrating,penetrating
Fc1ccc(c(c1)F)C(Cn1cncn1)(Cn1cncn1)O,0.8624675549398317,0.25452846999999995,0.8855610122391835,0.9662271579999999,penetrating,equivocal,0.02309345729935175,0.711698688,penetrating,penetrating,non-penetrating,penetrating
NCC1(CCCCC1)CC(=O)O,0.9777786994629408,0.6731222119999999,0.9860654861591905,0.990407204836,penetrating,penetrating,0.008286786696249715,0.3172849928360001,penetrating,penetrating,penetrating,penetrating
CCOc1ccc2c(c1C(=O)N[C@H]1[C-](=O)N3[C@@H]1SC([C@@H]3C(=O)O)(C)C)cccc2,0.6792931628427542,0.303532978,0.7365209455204351,0.882267942,penetrating,equivocal,0.057227782677680916,0.578734964,non-penetrating,non-penetrating,penetrating,penetrating
CCn1cc(C(=O)O)c(=O)c2c1nc(C)cc2,0.5919758816328883,0.26607259,0.6810388684683513,0.856638054,penetrating,equivocal,0.08906298683546299,0.590565464,non-penetrating,non-penetrating,penetrating,non-penetrating
O[C@@H]([C@@H](NC(=O)c1cccc(c1C)O)CSc1ccccc1)CN1C[C@H]2CCCC[C@H]2C[C@H]1C(=O)NC(C)(C)C,0.6273758474385179,0.150497286,0.6718512107450831,0.9212824299999999,penetrating,equivocal,0.04447536330656521,0.7707851439999999,non-penetrating,penetrating,non-penetrating,non-penetrating
COc1ccc2c(c1)nc([nH]2)[S@](=O)Cc1ncc(c(c1C)OC)C,0.7907551096910403,0.38455918199999994,0.8433367803031082,0.9238117099999998,penetrating,equivocal,0.052581670612067866,0.5392525279999999,non-penetrating,non-penetrating,penetrating,penetrating
OC(=O)[C@@H]1N2[C-](=O)[C@@H]([C@H]2SC1(C)C)NC(=O)c1c(C)onc1c1ccccc1,0.05619772359233846,0.043390456641,0.11813625862759339,0.3191099570000001,non-penetrating,non-penetrating,0.06193853503525493,0.2757195003590001,non-penetrating,non-penetrating,non-penetrating,non-penetrating
C/C(=C/CN1CC[C@@]2([C@H]([C@H]1Cc1c2cc(cc1)O)C)C)/C,0.9930513062972486,0.960317212,0.9989505519889408,0.998985145096,penetrating,penetrating,0.005899245691692201,0.03866793309600003,penetrating,penetrating,penetrating,penetrating
OC[C@H]1O[C@H](CC1O)n1cnc2c1N=CNC[C@H]2O,0.9704814958805235,0.639167468,0.9840411910907447,0.9894893910639999,penetrating,penetrating,0.013559695210221268,0.3503219230639999,penetrating,penetrating,penetrating,non-penetrating
CCOC(=O)C1(CCN(CC1)C)c1ccccc1,0.8875167446477663,0.2714940089999999,0.9097959071473029,0.9724063000000001,penetrating,equivocal,0.022279162499536542,0.7009122910000001,penetrating,penetrating,non-penetrating,penetrating
CCC1(C(=O)NC(=O)NC1=O)c1ccccc1,0.9859563169746851,0.802562212,0.9929647104443758,0.994273318756,penetrating,penetrating,0.007008393469690732,0.191711106756,penetrating,penetrating,penetrating,penetrating
O=[C-]1[C@H](NC(=O)COc2ccccc2)[C@@H]2N1[C@@H](C(=O)O)C(S2)(C)C,0.5976247320919291,0.26965469999999997,0.6863431824664176,0.858474674,penetrating,equivocal,0.08871845037448844,0.588819974,non-penetrating,non-penetrating,penetrating,non-penetrating
CO[C@@H]([C@@H]1Cc2cc3cc(O[C@@H]4O[C@H](C)[C@@H]([C@@H](C4)O[C@H]4C[C@@H](O)[C@@H]([C@H](O4)C)O)O)c(c(c3c(c2C(=O)[C@H]1OC1O[C@H](C)[C@H]([C@@H](C1)O[C@@H]1O[C@H](C)[C@H]([C@@H](C1)O[C@@H]1O[C@H](C)[C@H]([C@@](C1)(C)O)O)O)O)O)O)C)C(=O)[C@H]([C@H](O)C)O,0.4548857190888777,0.186907959,0.5523101521654492,0.816048752,equivocal,equivocal,0.0974244330765715,0.629140793,penetrating,non-penetrating,penetrating,non-penetrating
CC[C@@H](C(=O)O[C@H]1C[C@@H](O)C=C2[C@H]1[C@@H](CC[C@H](C[C@H](CC(=O)O)O)O)[C@H](C=C2)C)C,0.6186975514953462,0.28326671800000003,0.7061307218517757,0.86545383,penetrating,equivocal,0.0874331703564295,0.582187112,non-penetrating,non-penetrating,penetrating,non-penetrating
O=C(N1CC(=O)N2[C@H](C1)c1ccccc1CC2)C1CCCCC1,0.98286020537949,0.7483592119999999,0.9903526087807145,0.9926543835520001,penetrating,penetrating,0.007492403401224479,0.2442951715520002,penetrating,penetrating,penetrating,penetrating
CCCN(S(=O)(=O)c1ccc(cc1)C(=O)O)CCC,0.04696500187081624,0.037672334448,0.10658448916521732,0.28335895699999997,non-penetrating,non-penetrating,0.05961948729440108,0.24568662255199997,non-penetrating,non-penetrating,non-penetrating,non-penetrating
COc1cc(NCc2ccc3c(c2C)c(N)nc(n3)N)cc(c1OC)OC,0.7921997455258929,0.21274766499999995,0.8175774568257668,0.9510098680000002,penetrating,equivocal,0.025377711299873873,0.7382622030000002,non-penetrating,penetrating,non-penetrating,penetrating
OCC(CO)(CO)N,0.7133470994631821,0.18823632199999996,0.7537784127657791,0.935027638,penetrating,equivocal,0.04043131330259697,0.746791316,non-penetrating,penetrating,non-penetrating,non-penetrating
NC1[C@@H]2[C@@H]1CN(C2)c1nc2c(cc1F)c(=O)c(cn2c1ccc(cc1F)F)C(=O)O,0.023702678112750397,0.021078568083999993,0.07747920371229186,0.17961095700000002,non-penetrating,non-penetrating,0.053776525599541464,0.15853238891600002,penetrating,non-penetrating,non-penetrating,non-penetrating
NC(=O)N,0.9890546476510242,0.8648552119999999,0.9955786842839489,0.99613388608,penetrating,penetrating,0.006524036632924668,0.13127867408000005,penetrating,penetrating,penetrating,penetrating
OC[C@@H](c1ccccc1)C(=O)OC1C[C@@H]2CC[C@H](C1)N2C,0.9676794509971864,0.6090244680000001,0.9818691802395144,0.9885890799399999,penetrating,penetrating,0.014189729242327975,0.3795646119399998,penetrating,penetrating,penetrating,non-penetrating
OC(=O)CCCCCCCC(=O)O,0.977290785087616,0.6666502119999999,0.9856538466196184,0.99021389914,penetrating,penetrating,0.008363061532002392,0.32356368714000017,non-penetrating,penetrating,penetrating,penetrating
CC[C@H]1OC(=O)[C@@H](C)[C@H](O[C@H]2O[C@@H](C)[C@@H]([C@](C2)(C)OC)O)[C@@H](C)[C@H](O[C@@H]2O[C@H](C)C[C@@H]([C@H]2O)N(C)C)[C@](C[C@H](CN([C@@H](C([C@@]1(C)O)O)C)C)C)(C)O,0.5589206872967236,0.245654563,0.6499997869246892,0.84616932,penetrating,equivocal,0.09107909962796557,0.600514757,non-penetrating,non-penetrating,penetrating,non-penetrating
NCCC[C@H]1NC(=O)[C@H](CCCCNC(=O)[C@H]([C@H](CC)C)NC(=O)[C@H](NC(=O)[C@@H](NC(=O)[C@@H]2CSC(=N2)[C@@H]([C@@H](CC)C)N)CC(C)C)CCC(=O)O)NC(=O)[C@H](CC(=O)N)NC(=O)[C@@H](CC(=O)O)NC(=O)[C@@H](NC(=O)[C@H](NC(=O)[C@@H](NC1=O)[C@H](CC)C)Cc1ccccc1)Cc1nc[nH]c1,0.03210076772009586,0.02746941053499999,0.08798670063405939,0.21956795699999984,non-penetrating,non-penetrating,0.05588593291396353,0.19209854646499985,non-penetrating,non-penetrating,non-penetrating,non-penetrating
CC[N+](Cc1ccccc1Br)(C)C,0.8388427162206681,0.23958866699999995,0.8627041657600801,0.960785824,penetrating,equivocal,0.02386144953941205,0.7211971570000001,non-penetrating,penetrating,non-penetrating,penetrating
CO[C@]12CC[C@]3(C[C@@H]1[C@@](C(C)(C)C)(O)C)[C@@]14[C@H]2Oc2c4c(C[C@H]3N(CC1)CC1CC1)ccc2O,0.9916208795003272,0.9239122119999998,0.997743741413449,0.9978978005560001,penetrating,penetrating,0.006122861913121835,0.07398558855600024,penetrating,penetrating,penetrating,penetrating
Clc1cccc(c1)C(=O)[C@@H](NC(C)(C)C)C,0.9810664214495028,0.7200442119999999,0.9888392440831887,0.991808671132,penetrating,penetrating,0.007772822633685839,0.2717644591320001,penetrating,penetrating,penetrating,penetrating
O=[C-]1[C@H](NC(=O)[C@H](c2ccccc2)C(=O)O)[C@@H]2N1[C@@H](C(=O)O)C(S2)(C)C,0.4411983418366487,0.179743739,0.5394575997245159,0.812375512,equivocal,equivocal,0.09825925788786721,0.632631773,penetrating,non-penetrating,penetrating,non-penetrating
O=C([C@H](C1=CCC=CC1)N)N[C@H]1C(=O)N2[C@H]1SCC(=C2C(=O)O)C,0.9798685188077982,0.7022462120000001,0.9878286075518191,0.991277080468,penetrating,penetrating,0.007960088744020877,0.28903086846799986,non-penetrating,penetrating,penetrating,penetrating
CCN(CCC[C@H](Nc1ccnc2c1ccc(c2)Cl)C)CC,0.9922697909842281,0.940092212,0.9982912096537079,0.9983810647960001,penetrating,penetrating,0.0060214186694798055,0.058288852796000046,penetrating,penetrating,penetrating,penetrating
Clc1cc2N=CNS(=O)(=O)c2cc1S(=O)(=O)N,0.5541612203128957,0.24278887500000002,0.6455306108456431,0.8447000239999999,penetrating,equivocal,0.0913693905327474,0.6019111489999999,non-penetrating,non-penetrating,penetrating,non-penetrating
CO[C@H]1CN(CCCOc2ccc(cc2)F)CC[C@@H]1NC(=O)c1cc(Cl)c(cc1OC)N,0.9793616656709384,0.694965212,0.9874009899155304,0.9910596115600001,penetrating,penetrating,0.008039324244591972,0.29609439956000005,penetrating,penetrating,penetrating,penetrating
OC[C@H]1O[C@H](CC1O)n1cnc2c1nc(Cl)nc2N,0.9911872323764981,0.9133952120000001,0.9973778856169868,0.9975836788000001,penetrating,penetrating,0.0061906532404887304,0.08418846680000003,penetrating,penetrating,penetrating,penetrating
O=C(C([C+]1CCCCC1)(c1ccccc1)O)O[C@H]1C[N+]2(C)CCC1CC2,0.057141701010001086,0.04395105685599998,0.11931734150168327,0.3226149569999999,non-penetrating,non-penetrating,0.062175640491682185,0.27866390014399994,non-penetrating,non-penetrating,non-penetrating,non-penetrating
Clc1ccc(cc1)Nc1cc2-c(c/c/1=N/C(C)C)n(c1c(n2)cccc1)c1ccc(cc1)Cl,0.693829613336004,0.17902097599999997,0.7351790206292227,0.9316712500000002,penetrating,equivocal,0.041349407293218676,0.7526502740000002,non-penetrating,penetrating,non-penetrating,non-penetrating
CN(CCCN1c2ccccc2CCc2c1cc(Cl)cc2)C,0.9175225314253868,0.29352388799999996,0.9388262709103559,0.980429962,penetrating,equivocal,0.02130373948496911,0.686906074,penetrating,penetrating,non-penetrating,penetrating
COc1c(OC)cc2c(-c3ccc(c(=O)cc3[C@H](CC2)NC(=O)C)OC)c1OC,0.7710503584443551,0.20160611699999997,0.7971155904233639,0.9469519240000003,penetrating,equivocal,0.026065231979008785,0.7453458070000003,non-penetrating,penetrating,non-penetrating,penetrating
OC(COc1cccc2c1c(=O)cc(o2)C(=O)O)C[O-]c1cccc2c1c(=O)cc(o2)C(=O)O,0.5812434675047052,0.132944246,0.6278888777381302,0.91488931,penetrating,equivocal,0.046645410233424944,0.781945064,non-penetrating,penetrating,non-penetrating,non-penetrating
OCC(OC[n+]1cnc2[c-]1nc(N)[nH]c2=[O-])CO,0.7339673132982387,0.34156568600000003,0.788916091909589,0.901768078,penetrating,equivocal,0.05494877861135028,0.560202392,penetrating,non-penetrating,penetrating,penetrating
Clc1cc2NCNS(=O)(=O)c2cc1S(=O)(=O)N,0.45352745635697733,0.18619153699999996,0.5510347330205965,0.8156814279999998,equivocal,equivocal,0.09750727666361914,0.6294898909999997,non-penetrating,non-penetrating,penetrating,non-penetrating
NC(=O)NO,0.9916208795003272,0.9239122119999998,0.997743741413449,0.9978978005560001,penetrating,penetrating,0.006122861913121835,0.07398558855600024,penetrating,penetrating,penetrating,penetrating
OC[C@@H](c1ccccc1)C(=O)OC1C[C@@H]2CC[C@H](C1)[N+]2(C)C(C)C,0.9790181202797117,0.6901112119999999,0.9871111503989706,0.990914632288,penetrating,penetrating,0.008093030119258882,0.3008034202880001,non-penetrating,penetrating,penetrating,penetrating
NNC(=O)c1ccncc1,0.9037161120371187,0.2831419909999999,0.9254686682560029,0.976648696,penetrating,equivocal,0.021752556218884278,0.6935067050000001,penetrating,penetrating,non-penetrating,penetrating
CC[C@H](n1ncn(c1=O)c1ccc(cc1)N1CCN(CC1)c1ccc(cc1)OC[C@@H]1CO[C@@](O1)(Cn1cncn1)c1ccc(cc1Cl)Cl)C,0.9561459022179486,0.508781468,0.9729289261948091,0.9855950220159999,penetrating,penetrating,0.01678302397686049,0.4768135540159999,non-penetrating,penetrating,penetrating,non-penetrating
Clc1ccc(c(c1)Cl)[C@]1(OC[C@@H](O1)COc1ccc(cc1)N1CCN(CC1)C(=O)C)Cn1cncc1,0.048367282858841835,0.038569294792,0.10833899094527032,0.288966957,non-penetrating,non-penetrating,0.05997170808642848,0.250397662208,non-penetrating,non-penetrating,non-penetrating,non-penetrating
OC(=O)[C@H](c1cccc(c1)C(=O)c1ccccc1)C,0.97741360380237,0.6682682119999999,0.9857574652907397,0.9902622255640001,penetrating,penetrating,0.008343861488369742,0.32199401356400026,penetrating,penetrating,penetrating,penetrating
CN1CCN(CC1)c1c(F)cc2c3c1OC[C@@H](n3cc(c2=O)C(=O)O)C,0.04925215351673777,0.03912989500699998,0.10944612079845403,0.29247195700000006,non-penetrating,non-penetrating,0.06019396728171626,0.2533420619930001,penetrating,non-penetrating,non-penetrating,non-penetrating
OC[C@H]([C@H]([C@@H]([C@@H](CO)O)O)O)O,0.9542883006010733,0.495462468,0.9714890024829835,0.985197210124,penetrating,equivocal,0.017200701881910252,0.489734742124,non-penetrating,penetrating,penetrating,non-penetrating
C[C@@H]([C@@H](c1cccc(c1)O)O)N,0.8502473683377674,0.24667874299999998,0.8737380773853337,0.9633681519999999,penetrating,equivocal,0.023490709047566338,0.716689409,non-penetrating,penetrating,non-penetrating,penetrating
OC(=O)CC[C@@H](C(=O)O)NC(=O)c1ccc(cc1)N(Cc1cnc2c(n1)c(N)nc(n2)N)C,0.6739024662326996,0.170025043,0.7161892377892546,0.9283947760000002,penetrating,equivocal,0.042286771556555025,0.7583697330000002,non-penetrating,penetrating,non-penetrating,non-penetrating
COCCc1ccc(cc1)OC[C@@H](CNC(C)C)O,0.9661427042701903,0.593602468,0.9806779678551313,0.988128455644,penetrating,penetrating,0.01453526358494095,0.39452598764399993,penetrating,penetrating,penetrating,non-penetrating
CC#C[C@]1(O)CC[C@@H]2[C@]1(C)C[C@H](c1ccc(cc1)N(C)C)C1=C3CCC(=O)C=C3CC[C@@H]21,0.8308966080448201,0.23477754399999995,0.8550163683177053,0.9590335300000002,penetrating,equivocal,0.024119760272885205,0.7242559860000003,non-penetrating,penetrating,non-penetrating,penetrating
CN([C@@H]1C(=C(C(=O)N)C(=O)[C@@]2([C@H]1C[C@@H]1Cc3c(C(=O)C1=C2O)c(O)ccc3N(C)C)O)O)C,0.9586356388721424,0.527708468,0.9748588506802351,0.986160333652,penetrating,penetrating,0.01622321180809272,0.4584518656519999,penetrating,penetrating,penetrating,non-penetrating
O=C(C1c2ccccc2Oc2c1cccc2)OCC[N+](C(C)C)(C(C)C)C,0.7559609370684913,0.194009607,0.7825166933918742,0.944185144,penetrating,equivocal,0.026555756323382917,0.750175537,non-penetrating,penetrating,non-penetrating,penetrating
NC(=O)c1cnccn1,0.9890171568318078,0.864046212,0.9955470543416046,0.996109722868,penetrating,penetrating,0.006529897509796823,0.13206351086800006,penetrating,penetrating,penetrating,penetrating
CCc1nc(N)nc(c1c1ccc(cc1)Cl)N,0.9880181867765144,0.843012212,0.9947042515991489,0.9954814793560001,penetrating,penetrating,0.006686064822634452,0.15246926735600008,penetrating,penetrating,penetrating,penetrating
C=C[C@H]1CN2CC[C@H]1C[C@H]2[C@@H](c1ccnc2c1cc(OC)cc2)O,0.8967679822566402,0.2780776509999999,0.9187464070970109,0.974804176,penetrating,equivocal,0.021978424840370714,0.6967265250000001,non-penetrating,penetrating,non-penetrating,penetrating
OC[C@H]1O[C@H]([C@@H]([C@@H]1O)O)n1ncc(n1)C(=O)N,0.9759662175157789,0.6496612119999999,0.9845363464741466,0.9897064716880003,penetrating,penetrating,0.008570128958367618,0.34004525968800037,penetrating,penetrating,penetrating,penetrating
NC(=O)C[C@@H](C(=O)N[C@H]([C@@H](CN1C[C@H]2CCCC[C@H]2C[C@H]1C(=O)NC(C)(C)C)O)Cc1ccccc1)NC(=O)c1ccc2c(n1)cccc2,0.30088269536895773,0.112758282,0.40770012922623,0.7780307179999999,non-penetrating,equivocal,0.10681743385727227,0.6652724359999999,non-penetrating,non-penetrating,penetrating,non-penetrating
FCOC(C(F)(F)F)C(F)(F)F,0.9902551758192779,0.8915522119999999,0.9965915358977068,0.9969312720760001,penetrating,penetrating,0.00633636007842886,0.10537906007600017,penetrating,penetrating,penetrating,penetrating
CC(NC[C@H](c1ccc(cc1)NS(=O)(=O)C)O)C,0.5822714748989838,0.25998300300000005,0.6719263559572093,0.8535157999999998,penetrating,equivocal,0.0896548810582255,0.5935327969999997,penetrating,non-penetrating,penetrating,non-penetrating
Cc1cn([C@@H]2O[C@@H](C=C2)CO)c(=O)[nH]c1=O,0.8918178088230374,0.274532613,0.9139571530596906,0.973513012,penetrating,equivocal,0.022139344236653202,0.698980399,penetrating,penetrating,non-penetrating,penetrating
OC[C@@H]1O[C@@H](O[C@H]2[C@H](O[C@@H]3[C@@H](O)[C@H](O)[C@H]([C@@H]([C@H]3NC(=[NH2])N)O)NC(=[NH2])N)O[C@H]([C@]2(O)C=O)C)[C@H]([C@@H]([C@H]1O)O)NC,0.5800324083462843,0.13250541999999998,0.6267347862715724,0.9147294820000003,penetrating,equivocal,0.046702377925288086,0.7822240620000003,non-penetrating,penetrating,non-penetrating,non-penetrating
Nc1ccc(cc1)S(=O)(=O)Nc1ncccn1,0.985739142947059,0.7985172119999999,0.9927814868681499,0.9941525026959999,penetrating,penetrating,0.007042343921090932,0.19563529069599994,penetrating,penetrating,penetrating,penetrating
Nc1ccc(cc1)S(=O)(=O)Nc1onc(c1C)C,0.9918178371743297,0.9287662120000001,0.9979099090246977,0.998042779828,penetrating,penetrating,0.006092071850367975,0.06927656782799996,penetrating,penetrating,penetrating,penetrating
Nc1ccc(cc1)S(=O)(=O)Nc1noc(c1)C,0.9834939392770151,0.7588762120000001,0.9908872721212132,0.992968505308,penetrating,penetrating,0.007393332844198075,0.23409229330799985,penetrating,penetrating,penetrating,penetrating
Nc1c2CCCCc2nc2c1cccc2,0.844770248505376,0.42920627400000005,0.8951003848919326,0.946703174,penetrating,equivocal,0.05033013638655659,0.5174969,penetrating,non-penetrating,penetrating,penetrating
CC/C(=C(/c1ccccc1)\c1ccc(cc1)OCCN(C)C)/c1ccccc1,0.9768564322133231,0.660987212,0.9852873954014784,0.990044756656,penetrating,penetrating,0.008430963188155283,0.329057544656,penetrating,penetrating,penetrating,penetrating
Clc1ccc2c(c1)C(=N[C@H](C(=O)N2C)O)c1ccccc1,0.9930206550780105,0.959508212,0.9989246924233847,0.9989609818840001,penetrating,penetrating,0.005904037345374147,0.03945276988400004,penetrating,penetrating,penetrating,penetrating
CC[C@@]1(O)C(=O)OCc2c1cc1-c3nc4ccc(c(c4cc3Cn1c2=O)CN(C)C)O,0.9609646423147278,0.546635468,0.9766641824862782,0.986725645288,penetrating,penetrating,0.015699540171550397,0.44009017728800004,penetrating,penetrating,penetrating,non-penetrating
Nc1ccn(c(=O)n1)[C@H]1CC[C@H](O1)CO,0.9870115171546434,0.8227872119999998,0.9938549529504414,0.994877399056,penetrating,penetrating,0.006843435795797936,0.1720901870560002,penetrating,penetrating,penetrating,penetrating
NS(=O)(=O)Cc1noc2c1cccc2,0.9819028174370349,0.7329882120000001,0.9895448876891565,0.9921952825240001,penetrating,penetrating,0.007642070252121602,0.25920707052400005,penetrating,penetrating,penetrating,penetrating
O[C@H]1CC[C@@H](O)[C@@H](O)C[C@@H](O)C[C@@]2(O)C[C@@H](O)[C@@H]([C@H](O2)C[C@H](C=CC=CC=CC=CC=CC=CC=C[C@@H]([C@H]([C@H]([C@H](OC(=O)C[C@@H](C1)O)C)C)O)C)O[C@H]1O[C@@H](C)[C@@H]([C@H]([C@@H]1O)N)O)C(=O)O,0.01926005711884195,0.017490726708000004,0.07192069831396376,0.157178957,non-penetrating,non-penetrating,0.052660641195121816,0.139688230292,non-penetrating,non-penetrating,non-penetrating,non-penetrating
O=CN1[C@H](CNc2ccc(cc2)C(=O)N[C@H](C(=O)[O-])CCC(=O)[O-])CNc2c1c(O)nc(n2)N,0.30088269536895773,0.112758282,0.40770012922623,0.7780307179999999,non-penetrating,equivocal,0.10681743385727227,0.6652724359999999,penetrating,non-penetrating,penetrating,non-penetrating
ClCCN(C(=O)NC1CCCCC1)N=O,0.9142079109585665,0.2909917179999999,0.9356194015620732,0.979507702,penetrating,equivocal,0.021411490603506778,0.6885159840000001,penetrating,penetrating,non-penetrating,penetrating
OC[C@H]1O[C@@H](O)[C@@H]([C@H]([C@@H]1O)O)NC(=O)N(N=O)C,0.9682872643369499,0.6153334679999999,0.9823403279992592,0.9887775171519999,penetrating,penetrating,0.014053063662309295,0.373444049152,non-penetrating,penetrating,penetrating,non-penetrating
COc1cc(cc(c1O)O)[C@@H]1[C@H]2C(=O)OC[C@@H]2[C@H](c2c1cc1OCOc1c2)O[C@H]1O[C@H]2CO[C@@H](O[C@@H]2[C@H]([C@@H]1O)O)c1cccs1,0.37598830131012884,0.1472181802,0.4782248704661766,0.7956990023999999,non-penetrating,equivocal,0.10223656915604779,0.6484808221999999,penetrating,non-penetrating,penetrating,non-penetrating
OC[C@H]1O[C@@H](Oc2c3cc4cc2Oc2ccc(cc2Cl)[C@@H](O)[C@@H]2NC(=O)[C@H](NC(=O)[C@@H]4NC(=O)[C@H](CC(=O)N)NC(=O)[C@@H]([C@@H](c4ccc(O3)c(Cl)c4)O)NC(=O)[C@@H](CC(C)C)NC)c3ccc(c(-c4c(O)cc(cc4[C@H](NC2=O)C(=O)O)O)c3)O)[C@@H]([C@H]([C@@H]1O)O)O[C@H]1O[C@@H](C)[C@@H]([C@@](C1)(C)N)O,0.013830417335038168,0.012893804944999997,0.06512725766470899,0.12843795699999985,non-penetrating,non-penetrating,0.05129684032967082,0.11554415205499985,non-penetrating,non-penetrating,non-penetrating,non-penetrating
OC[C@H]1O[C@H]([C@@H]([C@@H]1O)O)n1cnc2c1ncnc2N,0.9782577942848748,0.6795942119999999,0.9864696848913576,0.990600510532,penetrating,penetrating,0.008211890606482752,0.3110062985320001,penetrating,penetrating,penetrating,penetrating
CN(CCCN1c2ccccc2Sc2c1cc(cc2)C(F)(F)F)C,0.994295212,0.9942952120000003,1.0,1.0,penetrating,penetrating,0.005704787999999961,0.005704787999999739,penetrating,penetrating,penetrating,penetrating
OCC(c1onc(n1)c1ncn2-c3cccc(c3C(=O)N(Cc12)C)Cl)(CO)C,0.5984775829031594,0.13930722299999998,0.644312307903973,0.917206816,penetrating,equivocal,0.045834725000813537,0.777899593,non-penetrating,penetrating,non-penetrating,non-penetrating
CN1Cc2c(ncn2-c2c(C1=O)c(Cl)ccc2)c1noc(n1)C(O)(C)C,0.7413559090126833,0.18691953099999997,0.7683864431047552,0.9416028160000001,penetrating,equivocal,0.0270305340920719,0.754683285,non-penetrating,penetrating,non-penetrating,penetrating
NN[C@](C(=O)O)(Cc1ccc(c(c1)O)O)C,0.9633821855446565,0.5676654680000001,0.9785381460904836,0.9873537693279999,penetrating,penetrating,0.01515596054582713,0.41968830132799984,non-penetrating,penetrating,penetrating,non-penetrating
NCCc1ccc(c(c1)O)O,0.9774748019254219,0.6690772119999999,0.985809096413883,0.9902863887760001,penetrating,penetrating,0.008334294488461125,0.32120917677600014,non-penetrating,penetrating,penetrating,penetrating
OC(=O)[C@H](Cc1ccc(c(c1)O)O)N,0.9066442571208945,0.29006946800000005,0.9345576242417469,0.9790625319999999,penetrating,equivocal,0.02791336712085246,0.6889930639999999,penetrating,penetrating,penetrating,non-penetrating
O[C@@H](c1cc(nc2c1cccc2C(F)(F)F)C(F)(F)F)[C@H]1CCCCN1,0.9852984208575158,0.7904272119999999,0.9924096621234946,0.993910870576,penetrating,penetrating,0.007111241265978729,0.20348365857600015,penetrating,penetrating,penetrating,penetrating
CN1CCN(CC1)c1c(F)c(C(=O)O)c2c3c1OC[C@H](n3ccc2=O)C,0.6958033700727105,0.314694751,0.7523429513041949,0.8879908080000001,penetrating,equivocal,0.05653958123148439,0.5732960570000001,penetrating,non-penetrating,penetrating,penetrating
Cc1ccc2c(c1)N(C)[C@@H](CNC(=O)c1ccc(cc1)C)CN=C2c1ccc(cc1)F,0.9799242197643822,0.7030552119999999,0.9878756008713061,0.99130124368,penetrating,penetrating,0.00795138110692395,0.2882460316800002,penetrating,penetrating,penetrating,penetrating
OCC(=O)[C@H]1CC[C@@H]2[C@]1(C=O)C[C@H](O)[C@H]1[C@H]2CCC2=CC(=O)CC[C@]12C,0.4984489139618443,0.210549885,0.5932163269775905,0.828170444,equivocal,equivocal,0.0947674130157462,0.6176205589999999,non-penetrating,non-penetrating,penetrating,non-penetrating
CN1CCc2c3[C@@H]1Cc1ccc(c(c1-c3ccc2)O)O,0.9821584506119341,0.7370332119999999,0.9897605581586827,0.992316098584,penetrating,penetrating,0.0076021075467486154,0.2552828865840001,penetrating,penetrating,penetrating,penetrating
COc1ccc(cc1)CCN1CCC(CC1)Nc1nc2c(n1Cc1ccc(cc1)F)cccc2,0.8346818900771507,0.23705649699999995,0.8586785990453549,0.9598635640000001,penetrating,equivocal,0.023996708968204272,0.7228070670000001,non-penetrating,penetrating,non-penetrating,penetrating
O=C(N1CCCC[C@H]1CN1CCCC1)Cc1ccc(c(c1)Cl)Cl,0.9901843861798518,0.8899342119999999,0.9965318126838529,0.996882945652,penetrating,penetrating,0.006347426504001108,0.10694873365200008,penetrating,penetrating,penetrating,penetrating
O=C(N1CCc2c([C@H]1CN1CCCC1)cccc2)Cc1ccc(c(c1)Cl)Cl,0.994295212,0.9942952120000003,1.0,1.0,penetrating,penetrating,0.005704787999999961,0.005704787999999739,penetrating,penetrating,penetrating,penetrating
O=C(N1CCc2c([C@H]1CN1CCCC1)ccs2)Cc1ccc(c(c1)Cl)Cl,0.994295212,0.9942952120000003,1.0,1.0,penetrating,penetrating,0.005704787999999961,0.005704787999999739,penetrating,penetrating,penetrating,penetrating
O=C(N1CCc2c([C@H]1CN1CCCC1)nc[nH]2)Cc1ccc(c(c1)Cl)Cl,0.8162393884500276,0.22616816599999998,0.8408356231252768,0.955897846,penetrating,equivocal,0.024596234675249184,0.72972968,non-penetrating,penetrating,non-penetrating,penetrating
O=C(N1CCC(C[C@@H]1CN1CCCC1)(C)C)Cc1ccc(c(c1)Cl)Cl,0.8849826098859203,0.26972148999999995,0.9073441516074061,0.9717607180000001,penetrating,equivocal,0.022361541721485856,0.7020392280000001,penetrating,penetrating,non-penetrating,penetrating
OC(=O)C(c1ccc(cc1)C(=O)CCCN1CCC(CC1)OC(c1ccccc1)c1ccccc1)(C)C,0.5195726783693733,0.111880598,0.5691190554861922,0.9072175659999999,penetrating,equivocal,0.049546377116818974,0.795336968,non-penetrating,penetrating,non-penetrating,non-penetrating
OC(=O)COCCN1CCN(CC1)[C@@H](c1ccc(cc1)Cl)c1ccccc1,0.98629947334202,0.8090342119999998,0.9932542217524961,0.994466624452,penetrating,penetrating,0.006954748410476164,0.18543241245200015,non-penetrating,penetrating,penetrating,penetrating
Fc1cc2c(cc1N1CCNCC1)n(cc(c2=O)C(=O)O)C1CC1,0.017507467039552575,0.016033166148999994,0.06972789784096735,0.1480659569999999,non-penetrating,non-penetrating,0.05222043080141477,0.1320327908509999,non-penetrating,non-penetrating,non-penetrating,non-penetrating
OCC(=O)[C@H]1CC[C@@H]2[C@]1(C)C[C@@H](O)[C@H]1[C@H]2CCC2=CC(=O)CC[C@]12C,0.6350112695853187,0.153569068,0.6791274659815986,0.9224012260000001,penetrating,equivocal,0.04411619639627984,0.768832158,non-penetrating,penetrating,non-penetrating,non-penetrating
OCC(=O)[C@@]1(O)CC[C@@H]2[C@]1(C)C[C@H](O)[C@H]1[C@H]2CCC2=CC(=O)CC[C@]12C,0.03536331411165785,0.029823931437999995,0.09206872378090425,0.23428895700000002,non-penetrating,non-penetrating,0.0567054096692464,0.20446502556200002,non-penetrating,non-penetrating,non-penetrating,non-penetrating
OCCn1ccc(=O)c(c1CC)O,0.8270723052726225,0.23249859099999998,0.8513163853297654,0.9582034959999999,penetrating,equivocal,0.024244080057142847,0.725704905,non-penetrating,penetrating,non-penetrating,penetrating
OCCCCn1ccc(=O)c(c1CC)O,0.8032721860740452,0.21882487299999995,0.8282899563592694,0.953223292,penetrating,equivocal,0.025017770285224228,0.734398419,non-penetrating,penetrating,non-penetrating,penetrating
Cn1ccc(=O)c(c1C)O,0.9854315402948459,0.792854212,0.9925219712225125,0.9939833602120001,penetrating,penetrating,0.007090430927666591,0.20112914821200012,penetrating,penetrating,penetrating,penetrating
CCn1ccc(=O)c(c1C)O,0.8816967681903415,0.2674425369999999,0.904165125494963,0.970930684,penetrating,equivocal,0.02246835730462149,0.7034881470000001,penetrating,penetrating,non-penetrating,penetrating
Cc1c(O)c(=O)ccn1CCCC,0.9921095873344663,0.936047212,0.9981560503717501,0.998260248736,penetrating,penetrating,0.006046463037283845,0.062213036736000094,penetrating,penetrating,penetrating,penetrating
Cc1c(O)c(=O)ccn1CCCCCC,0.9142079109585665,0.2909917179999999,0.9356194015620732,0.979507702,penetrating,equivocal,0.021411490603506778,0.6885159840000001,penetrating,penetrating,non-penetrating,penetrating
Cc1c(O)c(=O)ccn1CCCCC,0.9926176097256414,0.948991212,0.9985846544747887,0.9986468601280001,penetrating,penetrating,0.005967044749147332,0.04965564812800005,penetrating,penetrating,penetrating,penetrating
Cc1c(O)c(=O)ccn1CCCO,0.9804745993421473,0.711145212,0.9883399405330149,0.9915428758,penetrating,penetrating,0.00786534119086757,0.2803976638,non-penetrating,penetrating,penetrating,penetrating
CCc1c(O)c(=O)ccn1CC,0.9790181202797117,0.6901112119999999,0.9871111503989706,0.990914632288,penetrating,penetrating,0.008093030119258882,0.3008034202880001,penetrating,penetrating,penetrating,penetrating
Oc1ccc2c(c1)[C@]1(C)CCN([C@H](C2)[C@H]1C)CC1CC1,0.9934152776703068,0.9700252119999998,0.9992576243278597,0.99927510364,penetrating,penetrating,0.005842346657552899,0.029249891640000247,penetrating,penetrating,penetrating,penetrating
CN1CCN(CC1)c1cc2c(cc1F)c(=O)c(cn2c1ccc(cc1)F)C(=O)O,0.5976247320919291,0.26965469999999997,0.6863431824664176,0.858474674,penetrating,equivocal,0.08871845037448844,0.588819974,non-penetrating,non-penetrating,penetrating,non-penetrating
CN(CCOC(c1ccccc1)c1ccccc1)C,0.9908470672637557,0.9053052119999999,0.9970908979456468,0.99734204668,penetrating,penetrating,0.006243830681891049,0.09203683468000012,penetrating,penetrating,penetrating,penetrating
CN(CCO[C@](c1ccccn1)(c1ccccc1)C)C,0.9915547837745017,0.9222942120000001,0.9976879783215573,0.9978494741320001,penetrating,penetrating,0.0061331945470556315,0.07555526213200003,penetrating,penetrating,penetrating,penetrating
O[C@@H]1CCN(C1)C[C@H](N(C(=O)Cc1ccccc1N)C)c1ccccc1,0.7884377891405516,0.21072192899999995,0.8139377934789402,0.95027206,penetrating,equivocal,0.025500004338388615,0.739550131,non-penetrating,penetrating,non-penetrating,penetrating
CCn1cc(C(=O)O)c(=O)c2c1nc(N1CCNCC1)c(c2)F,0.5212238126361309,0.223445481,0.6146021318804651,0.8347822759999999,penetrating,equivocal,0.09337831924433415,0.6113367949999999,non-penetrating,non-penetrating,penetrating,non-penetrating
Oc1ccc2c(c1)CC[C@@H]1[C@@H]2CC[C@]2([C@H]1CC[C@@H]2O)C,0.986085619194396,0.8049892120000001,0.9930737990650012,0.994345808392,penetrating,penetrating,0.006988179870605182,0.18935659639199998,penetrating,penetrating,penetrating,penetrating
FCCn1cc(C(=O)O)c(=O)c2c1c(F)c(N1CCN(CC1)C)c(c2)F,0.04766407736113593,0.03812081462,0.10745915637002929,0.28616295699999994,non-penetrating,non-penetrating,0.05979507900889335,0.24804214237999994,non-penetrating,non-penetrating,non-penetrating,non-penetrating
OCCN1CCN(CC1)CC/C=C/1\c2ccccc2Sc2c1cc(cc2)C(F)(F)F,0.9897905803864411,0.881035212,0.996199569889464,0.9966171503200001,penetrating,penetrating,0.006408989503022933,0.11558193832000008,penetrating,penetrating,penetrating,penetrating
OC(=O)c1cc(c(cc1NCc1ccco1)Cl)S(=O)(=O)N,0.30088269536895773,0.112758282,0.40770012922623,0.7780307179999999,non-penetrating,equivocal,0.10681743385727227,0.6652724359999999,non-penetrating,non-penetrating,penetrating,non-penetrating
O=C(N1CCN(C[C@@H]1CN1CCCC1)C(=O)C)Cc1ccc(c(c1)Cl)Cl,0.7865431816971985,0.20970906099999997,0.8121047756122083,0.9499031560000002,penetrating,equivocal,0.025561593915009784,0.7401940950000002,penetrating,penetrating,non-penetrating,penetrating
O=C(N1CCc2c([C@H]1CN1CCCC1)cco2)Cc1ccc(c(c1)Cl)Cl,0.994295212,0.9942952120000003,1.0,1.0,penetrating,penetrating,0.005704787999999961,0.005704787999999739,penetrating,penetrating,penetrating,penetrating
COC(=O)N1CCN([C@H](C1)CN1CCCC1)C(=O)Cc1ccc(c(c1)Cl)Cl,0.9919480454763386,0.9320022119999999,0.9980197620812954,0.998139432676,penetrating,penetrating,0.006071716604956756,0.06613722067600014,penetrating,penetrating,penetrating,penetrating
CCOC(=O)N1CCN([C@H](C1)CN1CCCC1)C(=O)Cc1ccc(c(c1)Cl)Cl,0.862854876902009,0.254781687,0.8859357432048722,0.966319384,penetrating,equivocal,0.023080866302863212,0.711537697,penetrating,penetrating,non-penetrating,penetrating
CCCOC(=O)N1CCN([C@H](C1)CN1CCCC1)C(=O)Cc1ccc(c(c1)Cl)Cl,0.992012823875919,0.933620212,0.998074413782344,0.9981877591,penetrating,penetrating,0.0060615899064249135,0.06456754710000001,penetrating,penetrating,penetrating,penetrating
O[C@@H]1CCN(C1)C[C@H]1N(CCc2c1cco2)C(=O)Cc1ccc(c(c1)Cl)Cl,0.9497224674163249,0.46531946800000007,0.9679497875042531,0.9842968989999998,penetrating,equivocal,0.018227320087928156,0.5189774309999997,penetrating,penetrating,penetrating,non-penetrating
O[C@@H]1CCN(C1)C[C@H]1CN(CCN1C(=O)Cc1ccc(c(c1)Cl)Cl)C(=O)C,0.028042096849556556,0.024442169373999997,0.08290858481574778,0.2006409569999999,non-penetrating,non-penetrating,0.05486648796619123,0.1761987876259999,non-penetrating,non-penetrating,non-penetrating,non-penetrating
O[C@@H]1CCN(C1)C[C@H]1CN(CCN1C(=O)Cc1ccc(cc1)C(F)(F)F)C(=O)C,0.03210076772009586,0.02746941053499999,0.08798670063405939,0.21956795699999984,non-penetrating,non-penetrating,0.05588593291396353,0.19209854646499985,non-penetrating,non-penetrating,non-penetrating,non-penetrating
CSc1ccc(cc1)CC(=O)N1CCN(C[C@@H]1CN1CC[C@H](C1)O)C(=O)C,0.0,0.0,0.047822957,0.047822957,non-penetrating,non-penetrating,0.047822957,0.047822957,non-penetrating,non-penetrating,non-penetrating,non-penetrating
O[C@@H]1CCN(C1)C[C@H]1CN(CCN1C(=O)Cc1cc(F)cc(c1)F)C(=O)C,0.026140272769405185,0.022984608814999988,0.0805290661868378,0.19152795699999997,non-penetrating,non-penetrating,0.05438879341743262,0.168543348185,non-penetrating,non-penetrating,non-penetrating,non-penetrating
COc1cccc(c1)CC(=O)N1CCN(C[C@@H]1CN1CC[C@H](C1)O)C(=O)C,0.009289652101474852,0.008857483396999995,0.059445956446822046,0.10320195700000007,non-penetrating,non-penetrating,0.050156304345347194,0.09434447360300008,non-penetrating,non-penetrating,non-penetrating,non-penetrating
O[C@H]1CCN(C1)C[C@H]1CN(CCN1C(=O)Cc1ccc(cc1)N(=O)=O)C(=O)C,0.014477463747490978,0.013454405159999995,0.06593682728172545,0.13194295699999978,non-penetrating,non-penetrating,0.05145936353423447,0.11848855183999979,non-penetrating,non-penetrating,non-penetrating,non-penetrating
COc1ccc(cc1)CC(=O)N1CCN(C[C@@H]1CN1CC[C@H](C1)O)C(=O)C,0.0,0.0,0.047822957,0.047822957,non-penetrating,non-penetrating,0.047822957,0.047822957,non-penetrating,non-penetrating,non-penetrating,non-penetrating
O[C@H]1CCN(C1)C[C@H]1CN(CCN1C(=O)Cc1cccc(c1)N(=O)=O)C(=O)C,0.01565253870199234,0.014463485546999999,0.06740705408860184,0.13825195700000004,non-penetrating,non-penetrating,0.0517545153866095,0.12378847145300004,non-penetrating,non-penetrating,non-penetrating,non-penetrating
O[C@@H]1CCN(C1)C[C@H]1CN(CCN1C(=O)Cc1ccccc1)C(=O)C,0.4008701761298811,0.159325712,0.5015891421638481,0.8019067779999999,equivocal,equivocal,0.10071896603396702,0.6425810659999999,non-penetrating,non-penetrating,penetrating,non-penetrating
O[C@H]1CCN(C1)C[C@H]1CN(CCN1C(=O)Cc1ccc(cc1)[S@](=O)C)C(=O)C,0.0,0.0,0.047822957,0.047822957,non-penetrating,non-penetrating,0.047822957,0.047822957,non-penetrating,non-penetrating,non-penetrating,non-penetrating
O[C@H]1CCN(C1)C[C@H]1CN(CCN1C(=O)Cc1ccc(cc1)S(=O)(=O)C)C(=O)C,0.0,0.0,0.047822957,0.047822957,non-penetrating,non-penetrating,0.047822957,0.047822957,non-penetrating,non-penetrating,non-penetrating,non-penetrating
CC([C@@H](N(C(=O)Cc1ccc(c(c1)Cl)Cl)C)CN1CCCC1)C,0.9266284544404925,0.30061396399999996,0.9476361801284017,0.9830122900000002,penetrating,equivocal,0.021007725687909207,0.6823983260000003,penetrating,penetrating,non-penetrating,penetrating
O=C(N([C@H](c1ccccc1)CN1CCCC1)C)Cc1ccc(c(c1)Cl)Cl,0.8809623135988264,0.266936103,0.9034545464284267,0.9707462320000002,penetrating,equivocal,0.022492232829600334,0.7038101290000003,penetrating,penetrating,non-penetrating,penetrating
Cc1onc(c1)NC(=O)C1=C(O)c2ccccc2S(=O)(=O)N1C,0.033487383331499115,0.028478490922,0.08972160225451256,0.2258769570000002,non-penetrating,non-penetrating,0.056234218923013446,0.1973984660780002,non-penetrating,non-penetrating,non-penetrating,non-penetrating
C=CCN1CC[C@@]23[C@@H]([C@H]1Cc1c3cc(cc1)O)CCCC2,0.9272692039948223,0.30112039799999996,0.9482561003051684,0.9831967419999998,penetrating,equivocal,0.020986896310346115,0.682076344,penetrating,penetrating,non-penetrating,penetrating
CCn1cc(C(=O)O)c(=O)c2c1c(F)c(N1CCN[C@@H](C1)C)c(c2)F,0.4749861853872547,0.19765428899999998,0.5711846445116753,0.821558612,equivocal,equivocal,0.0961984591244206,0.6239043230000001,non-penetrating,non-penetrating,penetrating,non-penetrating
Clc1ccc(cc1)C1(O)CCN(CC1)CCC(C(=O)N(C)C)(c1ccccc1)c1ccccc1,0.9808528312549014,0.716808212,0.9886590440853831,0.991712018284,penetrating,penetrating,0.0078062128304816625,0.274903806284,non-penetrating,penetrating,penetrating,penetrating
CCOC(=O)N1CC/C(=C/2\c3ccc(cc3CCc3c2nccc3)Cl)/CC1,0.8791193299694217,0.26567001799999995,0.901671474197477,0.9702851020000001,penetrating,equivocal,0.022552144228055293,0.7046150840000001,non-penetrating,penetrating,non-penetrating,penetrating
Cc1cnc(s1)NC(=O)C1=C(O)c2ccccc2S(=O)(=O)N1C,0.024413901783462384,0.021639168299000006,0.0783690704415249,0.18311595700000008,non-penetrating,non-penetrating,0.05395516865806252,0.16147678870100007,non-penetrating,non-penetrating,non-penetrating,non-penetrating
C=CCN1CC[C@]23[C@H]4[C@@H]1Cc1c3c(O[C@@H]2[C@H](C=C4)O)c(cc1)O,0.8780088195500814,0.264910367,0.9005970640620242,0.970008424,penetrating,equivocal,0.022588244511942857,0.7050980570000001,penetrating,penetrating,non-penetrating,penetrating
O=C1CC[C@]2([C@]34[C@@H]1Oc1c4c(C[C@@H]2N(CC3)CC2CC2)ccc1O)O,0.9870115171546434,0.8227872119999998,0.9938549529504414,0.994877399056,penetrating,penetrating,0.006843435795797936,0.1720901870560002,penetrating,penetrating,penetrating,penetrating
CCn1cc(C(=O)O)c(=O)c2c1cc(N1CCNCC1)c(c2)F,0.30088269536895773,0.112758282,0.40770012922623,0.7780307179999999,non-penetrating,equivocal,0.10681743385727227,0.6652724359999999,non-penetrating,non-penetrating,penetrating,non-penetrating
CCn1cc(C(=O)O)c(=O)c2c1cc(N1CCN(CC1)C)c(c2)F,0.0421841189466218,0.034532973243999995,0.10060275820519453,0.2637309569999998,non-penetrating,non-penetrating,0.05841863925857273,0.2291979837559998,non-penetrating,non-penetrating,non-penetrating,non-penetrating
OCCN1CCN(CC1)CCCN1c2ccccc2Sc2c1cc(Cl)cc2,0.9879393601335996,0.8413942119999999,0.9946377477930786,0.995433152932,penetrating,penetrating,0.006698387659478944,0.1540389409320001,penetrating,penetrating,penetrating,penetrating
O=C(C1=C(O)c2ccccc2S(=O)(=O)N1C)Nc1ccccn1,0.42234393665049114,0.17007204200000003,0.5217531683398812,0.8074166379999999,equivocal,equivocal,0.09940923168939003,0.6373445959999998,non-penetrating,non-penetrating,penetrating,non-penetrating
O=C1CC[C@]2(C(=C1)CC[C@@H]1[C@@H]2CC[C@]2([C@H]1CC[C@@H]2C(=O)C)C)C,0.7316808831216642,0.33991209,0.786724967899208,0.900920246,penetrating,equivocal,0.055044084777543745,0.561008156,penetrating,non-penetrating,penetrating,penetrating
Oc1ccc2c(c1)c(CCCCN1CCC(=CC1)c1ccccc1)c[nH]2,0.98286020537949,0.7483592119999999,0.9903526087807145,0.9926543835520001,penetrating,penetrating,0.007492403401224479,0.2442951715520002,penetrating,penetrating,penetrating,penetrating
CCCNC(=O)c1ccc2c(c1)N([C@H](CN1CCCC1)C)c1c(S2)cccc1,0.9931124597203892,0.961935212,0.999002145400035,0.99903347152,penetrating,penetrating,0.005889685679645762,0.03709825952000001,penetrating,penetrating,penetrating,penetrating
CN1CCN(CC1)c1c(F)cc2c3c1SCCn3cc(c2=O)C(=O)O,0.46365847834168994,0.19156470199999998,0.5605478405312091,0.8184363579999999,equivocal,equivocal,0.09688936218951916,0.6268716559999999,non-penetrating,non-penetrating,penetrating,non-penetrating
OCc1cc(ccc1O)[C@@H](CNC(C)(C)C)O,0.7954619815405215,0.21452018399999995,0.8207336446267224,0.95165545,penetrating,equivocal,0.02527166308620088,0.737135266,non-penetrating,penetrating,non-penetrating,penetrating
CN1CCN([C@H](C1)CN1CCCC1)C(=O)Cc1ccc(c(c1)Cl)Cl,0.9880967239216598,0.844630212,0.9947705111641503,0.99552980578,penetrating,penetrating,0.006673787242490459,0.15089959378000006,penetrating,penetrating,penetrating,penetrating
O=C(N1CCn2c([C@H]1CN1CCCC1)ncc2)Cc1ccc(c(c1)Cl)Cl,0.9793616656709384,0.694965212,0.9874009899155304,0.9910596115600001,penetrating,penetrating,0.008039324244591972,0.29609439956000005,penetrating,penetrating,penetrating,penetrating
O=C1NC(=O)[C@]2(N1)CCN([C@H](C2)CN1CCCC1)C(=O)Cc1ccc(c(c1)Cl)Cl,0.966710104740909,0.599210468,0.981117789496363,0.988295955388,penetrating,penetrating,0.014407684755453953,0.389085487388,non-penetrating,penetrating,penetrating,non-penetrating
O=C1NC(=O)[C@@]2(N1)CCN([C@H](C2)CN1CCCC1)C(=O)Cc1ccc(c(c1)Cl)Cl,0.971942124653847,0.6027392119999999,0.981141333298364,0.9883050053920001,penetrating,penetrating,0.009199208644516954,0.38556579339200014,non-penetrating,penetrating,penetrating,penetrating
O[C@@H]1CCN(C1)C[C@H]1N(CCn2c1ncc2)C(=O)Cc1ccc(c(c1)Cl)Cl,0.959948362389756,0.538223468,0.975876411013361,0.9864743956719999,penetrating,penetrating,0.015928048623604973,0.4482509276719999,non-penetrating,penetrating,penetrating,non-penetrating
O=C(N1CCn2c([C@H]1CN1CCCC1)ncn2)Cc1ccc(c(c1)Cl)Cl,0.9926176097256414,0.948991212,0.9985846544747887,0.9986468601280001,penetrating,penetrating,0.005967044749147332,0.04965564812800005,penetrating,penetrating,penetrating,penetrating
OCCN1CCN([C@H](C1)CN1CC[C@H](C1)O)C(=O)Cc1ccc(c(c1)Cl)Cl,0.9491559375820223,0.4618144680000001,0.967510640738629,0.9841922116599999,penetrating,equivocal,0.0183547031566067,0.5223777436599999,non-penetrating,penetrating,penetrating,non-penetrating
O[C@@H]1CCN(C1)C[C@H]1N(CCc2c1nc[nH]2)C(=O)Cc1ccc(c(c1)Cl)Cl,0.5283692284079633,0.11473296699999999,0.5775018196675255,0.908256448,penetrating,equivocal,0.04913259125956215,0.793523481,non-penetrating,penetrating,non-penetrating,non-penetrating
CC[C@@H](c1ccccc1)NC(=O)c1c(O)c(nc2c1cccc2)c1ccccc1,0.056763244100606874,0.04372681676999998,0.11884382490488452,0.32121295699999997,non-penetrating,non-penetrating,0.06208058080427764,0.27748614022999996,penetrating,non-penetrating,non-penetrating,non-penetrating
CC[C@@H](c1ccccc1)NC(=O)c1c(OCCCN(C)C)c(nc2c1cccc2)c1ccccc1,0.6739024662326996,0.170025043,0.7161892377892546,0.9283947760000002,penetrating,equivocal,0.042286771556555025,0.7583697330000002,penetrating,penetrating,non-penetrating,non-penetrating
CC[C@@H](c1ccccc1)NC(=O)c1c(OCC(=O)O)c(nc2c1cccc2)c1ccccc1,0.04002928325206373,0.033075412684999986,0.0979066772527265,0.2546179569999998,non-penetrating,non-penetrating,0.057877394000662774,0.2215425443149998,non-penetrating,non-penetrating,non-penetrating,non-penetrating
CC[C@@H](c1ccccc1)NC(=O)c1c(OCCCC(=O)O)c(nc2c1cccc2)c1ccccc1,0.03240741813319961,0.027693650620999988,0.08837037459116127,0.220969957,non-penetrating,non-penetrating,0.05596295645796166,0.193276306379,non-penetrating,non-penetrating,non-penetrating,non-penetrating
CC[C@@H](c1ccccc1)NC(=O)c1c(OCCNC(=O)Cc2ccccc2C(=O)O)c(nc2c1cccc2)c1ccccc1,0.013444147590135425,0.012557444815999998,0.06464396582748122,0.12633495699999994,non-penetrating,non-penetrating,0.0511998182373458,0.11377751218399995,non-penetrating,non-penetrating,non-penetrating,non-penetrating
CC[C@@H](c1ccccc1)NC(=O)c1c(OCCNC(=O)Cc2ccccn2)c(nc2c1cccc2)c1ccccc1,0.014347726667927574,0.013342285116999995,0.06577450322614987,0.13124195700000016,non-penetrating,non-penetrating,0.0514267765582223,0.11789967188300016,non-penetrating,non-penetrating,non-penetrating,non-penetrating
CC[C@@H](c1ccccc1)NC(=O)c1c(OCCNC(=O)[C@@H]2CCCN2)c(nc2c1cccc2)c1ccccc1,0.034891390346546376,0.029487571308999996,0.09147826359995062,0.23218595699999978,non-penetrating,non-penetrating,0.056586873253404245,0.2026983856909998,non-penetrating,non-penetrating,non-penetrating,non-penetrating
CC[C@@H](c1ccccc1)NC(=O)c1c(Cn2ccnc2)c(nc2c1cccc2)c1ccccc1,0.07458905126384026,0.05359338055399998,0.14114706560046708,0.3829009570000002,non-penetrating,non-penetrating,0.06655801433662682,0.3293075764460002,non-penetrating,non-penetrating,non-penetrating,non-penetrating
C[C@@H]1N[C@H](C)CN(C1)c1c(F)c(N)c2c(c1F)n(cc(c2=O)C(=O)O)C1CC1,0.5671773853145466,0.250669517,0.6577528898243509,0.8487405880000001,penetrating,equivocal,0.09057550450980423,0.5980710710000001,non-penetrating,non-penetrating,penetrating,non-penetrating
CSCc1cnc(c(c1CNCC)O)C,0.9740254026391679,0.626200212,0.9828989359312185,0.9890057385400003,penetrating,penetrating,0.00887353329205054,0.3628055265400003,penetrating,penetrating,penetrating,penetrating
O=C(C1=C(O)c2sccc2S(=O)(=O)N1C)Nc1ccccn1,0.478287183038315,0.19944534399999997,0.5742843066774669,0.8224769219999999,equivocal,equivocal,0.09599712363915186,0.623031578,non-penetrating,non-penetrating,penetrating,non-penetrating
O[C@@H](c1ccc(cc1)C(C)(C)C)CCCN1CCC(CC1)C(c1ccccc1)(c1ccccc1)O,0.6134273743431153,0.14501196099999997,0.6585588677088384,0.91928458,penetrating,equivocal,0.045131493365723085,0.774272619,non-penetrating,penetrating,non-penetrating,non-penetrating
O=C1CC[C@]2(C(=C1)CC[C@@H]1[C@@H]2CC[C@]2([C@H]1CC[C@@H]2O)C)C,0.19632442148983142,0.096657233589,0.2583739620576367,0.6348721129999998,non-penetrating,equivocal,0.06204954056780526,0.5382148794109998,penetrating,non-penetrating,non-penetrating,penetrating
O=C(N([C@H]1CCCC[C@H]1N1CCCC1)C)Cc1ccc(c(c1)Cl)Cl,0.8950083454424388,0.2768115659999999,0.9170439722571678,0.974343046,penetrating,equivocal,0.022035626814729037,0.6975314800000001,penetrating,penetrating,non-penetrating,penetrating
